recorded_at,product_id,selling_price,local_unit_cost,supplier_base_price,currency
2024-01-01T00:00:00Z,P001,31.43,16.99,16.99,EUR
2024-01-01T00:00:00Z,P002,41.18,21.12,21.12,EUR
2024-01-01T00:00:00Z,P003,52.89,25.80,25.80,EUR
2024-01-01T00:00:00Z,P004,54.72,31.27,31.27,EUR
2024-01-01T00:00:00Z,P005,65.80,35.57,35.57,EUR
2024-01-01T00:00:00Z,P006,73.77,37.83,37.83,EUR
2024-01-01T00:00:00Z,P007,95.00,46.34,46.34,EUR
2024-01-01T00:00:00Z,P008,86.94,49.68,49.68,EUR
2024-01-01T00:00:00Z,P009,99.55,53.81,53.81,USD
2024-01-01T00:00:00Z,P010,115.58,59.27,59.27,EUR
2024-01-01T00:00:00Z,P011,133.23,64.99,64.99,EUR
2024-01-01T00:00:00Z,P012,120.31,68.75,68.75,EUR
2024-01-01T00:00:00Z,P013,137.92,74.55,74.55,EUR
2024-01-01T00:00:00Z,P014,149.66,76.75,76.75,EUR
2024-01-01T00:00:00Z,P015,165.41,80.69,80.69,EUR
2024-01-01T00:00:00Z,P016,154.11,88.06,88.06,EUR
2024-01-01T00:00:00Z,P017,169.20,91.46,91.46,JPY
2024-01-01T00:00:00Z,P018,183.26,93.98,93.98,EUR
2024-01-01T00:00:00Z,P019,202.03,98.55,98.55,EUR
2024-01-01T00:00:00Z,P020,181.79,103.88,103.88,USD
2024-01-01T00:00:00Z,P021,199.50,107.84,107.84,EUR
2024-01-01T00:00:00Z,P022,227.14,116.48,116.48,EUR
2024-01-01T00:00:00Z,P023,246.00,120.00,120.00,EUR
2024-01-01T00:00:00Z,P024,218.29,124.74,124.74,EUR
2024-01-01T00:00:00Z,P025,242.15,130.89,130.89,EUR
2024-01-01T00:00:00Z,P026,260.31,133.49,133.49,EUR
2024-01-01T00:00:00Z,P027,283.29,138.19,138.19,EUR
2024-01-01T00:00:00Z,P028,248.95,142.26,142.26,JPY
2024-01-01T00:00:00Z,P029,24.96,13.49,13.49,EUR
2024-01-01T00:00:00Z,P030,28.76,14.75,14.75,EUR
2024-01-01T00:00:00Z,P031,46.60,22.73,22.73,USD
2024-01-01T00:00:00Z,P032,47.88,27.36,27.36,EUR
2024-01-01T00:00:00Z,P033,56.85,30.73,30.73,EUR
2024-01-01T00:00:00Z,P034,64.06,32.85,32.85,EUR
2024-01-01T00:00:00Z,P035,79.05,38.56,38.56,EUR
2024-01-01T00:00:00Z,P036,73.88,42.22,42.22,EUR
2024-01-01T00:00:00Z,P037,89.15,48.19,48.19,EUR
2024-01-01T00:00:00Z,P038,109.67,56.24,56.24,EUR
2024-01-01T00:00:00Z,P039,120.56,58.81,58.81,JPY
2024-01-01T00:00:00Z,P040,108.05,61.74,61.74,EUR
2024-01-01T00:00:00Z,P041,122.58,66.26,66.26,EUR
2024-01-01T00:00:00Z,P042,138.63,71.09,71.09,USD
2024-01-01T00:00:00Z,P043,153.57,74.91,74.91,EUR
2024-01-01T00:00:00Z,P044,141.01,80.58,80.58,EUR
2024-01-01T00:00:00Z,P045,160.56,86.79,86.79,EUR
2024-01-01T00:00:00Z,P046,175.34,89.92,89.92,EUR
2024-01-01T00:00:00Z,P047,195.28,95.26,95.26,EUR
2024-01-01T00:00:00Z,P048,173.18,98.96,98.96,EUR
2024-01-01T00:00:00Z,P049,197.03,106.50,106.50,EUR
2024-01-01T00:00:00Z,P050,213.80,109.64,109.64,JPY
2024-01-01T00:00:00Z,P051,230.56,112.47,112.47,EUR
2024-01-01T00:00:00Z,P052,208.22,118.98,118.98,EUR
2024-01-01T00:00:00Z,P053,228.96,123.76,123.76,USD
2024-01-01T00:00:00Z,P054,252.15,129.31,129.31,EUR
2024-01-01T00:00:00Z,P055,270.15,131.78,131.78,EUR
2024-01-01T00:00:00Z,P056,240.13,137.22,137.22,EUR
2024-01-01T00:00:00Z,P057,265.46,143.49,143.49,EUR
2024-01-01T00:00:00Z,P058,25.72,13.19,13.19,EUR
2024-01-01T00:00:00Z,P059,30.16,14.71,14.71,EUR
2024-01-01T00:00:00Z,P060,33.43,19.10,19.10,EUR
2024-01-01T00:00:00Z,P061,51.54,27.86,27.86,JPY
2024-01-01T00:00:00Z,P062,55.46,28.44,28.44,EUR
2024-01-01T00:00:00Z,P063,75.89,37.02,37.02,EUR
2024-01-01T00:00:00Z,P064,73.55,42.03,42.03,USD
2024-01-01T00:00:00Z,P065,82.77,44.74,44.74,EUR
2024-01-01T00:00:00Z,P066,97.03,49.76,49.76,EUR
2024-01-01T00:00:00Z,P067,106.89,52.14,52.14,EUR
2024-01-01T00:00:00Z,P068,106.40,60.80,60.80,EUR
2024-01-01T00:00:00Z,P069,117.75,63.65,63.65,EUR
2024-01-01T00:00:00Z,P070,127.76,65.52,65.52,EUR
2024-01-01T00:00:00Z,P071,152.48,74.38,74.38,EUR
2024-01-01T00:00:00Z,P072,131.83,75.33,75.33,JPY
2024-01-01T00:00:00Z,P073,149.28,80.69,80.69,EUR
2024-01-01T00:00:00Z,P074,169.90,87.13,87.13,EUR
2024-01-01T00:00:00Z,P075,184.87,90.18,90.18,USD
2024-01-01T00:00:00Z,P076,170.26,97.29,97.29,EUR
2024-01-01T00:00:00Z,P077,190.86,103.17,103.17,EUR
2024-01-01T00:00:00Z,P078,204.83,105.04,105.04,EUR
2024-01-01T00:00:00Z,P079,224.37,109.45,109.45,EUR
2024-01-01T00:00:00Z,P080,204.77,117.01,117.01,EUR
2024-01-01T00:00:00Z,P081,225.37,121.82,121.82,EUR
2024-01-01T00:00:00Z,P082,244.43,125.35,125.35,EUR
2024-01-01T00:00:00Z,P083,267.75,130.61,130.61,JPY
2024-01-01T00:00:00Z,P084,230.86,131.92,131.92,EUR
2024-01-01T00:00:00Z,P085,253.75,137.16,137.16,EUR
2024-01-01T00:00:00Z,P086,275.09,141.07,141.07,USD
2024-01-01T00:00:00Z,P087,23.76,11.59,11.59,EUR
2024-01-01T00:00:00Z,P088,28.68,16.39,16.39,EUR
2024-01-01T00:00:00Z,P089,35.11,18.98,18.98,EUR
2024-01-01T00:00:00Z,P090,53.43,27.40,27.40,EUR
2024-01-01T00:00:00Z,P091,62.55,30.51,30.51,EUR
2024-01-01T00:00:00Z,P092,61.46,35.12,35.12,EUR
2024-01-01T00:00:00Z,P093,77.94,42.13,42.13,EUR
2024-01-01T00:00:00Z,P094,90.56,46.44,46.44,JPY
2024-01-01T00:00:00Z,P095,104.51,50.98,50.98,EUR
2024-01-01T00:00:00Z,P096,98.14,56.08,56.08,EUR
2024-01-01T00:00:00Z,P097,110.09,59.51,59.51,USD
2024-01-01T00:00:00Z,P098,127.72,65.50,65.50,EUR
2024-01-01T00:00:00Z,P099,143.42,69.96,69.96,EUR
2024-01-01T00:00:00Z,P100,126.65,72.37,72.37,EUR
2024-01-01T00:00:00Z,P101,147.17,79.55,79.55,EUR
2024-01-01T00:00:00Z,P102,161.25,82.69,82.69,EUR
2024-01-01T00:00:00Z,P103,178.90,87.27,87.27,EUR
2024-01-01T00:00:00Z,P104,157.39,89.94,89.94,EUR
2024-01-01T00:00:00Z,P105,173.83,93.96,93.96,JPY
2024-01-01T00:00:00Z,P106,197.83,101.45,101.45,EUR
2024-01-01T00:00:00Z,P107,216.75,105.73,105.73,EUR
2024-01-01T00:00:00Z,P108,194.22,110.98,110.98,USD
2024-01-01T00:00:00Z,P109,216.34,116.94,116.94,EUR
2024-01-01T00:00:00Z,P110,237.51,121.80,121.80,EUR
2024-01-01T00:00:00Z,P111,250.39,122.14,122.14,EUR
2024-01-01T00:00:00Z,P112,222.78,127.30,127.30,EUR
2024-01-01T00:00:00Z,P113,250.75,135.54,135.54,EUR
2024-01-01T00:00:00Z,P114,268.18,137.53,137.53,EUR
2024-01-01T00:00:00Z,P115,295.36,144.08,144.08,EUR
2024-01-01T00:00:00Z,P116,24.19,13.82,13.82,JPY
2024-01-01T00:00:00Z,P117,26.62,14.39,14.39,EUR
2024-01-01T00:00:00Z,P118,43.31,22.21,22.21,EUR
2024-01-01T00:00:00Z,P119,47.58,23.21,23.21,USD
2024-01-01T00:00:00Z,P120,55.18,31.53,31.53,EUR
2024-01-01T00:00:00Z,P121,64.51,34.87,34.87,EUR
2024-01-01T00:00:00Z,P122,73.91,37.90,37.90,EUR
2024-01-01T00:00:00Z,P123,95.98,46.82,46.82,EUR
2024-01-01T00:00:00Z,P124,85.02,48.58,48.58,EUR
2024-01-01T00:00:00Z,P125,95.03,51.37,51.37,EUR
2024-01-01T00:00:00Z,P126,116.63,59.81,59.81,EUR
2024-01-01T00:00:00Z,P127,132.06,64.42,64.42,JPY
2024-01-01T00:00:00Z,P128,121.08,69.19,69.19,EUR
2024-01-01T00:00:00Z,P129,138.45,74.84,74.84,EUR
2024-01-01T00:00:00Z,P130,151.24,77.56,77.56,USD
2024-01-01T00:00:00Z,P131,166.42,81.18,81.18,EUR
2024-01-01T00:00:00Z,P132,148.94,85.11,85.11,EUR
2024-01-01T00:00:00Z,P133,165.30,89.35,89.35,EUR
2024-01-01T00:00:00Z,P134,191.49,98.20,98.20,EUR
2024-01-01T00:00:00Z,P135,211.44,103.14,103.14,EUR
2024-01-01T00:00:00Z,P136,182.46,104.26,104.26,EUR
2024-01-01T00:00:00Z,P137,203.96,110.25,110.25,EUR
2024-01-01T00:00:00Z,P138,223.41,114.57,114.57,JPY
2024-01-01T00:00:00Z,P139,247.66,120.81,120.81,EUR
2024-01-01T00:00:00Z,P140,220.75,126.14,126.14,EUR
2024-01-01T00:00:00Z,P141,242.92,131.31,131.31,USD
2024-01-01T00:00:00Z,P142,257.69,132.15,132.15,EUR
2024-01-01T00:00:00Z,P143,285.54,139.29,139.29,EUR
2024-01-01T00:00:00Z,P144,250.34,143.05,143.05,EUR
2024-01-01T00:00:00Z,P145,22.24,12.02,12.02,EUR
2024-01-01T00:00:00Z,P146,32.12,16.47,16.47,EUR
2024-01-01T00:00:00Z,P147,40.84,19.92,19.92,EUR
2024-01-01T00:00:00Z,P148,43.37,24.78,24.78,EUR
2024-01-01T00:00:00Z,P149,58.92,31.85,31.85,JPY
2024-01-01T00:00:00Z,P150,68.37,35.06,35.06,EUR
2024-01-01T00:00:00Z,P151,83.07,40.52,40.52,EUR
2024-01-01T00:00:00Z,P152,78.64,44.94,44.94,USD
2024-01-01T00:00:00Z,P153,87.32,47.20,47.20,EUR
2024-01-01T00:00:00Z,P154,105.92,54.32,54.32,EUR
2024-01-01T00:00:00Z,P155,119.41,58.25,58.25,EUR
2024-01-01T00:00:00Z,P156,106.84,61.05,61.05,EUR
2024-01-01T00:00:00Z,P157,125.30,67.73,67.73,EUR
2024-01-01T00:00:00Z,P158,145.41,74.57,74.57,EUR
2024-01-01T00:00:00Z,P159,159.04,77.58,77.58,EUR
2024-01-01T00:00:00Z,P160,146.04,83.45,83.45,JPY
2024-01-01T00:00:00Z,P161,160.19,86.59,86.59,EUR
2024-01-01T00:00:00Z,P162,182.64,93.66,93.66,EUR
2024-01-01T00:00:00Z,P163,193.83,94.55,94.55,USD
2024-01-01T00:00:00Z,P164,177.29,101.31,101.31,EUR
2024-01-01T00:00:00Z,P165,194.58,105.18,105.18,EUR
2024-01-01T00:00:00Z,P166,216.96,111.26,111.26,EUR
2024-01-01T00:00:00Z,P167,238.95,116.56,116.56,EUR
2024-01-01T00:00:00Z,P168,206.15,117.80,117.80,EUR
2024-01-01T00:00:00Z,P169,225.57,121.93,121.93,EUR
2024-01-01T00:00:00Z,P170,248.47,127.42,127.42,EUR
2024-01-01T00:00:00Z,P171,276.59,134.92,134.92,JPY
2024-01-01T00:00:00Z,P172,239.44,136.82,136.82,EUR
2024-01-01T00:00:00Z,P173,267.62,144.66,144.66,EUR
2024-01-01T00:00:00Z,P174,25.14,12.89,12.89,USD
2024-01-01T00:00:00Z,P175,34.56,16.86,16.86,EUR
2024-01-01T00:00:00Z,P176,40.53,23.16,23.16,EUR
2024-01-01T00:00:00Z,P177,49.93,26.99,26.99,EUR
2024-01-01T00:00:00Z,P178,58.48,29.99,29.99,EUR
2024-01-01T00:00:00Z,P179,69.68,33.99,33.99,EUR
2024-01-01T00:00:00Z,P180,72.36,41.35,41.35,EUR
2024-01-01T00:00:00Z,P181,80.36,43.44,43.44,EUR
2024-01-01T00:00:00Z,P182,94.48,48.45,48.45,JPY
2024-01-01T00:00:00Z,P183,110.06,53.69,53.69,EUR
2024-01-01T00:00:00Z,P184,106.07,60.61,60.61,EUR
2024-01-01T00:00:00Z,P185,115.20,62.27,62.27,USD
2024-01-01T00:00:00Z,P186,132.37,67.88,67.88,EUR
2024-01-01T00:00:00Z,P187,145.26,70.86,70.86,EUR
2024-01-01T00:00:00Z,P188,139.49,79.71,79.71,EUR
2024-01-01T00:00:00Z,P189,151.63,81.96,81.96,EUR
2024-01-01T00:00:00Z,P190,170.70,87.54,87.54,EUR
2024-01-01T00:00:00Z,P191,182.86,89.20,89.20,EUR
2024-01-01T00:00:00Z,P192,163.89,93.65,93.65,EUR
2024-01-01T00:00:00Z,P193,185.56,100.30,100.30,JPY
2024-01-01T00:00:00Z,P194,203.23,104.22,104.22,EUR
2024-01-01T00:00:00Z,P195,227.32,110.89,110.89,EUR
2024-01-01T00:00:00Z,P196,204.37,116.78,116.78,USD
2024-01-01T00:00:00Z,P197,225.83,122.07,122.07,EUR
2024-01-01T00:00:00Z,P198,238.58,122.35,122.35,EUR
2024-01-01T00:00:00Z,P199,264.90,129.22,129.22,EUR
2024-01-01T00:00:00Z,P200,233.73,133.56,133.56,EUR
2024-01-01T00:00:00Z,P201,254.58,137.61,137.61,EUR
2024-01-01T00:00:00Z,P202,281.21,144.21,144.21,EUR
2024-01-01T00:00:00Z,P203,27.53,13.43,13.43,EUR
2024-01-01T00:00:00Z,P204,31.20,17.83,17.83,JPY
2024-01-01T00:00:00Z,P205,34.50,18.65,18.65,EUR
2024-01-01T00:00:00Z,P206,53.66,27.52,27.52,EUR
2024-01-01T00:00:00Z,P207,62.46,30.47,30.47,USD
2024-01-01T00:00:00Z,P208,63.09,36.05,36.05,EUR
2024-01-01T00:00:00Z,P209,73.09,39.51,39.51,EUR
2024-01-01T00:00:00Z,P210,82.25,42.18,42.18,EUR
2024-01-01T00:00:00Z,P211,102.85,50.17,50.17,EUR
2024-01-01T00:00:00Z,P212,96.69,55.25,55.25,EUR
2024-01-01T00:00:00Z,P213,111.07,60.04,60.04,EUR
2024-01-01T00:00:00Z,P214,118.64,60.84,60.84,EUR
2024-01-01T00:00:00Z,P215,138.54,67.58,67.58,JPY
2024-01-01T00:00:00Z,P216,129.83,74.19,74.19,EUR
2024-01-01T00:00:00Z,P217,142.14,76.83,76.83,EUR
2024-01-01T00:00:00Z,P218,160.93,82.53,82.53,USD
2024-01-01T00:00:00Z,P219,179.07,87.35,87.35,EUR
2024-01-01T00:00:00Z,P220,162.37,92.78,92.78,EUR
2024-01-01T00:00:00Z,P221,174.07,94.09,94.09,EUR
2024-01-01T00:00:00Z,P222,200.95,103.05,103.05,EUR
2024-01-01T00:00:00Z,P223,211.76,103.30,103.30,EUR
2024-01-01T00:00:00Z,P224,190.21,108.69,108.69,EUR
2024-01-01T00:00:00Z,P225,215.01,116.22,116.22,EUR
2024-01-01T00:00:00Z,P226,231.47,118.70,118.70,JPY
2024-01-01T00:00:00Z,P227,254.79,124.29,124.29,EUR
2024-01-01T00:00:00Z,P228,225.45,128.83,128.83,EUR
2024-01-01T00:00:00Z,P229,251.56,135.98,135.98,USD
2024-01-01T00:00:00Z,P230,274.11,140.57,140.57,EUR
2024-01-01T00:00:00Z,P231,296.84,144.80,144.80,EUR
2024-01-01T00:00:00Z,P232,21.63,12.36,12.36,EUR
2024-01-01T00:00:00Z,P233,29.06,15.71,15.71,EUR
2024-01-01T00:00:00Z,P234,42.49,21.79,21.79,EUR
2024-01-01T00:00:00Z,P235,54.71,26.69,26.69,EUR
2024-01-01T00:00:00Z,P236,50.40,28.80,28.80,EUR
2024-01-01T00:00:00Z,P237,61.51,33.25,33.25,JPY
2024-01-01T00:00:00Z,P238,77.24,39.61,39.61,EUR
2024-01-01T00:00:00Z,P239,86.12,42.01,42.01,EUR
2024-01-01T00:00:00Z,P240,84.16,48.09,48.09,USD
2024-02-01T00:00:00Z,P001,31.43,16.99,16.99,EUR
2024-02-01T00:00:00Z,P002,41.18,21.12,21.12,EUR
2024-02-01T00:00:00Z,P003,52.89,25.80,25.80,EUR
2024-02-01T00:00:00Z,P004,54.72,31.27,31.27,EUR
2024-02-01T00:00:00Z,P005,65.80,35.57,35.57,EUR
2024-02-01T00:00:00Z,P006,73.77,37.83,37.83,EUR
2024-02-01T00:00:00Z,P007,95.00,46.34,46.34,EUR
2024-02-01T00:00:00Z,P008,86.94,49.68,49.68,EUR
2024-02-01T00:00:00Z,P009,99.55,53.81,53.81,USD
2024-02-01T00:00:00Z,P010,115.58,59.27,59.27,EUR
2024-02-01T00:00:00Z,P011,133.23,64.99,64.99,EUR
2024-02-01T00:00:00Z,P012,120.31,68.75,68.75,EUR
2024-02-01T00:00:00Z,P013,137.92,74.55,74.55,EUR
2024-02-01T00:00:00Z,P014,149.66,76.75,76.75,EUR
2024-02-01T00:00:00Z,P015,165.41,80.69,80.69,EUR
2024-02-01T00:00:00Z,P016,154.11,88.06,88.06,EUR
2024-02-01T00:00:00Z,P017,169.20,91.46,91.46,JPY
2024-02-01T00:00:00Z,P018,183.26,93.98,93.98,EUR
2024-02-01T00:00:00Z,P019,202.03,98.55,98.55,EUR
2024-02-01T00:00:00Z,P020,181.79,103.88,103.88,USD
2024-02-01T00:00:00Z,P021,199.50,107.84,107.84,EUR
2024-02-01T00:00:00Z,P022,227.14,116.48,116.48,EUR
2024-02-01T00:00:00Z,P023,246.00,120.00,120.00,EUR
2024-02-01T00:00:00Z,P024,218.29,124.74,124.74,EUR
2024-02-01T00:00:00Z,P025,242.15,130.89,130.89,EUR
2024-02-01T00:00:00Z,P026,260.31,133.49,133.49,EUR
2024-02-01T00:00:00Z,P027,283.29,138.19,138.19,EUR
2024-02-01T00:00:00Z,P028,248.95,142.26,142.26,JPY
2024-02-01T00:00:00Z,P029,24.96,13.49,13.49,EUR
2024-02-01T00:00:00Z,P030,28.76,14.75,14.75,EUR
2024-02-01T00:00:00Z,P031,46.60,22.73,22.73,USD
2024-02-01T00:00:00Z,P032,47.88,27.36,27.36,EUR
2024-02-01T00:00:00Z,P033,56.85,30.73,30.73,EUR
2024-02-01T00:00:00Z,P034,64.06,32.85,32.85,EUR
2024-02-01T00:00:00Z,P035,79.05,38.56,38.56,EUR
2024-02-01T00:00:00Z,P036,73.88,42.22,42.22,EUR
2024-02-01T00:00:00Z,P037,89.15,48.19,48.19,EUR
2024-02-01T00:00:00Z,P038,109.67,56.24,56.24,EUR
2024-02-01T00:00:00Z,P039,120.56,58.81,58.81,JPY
2024-02-01T00:00:00Z,P040,108.05,61.74,61.74,EUR
2024-02-01T00:00:00Z,P041,122.58,66.26,66.26,EUR
2024-02-01T00:00:00Z,P042,138.63,71.09,71.09,USD
2024-02-01T00:00:00Z,P043,153.57,74.91,74.91,EUR
2024-02-01T00:00:00Z,P044,141.01,80.58,80.58,EUR
2024-02-01T00:00:00Z,P045,160.56,86.79,86.79,EUR
2024-02-01T00:00:00Z,P046,175.34,89.92,89.92,EUR
2024-02-01T00:00:00Z,P047,195.28,95.26,95.26,EUR
2024-02-01T00:00:00Z,P048,173.18,98.96,98.96,EUR
2024-02-01T00:00:00Z,P049,197.03,106.50,106.50,EUR
2024-02-01T00:00:00Z,P050,213.80,109.64,109.64,JPY
2024-02-01T00:00:00Z,P051,230.56,112.47,112.47,EUR
2024-02-01T00:00:00Z,P052,208.22,118.98,118.98,EUR
2024-02-01T00:00:00Z,P053,228.96,123.76,123.76,USD
2024-02-01T00:00:00Z,P054,252.15,129.31,129.31,EUR
2024-02-01T00:00:00Z,P055,270.15,131.78,131.78,EUR
2024-02-01T00:00:00Z,P056,240.13,137.22,137.22,EUR
2024-02-01T00:00:00Z,P057,265.46,143.49,143.49,EUR
2024-02-01T00:00:00Z,P058,25.72,13.19,13.19,EUR
2024-02-01T00:00:00Z,P059,30.16,14.71,14.71,EUR
2024-02-01T00:00:00Z,P060,33.43,19.10,19.10,EUR
2024-02-01T00:00:00Z,P061,51.54,27.86,27.86,JPY
2024-02-01T00:00:00Z,P062,55.46,28.44,28.44,EUR
2024-02-01T00:00:00Z,P063,75.89,37.02,37.02,EUR
2024-02-01T00:00:00Z,P064,73.55,42.03,42.03,USD
2024-02-01T00:00:00Z,P065,82.77,44.74,44.74,EUR
2024-02-01T00:00:00Z,P066,97.03,49.76,49.76,EUR
2024-02-01T00:00:00Z,P067,106.89,52.14,52.14,EUR
2024-02-01T00:00:00Z,P068,106.40,60.80,60.80,EUR
2024-02-01T00:00:00Z,P069,117.75,63.65,63.65,EUR
2024-02-01T00:00:00Z,P070,127.76,65.52,65.52,EUR
2024-02-01T00:00:00Z,P071,152.48,74.38,74.38,EUR
2024-02-01T00:00:00Z,P072,131.83,75.33,75.33,JPY
2024-02-01T00:00:00Z,P073,149.28,80.69,80.69,EUR
2024-02-01T00:00:00Z,P074,169.90,87.13,87.13,EUR
2024-02-01T00:00:00Z,P075,184.87,90.18,90.18,USD
2024-02-01T00:00:00Z,P076,170.26,97.29,97.29,EUR
2024-02-01T00:00:00Z,P077,190.86,103.17,103.17,EUR
2024-02-01T00:00:00Z,P078,204.83,105.04,105.04,EUR
2024-02-01T00:00:00Z,P079,224.37,109.45,109.45,EUR
2024-02-01T00:00:00Z,P080,204.77,117.01,117.01,EUR
2024-02-01T00:00:00Z,P081,225.37,121.82,121.82,EUR
2024-02-01T00:00:00Z,P082,244.43,125.35,125.35,EUR
2024-02-01T00:00:00Z,P083,267.75,130.61,130.61,JPY
2024-02-01T00:00:00Z,P084,230.86,131.92,131.92,EUR
2024-02-01T00:00:00Z,P085,253.75,137.16,137.16,EUR
2024-02-01T00:00:00Z,P086,275.09,141.07,141.07,USD
2024-02-01T00:00:00Z,P087,23.76,11.59,11.59,EUR
2024-02-01T00:00:00Z,P088,28.68,16.39,16.39,EUR
2024-02-01T00:00:00Z,P089,35.11,18.98,18.98,EUR
2024-02-01T00:00:00Z,P090,53.43,27.40,27.40,EUR
2024-02-01T00:00:00Z,P091,62.55,30.51,30.51,EUR
2024-02-01T00:00:00Z,P092,61.46,35.12,35.12,EUR
2024-02-01T00:00:00Z,P093,77.94,42.13,42.13,EUR
2024-02-01T00:00:00Z,P094,90.56,46.44,46.44,JPY
2024-02-01T00:00:00Z,P095,104.51,50.98,50.98,EUR
2024-02-01T00:00:00Z,P096,98.14,56.08,56.08,EUR
2024-02-01T00:00:00Z,P097,110.09,59.51,59.51,USD
2024-02-01T00:00:00Z,P098,127.72,65.50,65.50,EUR
2024-02-01T00:00:00Z,P099,143.42,69.96,69.96,EUR
2024-02-01T00:00:00Z,P100,126.65,72.37,72.37,EUR
2024-02-01T00:00:00Z,P101,147.17,79.55,79.55,EUR
2024-02-01T00:00:00Z,P102,161.25,82.69,82.69,EUR
2024-02-01T00:00:00Z,P103,178.90,87.27,87.27,EUR
2024-02-01T00:00:00Z,P104,157.39,89.94,89.94,EUR
2024-02-01T00:00:00Z,P105,173.83,93.96,93.96,JPY
2024-02-01T00:00:00Z,P106,197.83,101.45,101.45,EUR
2024-02-01T00:00:00Z,P107,216.75,105.73,105.73,EUR
2024-02-01T00:00:00Z,P108,194.22,110.98,110.98,USD
2024-02-01T00:00:00Z,P109,216.34,116.94,116.94,EUR
2024-02-01T00:00:00Z,P110,237.51,121.80,121.80,EUR
2024-02-01T00:00:00Z,P111,250.39,122.14,122.14,EUR
2024-02-01T00:00:00Z,P112,222.78,127.30,127.30,EUR
2024-02-01T00:00:00Z,P113,250.75,135.54,135.54,EUR
2024-02-01T00:00:00Z,P114,268.18,137.53,137.53,EUR
2024-02-01T00:00:00Z,P115,295.36,144.08,144.08,EUR
2024-02-01T00:00:00Z,P116,24.19,13.82,13.82,JPY
2024-02-01T00:00:00Z,P117,26.62,14.39,14.39,EUR
2024-02-01T00:00:00Z,P118,43.31,22.21,22.21,EUR
2024-02-01T00:00:00Z,P119,47.58,23.21,23.21,USD
2024-02-01T00:00:00Z,P120,55.18,31.53,31.53,EUR
2024-02-01T00:00:00Z,P121,64.51,34.87,34.87,EUR
2024-02-01T00:00:00Z,P122,73.91,37.90,37.90,EUR
2024-02-01T00:00:00Z,P123,95.98,46.82,46.82,EUR
2024-02-01T00:00:00Z,P124,85.02,48.58,48.58,EUR
2024-02-01T00:00:00Z,P125,95.03,51.37,51.37,EUR
2024-02-01T00:00:00Z,P126,116.63,59.81,59.81,EUR
2024-02-01T00:00:00Z,P127,132.06,64.42,64.42,JPY
2024-02-01T00:00:00Z,P128,121.08,69.19,69.19,EUR
2024-02-01T00:00:00Z,P129,138.45,74.84,74.84,EUR
2024-02-01T00:00:00Z,P130,151.24,77.56,77.56,USD
2024-02-01T00:00:00Z,P131,166.42,81.18,81.18,EUR
2024-02-01T00:00:00Z,P132,148.94,85.11,85.11,EUR
2024-02-01T00:00:00Z,P133,165.30,89.35,89.35,EUR
2024-02-01T00:00:00Z,P134,191.49,98.20,98.20,EUR
2024-02-01T00:00:00Z,P135,211.44,103.14,103.14,EUR
2024-02-01T00:00:00Z,P136,182.46,104.26,104.26,EUR
2024-02-01T00:00:00Z,P137,203.96,110.25,110.25,EUR
2024-02-01T00:00:00Z,P138,223.41,114.57,114.57,JPY
2024-02-01T00:00:00Z,P139,247.66,120.81,120.81,EUR
2024-02-01T00:00:00Z,P140,220.75,126.14,126.14,EUR
2024-02-01T00:00:00Z,P141,242.92,131.31,131.31,USD
2024-02-01T00:00:00Z,P142,257.69,132.15,132.15,EUR
2024-02-01T00:00:00Z,P143,285.54,139.29,139.29,EUR
2024-02-01T00:00:00Z,P144,250.34,143.05,143.05,EUR
2024-02-01T00:00:00Z,P145,22.24,12.02,12.02,EUR
2024-02-01T00:00:00Z,P146,32.12,16.47,16.47,EUR
2024-02-01T00:00:00Z,P147,40.84,19.92,19.92,EUR
2024-02-01T00:00:00Z,P148,43.37,24.78,24.78,EUR
2024-02-01T00:00:00Z,P149,58.92,31.85,31.85,JPY
2024-02-01T00:00:00Z,P150,68.37,35.06,35.06,EUR
2024-02-01T00:00:00Z,P151,83.07,40.52,40.52,EUR
2024-02-01T00:00:00Z,P152,78.64,44.94,44.94,USD
2024-02-01T00:00:00Z,P153,87.32,47.20,47.20,EUR
2024-02-01T00:00:00Z,P154,105.92,54.32,54.32,EUR
2024-02-01T00:00:00Z,P155,119.41,58.25,58.25,EUR
2024-02-01T00:00:00Z,P156,106.84,61.05,61.05,EUR
2024-02-01T00:00:00Z,P157,125.30,67.73,67.73,EUR
2024-02-01T00:00:00Z,P158,145.41,74.57,74.57,EUR
2024-02-01T00:00:00Z,P159,159.04,77.58,77.58,EUR
2024-02-01T00:00:00Z,P160,146.04,83.45,83.45,JPY
2024-02-01T00:00:00Z,P161,160.19,86.59,86.59,EUR
2024-02-01T00:00:00Z,P162,182.64,93.66,93.66,EUR
2024-02-01T00:00:00Z,P163,193.83,94.55,94.55,USD
2024-02-01T00:00:00Z,P164,177.29,101.31,101.31,EUR
2024-02-01T00:00:00Z,P165,194.58,105.18,105.18,EUR
2024-02-01T00:00:00Z,P166,216.96,111.26,111.26,EUR
2024-02-01T00:00:00Z,P167,238.95,116.56,116.56,EUR
2024-02-01T00:00:00Z,P168,206.15,117.80,117.80,EUR
2024-02-01T00:00:00Z,P169,225.57,121.93,121.93,EUR
2024-02-01T00:00:00Z,P170,248.47,127.42,127.42,EUR
2024-02-01T00:00:00Z,P171,276.59,134.92,134.92,JPY
2024-02-01T00:00:00Z,P172,239.44,136.82,136.82,EUR
2024-02-01T00:00:00Z,P173,267.62,144.66,144.66,EUR
2024-02-01T00:00:00Z,P174,25.14,12.89,12.89,USD
2024-02-01T00:00:00Z,P175,34.56,16.86,16.86,EUR
2024-02-01T00:00:00Z,P176,40.53,23.16,23.16,EUR
2024-02-01T00:00:00Z,P177,49.93,26.99,26.99,EUR
2024-02-01T00:00:00Z,P178,58.48,29.99,29.99,EUR
2024-02-01T00:00:00Z,P179,69.68,33.99,33.99,EUR
2024-02-01T00:00:00Z,P180,72.36,41.35,41.35,EUR
2024-02-01T00:00:00Z,P181,80.36,43.44,43.44,EUR
2024-02-01T00:00:00Z,P182,94.48,48.45,48.45,JPY
2024-02-01T00:00:00Z,P183,110.06,53.69,53.69,EUR
2024-02-01T00:00:00Z,P184,106.07,60.61,60.61,EUR
2024-02-01T00:00:00Z,P185,115.20,62.27,62.27,USD
2024-02-01T00:00:00Z,P186,132.37,67.88,67.88,EUR
2024-02-01T00:00:00Z,P187,145.26,70.86,70.86,EUR
2024-02-01T00:00:00Z,P188,139.49,79.71,79.71,EUR
2024-02-01T00:00:00Z,P189,151.63,81.96,81.96,EUR
2024-02-01T00:00:00Z,P190,170.70,87.54,87.54,EUR
2024-02-01T00:00:00Z,P191,182.86,89.20,89.20,EUR
2024-02-01T00:00:00Z,P192,163.89,93.65,93.65,EUR
2024-02-01T00:00:00Z,P193,185.56,100.30,100.30,JPY
2024-02-01T00:00:00Z,P194,203.23,104.22,104.22,EUR
2024-02-01T00:00:00Z,P195,227.32,110.89,110.89,EUR
2024-02-01T00:00:00Z,P196,204.37,116.78,116.78,USD
2024-02-01T00:00:00Z,P197,225.83,122.07,122.07,EUR
2024-02-01T00:00:00Z,P198,238.58,122.35,122.35,EUR
2024-02-01T00:00:00Z,P199,264.90,129.22,129.22,EUR
2024-02-01T00:00:00Z,P200,233.73,133.56,133.56,EUR
2024-02-01T00:00:00Z,P201,254.58,137.61,137.61,EUR
2024-02-01T00:00:00Z,P202,281.21,144.21,144.21,EUR
2024-02-01T00:00:00Z,P203,27.53,13.43,13.43,EUR
2024-02-01T00:00:00Z,P204,31.20,17.83,17.83,JPY
2024-02-01T00:00:00Z,P205,34.50,18.65,18.65,EUR
2024-02-01T00:00:00Z,P206,53.66,27.52,27.52,EUR
2024-02-01T00:00:00Z,P207,62.46,30.47,30.47,USD
2024-02-01T00:00:00Z,P208,63.09,36.05,36.05,EUR
2024-02-01T00:00:00Z,P209,73.09,39.51,39.51,EUR
2024-02-01T00:00:00Z,P210,82.25,42.18,42.18,EUR
2024-02-01T00:00:00Z,P211,102.85,50.17,50.17,EUR
2024-02-01T00:00:00Z,P212,96.69,55.25,55.25,EUR
2024-02-01T00:00:00Z,P213,111.07,60.04,60.04,EUR
2024-02-01T00:00:00Z,P214,118.64,60.84,60.84,EUR
2024-02-01T00:00:00Z,P215,138.54,67.58,67.58,JPY
2024-02-01T00:00:00Z,P216,129.83,74.19,74.19,EUR
2024-02-01T00:00:00Z,P217,142.14,76.83,76.83,EUR
2024-02-01T00:00:00Z,P218,160.93,82.53,82.53,USD
2024-02-01T00:00:00Z,P219,179.07,87.35,87.35,EUR
2024-02-01T00:00:00Z,P220,162.37,92.78,92.78,EUR
2024-02-01T00:00:00Z,P221,174.07,94.09,94.09,EUR
2024-02-01T00:00:00Z,P222,200.95,103.05,103.05,EUR
2024-02-01T00:00:00Z,P223,211.76,103.30,103.30,EUR
2024-02-01T00:00:00Z,P224,190.21,108.69,108.69,EUR
2024-02-01T00:00:00Z,P225,215.01,116.22,116.22,EUR
2024-02-01T00:00:00Z,P226,231.47,118.70,118.70,JPY
2024-02-01T00:00:00Z,P227,254.79,124.29,124.29,EUR
2024-02-01T00:00:00Z,P228,225.45,128.83,128.83,EUR
2024-02-01T00:00:00Z,P229,251.56,135.98,135.98,USD
2024-02-01T00:00:00Z,P230,274.11,140.57,140.57,EUR
2024-02-01T00:00:00Z,P231,296.84,144.80,144.80,EUR
2024-02-01T00:00:00Z,P232,21.63,12.36,12.36,EUR
2024-02-01T00:00:00Z,P233,29.06,15.71,15.71,EUR
2024-02-01T00:00:00Z,P234,42.49,21.79,21.79,EUR
2024-02-01T00:00:00Z,P235,54.71,26.69,26.69,EUR
2024-02-01T00:00:00Z,P236,50.40,28.80,28.80,EUR
2024-02-01T00:00:00Z,P237,61.51,33.25,33.25,JPY
2024-02-01T00:00:00Z,P238,77.24,39.61,39.61,EUR
2024-02-01T00:00:00Z,P239,86.12,42.01,42.01,EUR
2024-02-01T00:00:00Z,P240,84.16,48.09,48.09,USD
2024-03-01T00:00:00Z,P001,31.43,16.99,16.99,EUR
2024-03-01T00:00:00Z,P002,41.18,21.12,21.12,EUR
2024-03-01T00:00:00Z,P003,52.89,25.80,25.80,EUR
2024-03-01T00:00:00Z,P004,54.72,31.27,31.27,EUR
2024-03-01T00:00:00Z,P005,65.80,35.57,35.57,EUR
2024-03-01T00:00:00Z,P006,73.77,37.83,37.83,EUR
2024-03-01T00:00:00Z,P007,95.00,46.34,46.34,EUR
2024-03-01T00:00:00Z,P008,86.94,49.68,49.68,EUR
2024-03-01T00:00:00Z,P009,99.55,53.81,53.81,USD
2024-03-01T00:00:00Z,P010,115.58,59.27,59.27,EUR
2024-03-01T00:00:00Z,P011,133.23,64.99,64.99,EUR
2024-03-01T00:00:00Z,P012,120.31,68.75,68.75,EUR
2024-03-01T00:00:00Z,P013,137.92,74.55,74.55,EUR
2024-03-01T00:00:00Z,P014,149.66,76.75,76.75,EUR
2024-03-01T00:00:00Z,P015,165.41,80.69,80.69,EUR
2024-03-01T00:00:00Z,P016,154.11,88.06,88.06,EUR
2024-03-01T00:00:00Z,P017,169.20,91.46,91.46,JPY
2024-03-01T00:00:00Z,P018,183.26,93.98,93.98,EUR
2024-03-01T00:00:00Z,P019,202.03,98.55,98.55,EUR
2024-03-01T00:00:00Z,P020,181.79,103.88,103.88,USD
2024-03-01T00:00:00Z,P021,199.50,107.84,107.84,EUR
2024-03-01T00:00:00Z,P022,227.14,116.48,116.48,EUR
2024-03-01T00:00:00Z,P023,246.00,120.00,120.00,EUR
2024-03-01T00:00:00Z,P024,218.29,124.74,124.74,EUR
2024-03-01T00:00:00Z,P025,242.15,130.89,130.89,EUR
2024-03-01T00:00:00Z,P026,260.31,133.49,133.49,EUR
2024-03-01T00:00:00Z,P027,283.29,138.19,138.19,EUR
2024-03-01T00:00:00Z,P028,248.95,142.26,142.26,JPY
2024-03-01T00:00:00Z,P029,24.96,13.49,13.49,EUR
2024-03-01T00:00:00Z,P030,28.76,14.75,14.75,EUR
2024-03-01T00:00:00Z,P031,46.60,22.73,22.73,USD
2024-03-01T00:00:00Z,P032,47.88,27.36,27.36,EUR
2024-03-01T00:00:00Z,P033,56.85,30.73,30.73,EUR
2024-03-01T00:00:00Z,P034,64.06,32.85,32.85,EUR
2024-03-01T00:00:00Z,P035,79.05,38.56,38.56,EUR
2024-03-01T00:00:00Z,P036,73.88,42.22,42.22,EUR
2024-03-01T00:00:00Z,P037,89.15,48.19,48.19,EUR
2024-03-01T00:00:00Z,P038,109.67,56.24,56.24,EUR
2024-03-01T00:00:00Z,P039,120.56,58.81,58.81,JPY
2024-03-01T00:00:00Z,P040,108.05,61.74,61.74,EUR
2024-03-01T00:00:00Z,P041,122.58,66.26,66.26,EUR
2024-03-01T00:00:00Z,P042,138.63,71.09,71.09,USD
2024-03-01T00:00:00Z,P043,153.57,74.91,74.91,EUR
2024-03-01T00:00:00Z,P044,141.01,80.58,80.58,EUR
2024-03-01T00:00:00Z,P045,160.56,86.79,86.79,EUR
2024-03-01T00:00:00Z,P046,175.34,89.92,89.92,EUR
2024-03-01T00:00:00Z,P047,195.28,95.26,95.26,EUR
2024-03-01T00:00:00Z,P048,173.18,98.96,98.96,EUR
2024-03-01T00:00:00Z,P049,197.03,106.50,106.50,EUR
2024-03-01T00:00:00Z,P050,213.80,109.64,109.64,JPY
2024-03-01T00:00:00Z,P051,230.56,112.47,112.47,EUR
2024-03-01T00:00:00Z,P052,208.22,118.98,118.98,EUR
2024-03-01T00:00:00Z,P053,228.96,123.76,123.76,USD
2024-03-01T00:00:00Z,P054,252.15,129.31,129.31,EUR
2024-03-01T00:00:00Z,P055,270.15,131.78,131.78,EUR
2024-03-01T00:00:00Z,P056,240.13,137.22,137.22,EUR
2024-03-01T00:00:00Z,P057,265.46,143.49,143.49,EUR
2024-03-01T00:00:00Z,P058,25.72,13.19,13.19,EUR
2024-03-01T00:00:00Z,P059,30.16,14.71,14.71,EUR
2024-03-01T00:00:00Z,P060,33.43,19.10,19.10,EUR
2024-03-01T00:00:00Z,P061,51.54,27.86,27.86,JPY
2024-03-01T00:00:00Z,P062,55.46,28.44,28.44,EUR
2024-03-01T00:00:00Z,P063,75.89,37.02,37.02,EUR
2024-03-01T00:00:00Z,P064,73.55,42.03,42.03,USD
2024-03-01T00:00:00Z,P065,82.77,44.74,44.74,EUR
2024-03-01T00:00:00Z,P066,97.03,49.76,49.76,EUR
2024-03-01T00:00:00Z,P067,106.89,52.14,52.14,EUR
2024-03-01T00:00:00Z,P068,106.40,60.80,60.80,EUR
2024-03-01T00:00:00Z,P069,117.75,63.65,63.65,EUR
2024-03-01T00:00:00Z,P070,127.76,65.52,65.52,EUR
2024-03-01T00:00:00Z,P071,152.48,74.38,74.38,EUR
2024-03-01T00:00:00Z,P072,131.83,75.33,75.33,JPY
2024-03-01T00:00:00Z,P073,149.28,80.69,80.69,EUR
2024-03-01T00:00:00Z,P074,169.90,87.13,87.13,EUR
2024-03-01T00:00:00Z,P075,184.87,90.18,90.18,USD
2024-03-01T00:00:00Z,P076,170.26,97.29,97.29,EUR
2024-03-01T00:00:00Z,P077,190.86,103.17,103.17,EUR
2024-03-01T00:00:00Z,P078,204.83,105.04,105.04,EUR
2024-03-01T00:00:00Z,P079,224.37,109.45,109.45,EUR
2024-03-01T00:00:00Z,P080,204.77,117.01,117.01,EUR
2024-03-01T00:00:00Z,P081,225.37,121.82,121.82,EUR
2024-03-01T00:00:00Z,P082,244.43,125.35,125.35,EUR
2024-03-01T00:00:00Z,P083,267.75,130.61,130.61,JPY
2024-03-01T00:00:00Z,P084,230.86,131.92,131.92,EUR
2024-03-01T00:00:00Z,P085,253.75,137.16,137.16,EUR
2024-03-01T00:00:00Z,P086,275.09,141.07,141.07,USD
2024-03-01T00:00:00Z,P087,23.76,11.59,11.59,EUR
2024-03-01T00:00:00Z,P088,28.68,16.39,16.39,EUR
2024-03-01T00:00:00Z,P089,35.11,18.98,18.98,EUR
2024-03-01T00:00:00Z,P090,53.43,27.40,27.40,EUR
2024-03-01T00:00:00Z,P091,62.55,30.51,30.51,EUR
2024-03-01T00:00:00Z,P092,61.46,35.12,35.12,EUR
2024-03-01T00:00:00Z,P093,77.94,42.13,42.13,EUR
2024-03-01T00:00:00Z,P094,90.56,46.44,46.44,JPY
2024-03-01T00:00:00Z,P095,104.51,50.98,50.98,EUR
2024-03-01T00:00:00Z,P096,98.14,56.08,56.08,EUR
2024-03-01T00:00:00Z,P097,110.09,59.51,59.51,USD
2024-03-01T00:00:00Z,P098,127.72,65.50,65.50,EUR
2024-03-01T00:00:00Z,P099,143.42,69.96,69.96,EUR
2024-03-01T00:00:00Z,P100,126.65,72.37,72.37,EUR
2024-03-01T00:00:00Z,P101,147.17,79.55,79.55,EUR
2024-03-01T00:00:00Z,P102,161.25,82.69,82.69,EUR
2024-03-01T00:00:00Z,P103,178.90,87.27,87.27,EUR
2024-03-01T00:00:00Z,P104,157.39,89.94,89.94,EUR
2024-03-01T00:00:00Z,P105,173.83,93.96,93.96,JPY
2024-03-01T00:00:00Z,P106,197.83,101.45,101.45,EUR
2024-03-01T00:00:00Z,P107,216.75,105.73,105.73,EUR
2024-03-01T00:00:00Z,P108,194.22,110.98,110.98,USD
2024-03-01T00:00:00Z,P109,216.34,116.94,116.94,EUR
2024-03-01T00:00:00Z,P110,237.51,121.80,121.80,EUR
2024-03-01T00:00:00Z,P111,250.39,122.14,122.14,EUR
2024-03-01T00:00:00Z,P112,222.78,127.30,127.30,EUR
2024-03-01T00:00:00Z,P113,250.75,135.54,135.54,EUR
2024-03-01T00:00:00Z,P114,268.18,137.53,137.53,EUR
2024-03-01T00:00:00Z,P115,295.36,144.08,144.08,EUR
2024-03-01T00:00:00Z,P116,24.19,13.82,13.82,JPY
2024-03-01T00:00:00Z,P117,26.62,14.39,14.39,EUR
2024-03-01T00:00:00Z,P118,43.31,22.21,22.21,EUR
2024-03-01T00:00:00Z,P119,47.58,23.21,23.21,USD
2024-03-01T00:00:00Z,P120,55.18,31.53,31.53,EUR
2024-03-01T00:00:00Z,P121,64.51,34.87,34.87,EUR
2024-03-01T00:00:00Z,P122,73.91,37.90,37.90,EUR
2024-03-01T00:00:00Z,P123,95.98,46.82,46.82,EUR
2024-03-01T00:00:00Z,P124,85.02,48.58,48.58,EUR
2024-03-01T00:00:00Z,P125,95.03,51.37,51.37,EUR
2024-03-01T00:00:00Z,P126,116.63,59.81,59.81,EUR
2024-03-01T00:00:00Z,P127,132.06,64.42,64.42,JPY
2024-03-01T00:00:00Z,P128,121.08,69.19,69.19,EUR
2024-03-01T00:00:00Z,P129,138.45,74.84,74.84,EUR
2024-03-01T00:00:00Z,P130,151.24,77.56,77.56,USD
2024-03-01T00:00:00Z,P131,166.42,81.18,81.18,EUR
2024-03-01T00:00:00Z,P132,148.94,85.11,85.11,EUR
2024-03-01T00:00:00Z,P133,165.30,89.35,89.35,EUR
2024-03-01T00:00:00Z,P134,191.49,98.20,98.20,EUR
2024-03-01T00:00:00Z,P135,211.44,103.14,103.14,EUR
2024-03-01T00:00:00Z,P136,182.46,104.26,104.26,EUR
2024-03-01T00:00:00Z,P137,203.96,110.25,110.25,EUR
2024-03-01T00:00:00Z,P138,223.41,114.57,114.57,JPY
2024-03-01T00:00:00Z,P139,247.66,120.81,120.81,EUR
2024-03-01T00:00:00Z,P140,220.75,126.14,126.14,EUR
2024-03-01T00:00:00Z,P141,242.92,131.31,131.31,USD
2024-03-01T00:00:00Z,P142,257.69,132.15,132.15,EUR
2024-03-01T00:00:00Z,P143,285.54,139.29,139.29,EUR
2024-03-01T00:00:00Z,P144,250.34,143.05,143.05,EUR
2024-03-01T00:00:00Z,P145,22.24,12.02,12.02,EUR
2024-03-01T00:00:00Z,P146,32.12,16.47,16.47,EUR
2024-03-01T00:00:00Z,P147,40.84,19.92,19.92,EUR
2024-03-01T00:00:00Z,P148,43.37,24.78,24.78,EUR
2024-03-01T00:00:00Z,P149,58.92,31.85,31.85,JPY
2024-03-01T00:00:00Z,P150,68.37,35.06,35.06,EUR
2024-03-01T00:00:00Z,P151,83.07,40.52,40.52,EUR
2024-03-01T00:00:00Z,P152,78.64,44.94,44.94,USD
2024-03-01T00:00:00Z,P153,87.32,47.20,47.20,EUR
2024-03-01T00:00:00Z,P154,105.92,54.32,54.32,EUR
2024-03-01T00:00:00Z,P155,119.41,58.25,58.25,EUR
2024-03-01T00:00:00Z,P156,106.84,61.05,61.05,EUR
2024-03-01T00:00:00Z,P157,125.30,67.73,67.73,EUR
2024-03-01T00:00:00Z,P158,145.41,74.57,74.57,EUR
2024-03-01T00:00:00Z,P159,159.04,77.58,77.58,EUR
2024-03-01T00:00:00Z,P160,146.04,83.45,83.45,JPY
2024-03-01T00:00:00Z,P161,160.19,86.59,86.59,EUR
2024-03-01T00:00:00Z,P162,182.64,93.66,93.66,EUR
2024-03-01T00:00:00Z,P163,193.83,94.55,94.55,USD
2024-03-01T00:00:00Z,P164,177.29,101.31,101.31,EUR
2024-03-01T00:00:00Z,P165,194.58,105.18,105.18,EUR
2024-03-01T00:00:00Z,P166,216.96,111.26,111.26,EUR
2024-03-01T00:00:00Z,P167,238.95,116.56,116.56,EUR
2024-03-01T00:00:00Z,P168,206.15,117.80,117.80,EUR
2024-03-01T00:00:00Z,P169,225.57,121.93,121.93,EUR
2024-03-01T00:00:00Z,P170,248.47,127.42,127.42,EUR
2024-03-01T00:00:00Z,P171,276.59,134.92,134.92,JPY
2024-03-01T00:00:00Z,P172,239.44,136.82,136.82,EUR
2024-03-01T00:00:00Z,P173,267.62,144.66,144.66,EUR
2024-03-01T00:00:00Z,P174,25.14,12.89,12.89,USD
2024-03-01T00:00:00Z,P175,34.56,16.86,16.86,EUR
2024-03-01T00:00:00Z,P176,40.53,23.16,23.16,EUR
2024-03-01T00:00:00Z,P177,49.93,26.99,26.99,EUR
2024-03-01T00:00:00Z,P178,58.48,29.99,29.99,EUR
2024-03-01T00:00:00Z,P179,69.68,33.99,33.99,EUR
2024-03-01T00:00:00Z,P180,72.36,41.35,41.35,EUR
2024-03-01T00:00:00Z,P181,80.36,43.44,43.44,EUR
2024-03-01T00:00:00Z,P182,94.48,48.45,48.45,JPY
2024-03-01T00:00:00Z,P183,110.06,53.69,53.69,EUR
2024-03-01T00:00:00Z,P184,106.07,60.61,60.61,EUR
2024-03-01T00:00:00Z,P185,115.20,62.27,62.27,USD
2024-03-01T00:00:00Z,P186,132.37,67.88,67.88,EUR
2024-03-01T00:00:00Z,P187,145.26,70.86,70.86,EUR
2024-03-01T00:00:00Z,P188,139.49,79.71,79.71,EUR
2024-03-01T00:00:00Z,P189,151.63,81.96,81.96,EUR
2024-03-01T00:00:00Z,P190,170.70,87.54,87.54,EUR
2024-03-01T00:00:00Z,P191,182.86,89.20,89.20,EUR
2024-03-01T00:00:00Z,P192,163.89,93.65,93.65,EUR
2024-03-01T00:00:00Z,P193,185.56,100.30,100.30,JPY
2024-03-01T00:00:00Z,P194,203.23,104.22,104.22,EUR
2024-03-01T00:00:00Z,P195,227.32,110.89,110.89,EUR
2024-03-01T00:00:00Z,P196,204.37,116.78,116.78,USD
2024-03-01T00:00:00Z,P197,225.83,122.07,122.07,EUR
2024-03-01T00:00:00Z,P198,238.58,122.35,122.35,EUR
2024-03-01T00:00:00Z,P199,264.90,129.22,129.22,EUR
2024-03-01T00:00:00Z,P200,233.73,133.56,133.56,EUR
2024-03-01T00:00:00Z,P201,254.58,137.61,137.61,EUR
2024-03-01T00:00:00Z,P202,281.21,144.21,144.21,EUR
2024-03-01T00:00:00Z,P203,27.53,13.43,13.43,EUR
2024-03-01T00:00:00Z,P204,31.20,17.83,17.83,JPY
2024-03-01T00:00:00Z,P205,34.50,18.65,18.65,EUR
2024-03-01T00:00:00Z,P206,53.66,27.52,27.52,EUR
2024-03-01T00:00:00Z,P207,62.46,30.47,30.47,USD
2024-03-01T00:00:00Z,P208,63.09,36.05,36.05,EUR
2024-03-01T00:00:00Z,P209,73.09,39.51,39.51,EUR
2024-03-01T00:00:00Z,P210,82.25,42.18,42.18,EUR
2024-03-01T00:00:00Z,P211,102.85,50.17,50.17,EUR
2024-03-01T00:00:00Z,P212,96.69,55.25,55.25,EUR
2024-03-01T00:00:00Z,P213,111.07,60.04,60.04,EUR
2024-03-01T00:00:00Z,P214,118.64,60.84,60.84,EUR
2024-03-01T00:00:00Z,P215,138.54,67.58,67.58,JPY
2024-03-01T00:00:00Z,P216,129.83,74.19,74.19,EUR
2024-03-01T00:00:00Z,P217,142.14,76.83,76.83,EUR
2024-03-01T00:00:00Z,P218,160.93,82.53,82.53,USD
2024-03-01T00:00:00Z,P219,179.07,87.35,87.35,EUR
2024-03-01T00:00:00Z,P220,162.37,92.78,92.78,EUR
2024-03-01T00:00:00Z,P221,174.07,94.09,94.09,EUR
2024-03-01T00:00:00Z,P222,200.95,103.05,103.05,EUR
2024-03-01T00:00:00Z,P223,211.76,103.30,103.30,EUR
2024-03-01T00:00:00Z,P224,190.21,108.69,108.69,EUR
2024-03-01T00:00:00Z,P225,215.01,116.22,116.22,EUR
2024-03-01T00:00:00Z,P226,231.47,118.70,118.70,JPY
2024-03-01T00:00:00Z,P227,254.79,124.29,124.29,EUR
2024-03-01T00:00:00Z,P228,225.45,128.83,128.83,EUR
2024-03-01T00:00:00Z,P229,251.56,135.98,135.98,USD
2024-03-01T00:00:00Z,P230,274.11,140.57,140.57,EUR
2024-03-01T00:00:00Z,P231,296.84,144.80,144.80,EUR
2024-03-01T00:00:00Z,P232,21.63,12.36,12.36,EUR
2024-03-01T00:00:00Z,P233,29.06,15.71,15.71,EUR
2024-03-01T00:00:00Z,P234,42.49,21.79,21.79,EUR
2024-03-01T00:00:00Z,P235,54.71,26.69,26.69,EUR
2024-03-01T00:00:00Z,P236,50.40,28.80,28.80,EUR
2024-03-01T00:00:00Z,P237,61.51,33.25,33.25,JPY
2024-03-01T00:00:00Z,P238,77.24,39.61,39.61,EUR
2024-03-01T00:00:00Z,P239,86.12,42.01,42.01,EUR
2024-03-01T00:00:00Z,P240,84.16,48.09,48.09,USD
2024-04-01T00:00:00Z,P001,31.43,16.99,16.99,EUR
2024-04-01T00:00:00Z,P002,41.18,21.12,21.12,EUR
2024-04-01T00:00:00Z,P003,52.89,25.80,25.80,EUR
2024-04-01T00:00:00Z,P004,54.72,31.27,31.27,EUR
2024-04-01T00:00:00Z,P005,65.80,35.57,35.57,EUR
2024-04-01T00:00:00Z,P006,73.77,37.83,37.83,EUR
2024-04-01T00:00:00Z,P007,95.00,46.34,46.34,EUR
2024-04-01T00:00:00Z,P008,86.94,49.68,49.68,EUR
2024-04-01T00:00:00Z,P009,99.55,53.81,53.81,USD
2024-04-01T00:00:00Z,P010,115.58,59.27,59.27,EUR
2024-04-01T00:00:00Z,P011,133.23,64.99,64.99,EUR
2024-04-01T00:00:00Z,P012,120.31,68.75,68.75,EUR
2024-04-01T00:00:00Z,P013,137.92,74.55,74.55,EUR
2024-04-01T00:00:00Z,P014,149.66,76.75,76.75,EUR
2024-04-01T00:00:00Z,P015,165.41,80.69,80.69,EUR
2024-04-01T00:00:00Z,P016,154.11,88.06,88.06,EUR
2024-04-01T00:00:00Z,P017,169.20,91.46,91.46,JPY
2024-04-01T00:00:00Z,P018,183.26,93.98,93.98,EUR
2024-04-01T00:00:00Z,P019,202.03,98.55,98.55,EUR
2024-04-01T00:00:00Z,P020,181.79,103.88,103.88,USD
2024-04-01T00:00:00Z,P021,199.50,107.84,107.84,EUR
2024-04-01T00:00:00Z,P022,227.14,116.48,116.48,EUR
2024-04-01T00:00:00Z,P023,246.00,120.00,120.00,EUR
2024-04-01T00:00:00Z,P024,218.29,124.74,124.74,EUR
2024-04-01T00:00:00Z,P025,242.15,130.89,130.89,EUR
2024-04-01T00:00:00Z,P026,260.31,133.49,133.49,EUR
2024-04-01T00:00:00Z,P027,283.29,138.19,138.19,EUR
2024-04-01T00:00:00Z,P028,248.95,142.26,142.26,JPY
2024-04-01T00:00:00Z,P029,24.96,13.49,13.49,EUR
2024-04-01T00:00:00Z,P030,28.76,14.75,14.75,EUR
2024-04-01T00:00:00Z,P031,46.60,22.73,22.73,USD
2024-04-01T00:00:00Z,P032,47.88,27.36,27.36,EUR
2024-04-01T00:00:00Z,P033,56.85,30.73,30.73,EUR
2024-04-01T00:00:00Z,P034,64.06,32.85,32.85,EUR
2024-04-01T00:00:00Z,P035,79.05,38.56,38.56,EUR
2024-04-01T00:00:00Z,P036,73.88,42.22,42.22,EUR
2024-04-01T00:00:00Z,P037,89.15,48.19,48.19,EUR
2024-04-01T00:00:00Z,P038,109.67,56.24,56.24,EUR
2024-04-01T00:00:00Z,P039,120.56,58.81,58.81,JPY
2024-04-01T00:00:00Z,P040,108.05,61.74,61.74,EUR
2024-04-01T00:00:00Z,P041,122.58,66.26,66.26,EUR
2024-04-01T00:00:00Z,P042,138.63,71.09,71.09,USD
2024-04-01T00:00:00Z,P043,153.57,74.91,74.91,EUR
2024-04-01T00:00:00Z,P044,141.01,80.58,80.58,EUR
2024-04-01T00:00:00Z,P045,160.56,86.79,86.79,EUR
2024-04-01T00:00:00Z,P046,175.34,89.92,89.92,EUR
2024-04-01T00:00:00Z,P047,195.28,95.26,95.26,EUR
2024-04-01T00:00:00Z,P048,173.18,98.96,98.96,EUR
2024-04-01T00:00:00Z,P049,197.03,106.50,106.50,EUR
2024-04-01T00:00:00Z,P050,213.80,109.64,109.64,JPY
2024-04-01T00:00:00Z,P051,230.56,112.47,112.47,EUR
2024-04-01T00:00:00Z,P052,208.22,118.98,118.98,EUR
2024-04-01T00:00:00Z,P053,228.96,123.76,123.76,USD
2024-04-01T00:00:00Z,P054,252.15,129.31,129.31,EUR
2024-04-01T00:00:00Z,P055,270.15,131.78,131.78,EUR
2024-04-01T00:00:00Z,P056,240.13,137.22,137.22,EUR
2024-04-01T00:00:00Z,P057,265.46,143.49,143.49,EUR
2024-04-01T00:00:00Z,P058,25.72,13.19,13.19,EUR
2024-04-01T00:00:00Z,P059,30.16,14.71,14.71,EUR
2024-04-01T00:00:00Z,P060,33.43,19.10,19.10,EUR
2024-04-01T00:00:00Z,P061,51.54,27.86,27.86,JPY
2024-04-01T00:00:00Z,P062,55.46,28.44,28.44,EUR
2024-04-01T00:00:00Z,P063,75.89,37.02,37.02,EUR
2024-04-01T00:00:00Z,P064,73.55,42.03,42.03,USD
2024-04-01T00:00:00Z,P065,82.77,44.74,44.74,EUR
2024-04-01T00:00:00Z,P066,97.03,49.76,49.76,EUR
2024-04-01T00:00:00Z,P067,106.89,52.14,52.14,EUR
2024-04-01T00:00:00Z,P068,106.40,60.80,60.80,EUR
2024-04-01T00:00:00Z,P069,117.75,63.65,63.65,EUR
2024-04-01T00:00:00Z,P070,127.76,65.52,65.52,EUR
2024-04-01T00:00:00Z,P071,152.48,74.38,74.38,EUR
2024-04-01T00:00:00Z,P072,131.83,75.33,75.33,JPY
2024-04-01T00:00:00Z,P073,149.28,80.69,80.69,EUR
2024-04-01T00:00:00Z,P074,169.90,87.13,87.13,EUR
2024-04-01T00:00:00Z,P075,184.87,90.18,90.18,USD
2024-04-01T00:00:00Z,P076,170.26,97.29,97.29,EUR
2024-04-01T00:00:00Z,P077,190.86,103.17,103.17,EUR
2024-04-01T00:00:00Z,P078,204.83,105.04,105.04,EUR
2024-04-01T00:00:00Z,P079,224.37,109.45,109.45,EUR
2024-04-01T00:00:00Z,P080,204.77,117.01,117.01,EUR
2024-04-01T00:00:00Z,P081,225.37,121.82,121.82,EUR
2024-04-01T00:00:00Z,P082,244.43,125.35,125.35,EUR
2024-04-01T00:00:00Z,P083,267.75,130.61,130.61,JPY
2024-04-01T00:00:00Z,P084,230.86,131.92,131.92,EUR
2024-04-01T00:00:00Z,P085,253.75,137.16,137.16,EUR
2024-04-01T00:00:00Z,P086,275.09,141.07,141.07,USD
2024-04-01T00:00:00Z,P087,23.76,11.59,11.59,EUR
2024-04-01T00:00:00Z,P088,28.68,16.39,16.39,EUR
2024-04-01T00:00:00Z,P089,35.11,18.98,18.98,EUR
2024-04-01T00:00:00Z,P090,53.43,27.40,27.40,EUR
2024-04-01T00:00:00Z,P091,62.55,30.51,30.51,EUR
2024-04-01T00:00:00Z,P092,61.46,35.12,35.12,EUR
2024-04-01T00:00:00Z,P093,77.94,42.13,42.13,EUR
2024-04-01T00:00:00Z,P094,90.56,46.44,46.44,JPY
2024-04-01T00:00:00Z,P095,104.51,50.98,50.98,EUR
2024-04-01T00:00:00Z,P096,98.14,56.08,56.08,EUR
2024-04-01T00:00:00Z,P097,110.09,59.51,59.51,USD
2024-04-01T00:00:00Z,P098,127.72,65.50,65.50,EUR
2024-04-01T00:00:00Z,P099,143.42,69.96,69.96,EUR
2024-04-01T00:00:00Z,P100,126.65,72.37,72.37,EUR
2024-04-01T00:00:00Z,P101,147.17,79.55,79.55,EUR
2024-04-01T00:00:00Z,P102,161.25,82.69,82.69,EUR
2024-04-01T00:00:00Z,P103,178.90,87.27,87.27,EUR
2024-04-01T00:00:00Z,P104,157.39,89.94,89.94,EUR
2024-04-01T00:00:00Z,P105,173.83,93.96,93.96,JPY
2024-04-01T00:00:00Z,P106,197.83,101.45,101.45,EUR
2024-04-01T00:00:00Z,P107,216.75,105.73,105.73,EUR
2024-04-01T00:00:00Z,P108,194.22,110.98,110.98,USD
2024-04-01T00:00:00Z,P109,216.34,116.94,116.94,EUR
2024-04-01T00:00:00Z,P110,237.51,121.80,121.80,EUR
2024-04-01T00:00:00Z,P111,250.39,122.14,122.14,EUR
2024-04-01T00:00:00Z,P112,222.78,127.30,127.30,EUR
2024-04-01T00:00:00Z,P113,250.75,135.54,135.54,EUR
2024-04-01T00:00:00Z,P114,268.18,137.53,137.53,EUR
2024-04-01T00:00:00Z,P115,295.36,144.08,144.08,EUR
2024-04-01T00:00:00Z,P116,24.19,13.82,13.82,JPY
2024-04-01T00:00:00Z,P117,26.62,14.39,14.39,EUR
2024-04-01T00:00:00Z,P118,43.31,22.21,22.21,EUR
2024-04-01T00:00:00Z,P119,47.58,23.21,23.21,USD
2024-04-01T00:00:00Z,P120,55.18,31.53,31.53,EUR
2024-04-01T00:00:00Z,P121,64.51,34.87,34.87,EUR
2024-04-01T00:00:00Z,P122,73.91,37.90,37.90,EUR
2024-04-01T00:00:00Z,P123,95.98,46.82,46.82,EUR
2024-04-01T00:00:00Z,P124,85.02,48.58,48.58,EUR
2024-04-01T00:00:00Z,P125,95.03,51.37,51.37,EUR
2024-04-01T00:00:00Z,P126,116.63,59.81,59.81,EUR
2024-04-01T00:00:00Z,P127,132.06,64.42,64.42,JPY
2024-04-01T00:00:00Z,P128,121.08,69.19,69.19,EUR
2024-04-01T00:00:00Z,P129,138.45,74.84,74.84,EUR
2024-04-01T00:00:00Z,P130,151.24,77.56,77.56,USD
2024-04-01T00:00:00Z,P131,166.42,81.18,81.18,EUR
2024-04-01T00:00:00Z,P132,148.94,85.11,85.11,EUR
2024-04-01T00:00:00Z,P133,165.30,89.35,89.35,EUR
2024-04-01T00:00:00Z,P134,191.49,98.20,98.20,EUR
2024-04-01T00:00:00Z,P135,211.44,103.14,103.14,EUR
2024-04-01T00:00:00Z,P136,182.46,104.26,104.26,EUR
2024-04-01T00:00:00Z,P137,203.96,110.25,110.25,EUR
2024-04-01T00:00:00Z,P138,223.41,114.57,114.57,JPY
2024-04-01T00:00:00Z,P139,247.66,120.81,120.81,EUR
2024-04-01T00:00:00Z,P140,220.75,126.14,126.14,EUR
2024-04-01T00:00:00Z,P141,242.92,131.31,131.31,USD
2024-04-01T00:00:00Z,P142,257.69,132.15,132.15,EUR
2024-04-01T00:00:00Z,P143,285.54,139.29,139.29,EUR
2024-04-01T00:00:00Z,P144,250.34,143.05,143.05,EUR
2024-04-01T00:00:00Z,P145,22.24,12.02,12.02,EUR
2024-04-01T00:00:00Z,P146,32.12,16.47,16.47,EUR
2024-04-01T00:00:00Z,P147,40.84,19.92,19.92,EUR
2024-04-01T00:00:00Z,P148,43.37,24.78,24.78,EUR
2024-04-01T00:00:00Z,P149,58.92,31.85,31.85,JPY
2024-04-01T00:00:00Z,P150,68.37,35.06,35.06,EUR
2024-04-01T00:00:00Z,P151,83.07,40.52,40.52,EUR
2024-04-01T00:00:00Z,P152,78.64,44.94,44.94,USD
2024-04-01T00:00:00Z,P153,87.32,47.20,47.20,EUR
2024-04-01T00:00:00Z,P154,105.92,54.32,54.32,EUR
2024-04-01T00:00:00Z,P155,119.41,58.25,58.25,EUR
2024-04-01T00:00:00Z,P156,106.84,61.05,61.05,EUR
2024-04-01T00:00:00Z,P157,125.30,67.73,67.73,EUR
2024-04-01T00:00:00Z,P158,145.41,74.57,74.57,EUR
2024-04-01T00:00:00Z,P159,159.04,77.58,77.58,EUR
2024-04-01T00:00:00Z,P160,146.04,83.45,83.45,JPY
2024-04-01T00:00:00Z,P161,160.19,86.59,86.59,EUR
2024-04-01T00:00:00Z,P162,182.64,93.66,93.66,EUR
2024-04-01T00:00:00Z,P163,193.83,94.55,94.55,USD
2024-04-01T00:00:00Z,P164,177.29,101.31,101.31,EUR
2024-04-01T00:00:00Z,P165,194.58,105.18,105.18,EUR
2024-04-01T00:00:00Z,P166,216.96,111.26,111.26,EUR
2024-04-01T00:00:00Z,P167,238.95,116.56,116.56,EUR
2024-04-01T00:00:00Z,P168,206.15,117.80,117.80,EUR
2024-04-01T00:00:00Z,P169,225.57,121.93,121.93,EUR
2024-04-01T00:00:00Z,P170,248.47,127.42,127.42,EUR
2024-04-01T00:00:00Z,P171,276.59,134.92,134.92,JPY
2024-04-01T00:00:00Z,P172,239.44,136.82,136.82,EUR
2024-04-01T00:00:00Z,P173,267.62,144.66,144.66,EUR
2024-04-01T00:00:00Z,P174,25.14,12.89,12.89,USD
2024-04-01T00:00:00Z,P175,34.56,16.86,16.86,EUR
2024-04-01T00:00:00Z,P176,40.53,23.16,23.16,EUR
2024-04-01T00:00:00Z,P177,49.93,26.99,26.99,EUR
2024-04-01T00:00:00Z,P178,58.48,29.99,29.99,EUR
2024-04-01T00:00:00Z,P179,69.68,33.99,33.99,EUR
2024-04-01T00:00:00Z,P180,72.36,41.35,41.35,EUR
2024-04-01T00:00:00Z,P181,80.36,43.44,43.44,EUR
2024-04-01T00:00:00Z,P182,94.48,48.45,48.45,JPY
2024-04-01T00:00:00Z,P183,110.06,53.69,53.69,EUR
2024-04-01T00:00:00Z,P184,106.07,60.61,60.61,EUR
2024-04-01T00:00:00Z,P185,115.20,62.27,62.27,USD
2024-04-01T00:00:00Z,P186,132.37,67.88,67.88,EUR
2024-04-01T00:00:00Z,P187,145.26,70.86,70.86,EUR
2024-04-01T00:00:00Z,P188,139.49,79.71,79.71,EUR
2024-04-01T00:00:00Z,P189,151.63,81.96,81.96,EUR
2024-04-01T00:00:00Z,P190,170.70,87.54,87.54,EUR
2024-04-01T00:00:00Z,P191,182.86,89.20,89.20,EUR
2024-04-01T00:00:00Z,P192,163.89,93.65,93.65,EUR
2024-04-01T00:00:00Z,P193,185.56,100.30,100.30,JPY
2024-04-01T00:00:00Z,P194,203.23,104.22,104.22,EUR
2024-04-01T00:00:00Z,P195,227.32,110.89,110.89,EUR
2024-04-01T00:00:00Z,P196,204.37,116.78,116.78,USD
2024-04-01T00:00:00Z,P197,225.83,122.07,122.07,EUR
2024-04-01T00:00:00Z,P198,238.58,122.35,122.35,EUR
2024-04-01T00:00:00Z,P199,264.90,129.22,129.22,EUR
2024-04-01T00:00:00Z,P200,233.73,133.56,133.56,EUR
2024-04-01T00:00:00Z,P201,254.58,137.61,137.61,EUR
2024-04-01T00:00:00Z,P202,281.21,144.21,144.21,EUR
2024-04-01T00:00:00Z,P203,27.53,13.43,13.43,EUR
2024-04-01T00:00:00Z,P204,31.20,17.83,17.83,JPY
2024-04-01T00:00:00Z,P205,34.50,18.65,18.65,EUR
2024-04-01T00:00:00Z,P206,53.66,27.52,27.52,EUR
2024-04-01T00:00:00Z,P207,62.46,30.47,30.47,USD
2024-04-01T00:00:00Z,P208,63.09,36.05,36.05,EUR
2024-04-01T00:00:00Z,P209,73.09,39.51,39.51,EUR
2024-04-01T00:00:00Z,P210,82.25,42.18,42.18,EUR
2024-04-01T00:00:00Z,P211,102.85,50.17,50.17,EUR
2024-04-01T00:00:00Z,P212,96.69,55.25,55.25,EUR
2024-04-01T00:00:00Z,P213,111.07,60.04,60.04,EUR
2024-04-01T00:00:00Z,P214,118.64,60.84,60.84,EUR
2024-04-01T00:00:00Z,P215,138.54,67.58,67.58,JPY
2024-04-01T00:00:00Z,P216,129.83,74.19,74.19,EUR
2024-04-01T00:00:00Z,P217,142.14,76.83,76.83,EUR
2024-04-01T00:00:00Z,P218,160.93,82.53,82.53,USD
2024-04-01T00:00:00Z,P219,179.07,87.35,87.35,EUR
2024-04-01T00:00:00Z,P220,162.37,92.78,92.78,EUR
2024-04-01T00:00:00Z,P221,174.07,94.09,94.09,EUR
2024-04-01T00:00:00Z,P222,200.95,103.05,103.05,EUR
2024-04-01T00:00:00Z,P223,211.76,103.30,103.30,EUR
2024-04-01T00:00:00Z,P224,190.21,108.69,108.69,EUR
2024-04-01T00:00:00Z,P225,215.01,116.22,116.22,EUR
2024-04-01T00:00:00Z,P226,231.47,118.70,118.70,JPY
2024-04-01T00:00:00Z,P227,254.79,124.29,124.29,EUR
2024-04-01T00:00:00Z,P228,225.45,128.83,128.83,EUR
2024-04-01T00:00:00Z,P229,251.56,135.98,135.98,USD
2024-04-01T00:00:00Z,P230,274.11,140.57,140.57,EUR
2024-04-01T00:00:00Z,P231,296.84,144.80,144.80,EUR
2024-04-01T00:00:00Z,P232,21.63,12.36,12.36,EUR
2024-04-01T00:00:00Z,P233,29.06,15.71,15.71,EUR
2024-04-01T00:00:00Z,P234,42.49,21.79,21.79,EUR
2024-04-01T00:00:00Z,P235,54.71,26.69,26.69,EUR
2024-04-01T00:00:00Z,P236,50.40,28.80,28.80,EUR
2024-04-01T00:00:00Z,P237,61.51,33.25,33.25,JPY
2024-04-01T00:00:00Z,P238,77.24,39.61,39.61,EUR
2024-04-01T00:00:00Z,P239,86.12,42.01,42.01,EUR
2024-04-01T00:00:00Z,P240,84.16,48.09,48.09,USD
2024-05-01T00:00:00Z,P001,31.43,16.99,16.99,EUR
2024-05-01T00:00:00Z,P002,41.18,21.12,21.12,EUR
2024-05-01T00:00:00Z,P003,52.89,25.80,25.80,EUR
2024-05-01T00:00:00Z,P004,54.72,31.27,31.27,EUR
2024-05-01T00:00:00Z,P005,65.80,35.57,35.57,EUR
2024-05-01T00:00:00Z,P006,73.77,37.83,37.83,EUR
2024-05-01T00:00:00Z,P007,95.00,46.34,46.34,EUR
2024-05-01T00:00:00Z,P008,86.94,49.68,49.68,EUR
2024-05-01T00:00:00Z,P009,99.55,53.81,53.81,USD
2024-05-01T00:00:00Z,P010,115.58,59.27,59.27,EUR
2024-05-01T00:00:00Z,P011,133.23,64.99,64.99,EUR
2024-05-01T00:00:00Z,P012,120.31,68.75,68.75,EUR
2024-05-01T00:00:00Z,P013,137.92,74.55,74.55,EUR
2024-05-01T00:00:00Z,P014,149.66,76.75,76.75,EUR
2024-05-01T00:00:00Z,P015,165.41,80.69,80.69,EUR
2024-05-01T00:00:00Z,P016,154.11,88.06,88.06,EUR
2024-05-01T00:00:00Z,P017,169.20,91.46,91.46,JPY
2024-05-01T00:00:00Z,P018,183.26,93.98,93.98,EUR
2024-05-01T00:00:00Z,P019,202.03,98.55,98.55,EUR
2024-05-01T00:00:00Z,P020,181.79,103.88,103.88,USD
2024-05-01T00:00:00Z,P021,199.50,107.84,107.84,EUR
2024-05-01T00:00:00Z,P022,227.14,116.48,116.48,EUR
2024-05-01T00:00:00Z,P023,246.00,120.00,120.00,EUR
2024-05-01T00:00:00Z,P024,218.29,124.74,124.74,EUR
2024-05-01T00:00:00Z,P025,242.15,130.89,130.89,EUR
2024-05-01T00:00:00Z,P026,260.31,133.49,133.49,EUR
2024-05-01T00:00:00Z,P027,283.29,138.19,138.19,EUR
2024-05-01T00:00:00Z,P028,248.95,142.26,142.26,JPY
2024-05-01T00:00:00Z,P029,24.96,13.49,13.49,EUR
2024-05-01T00:00:00Z,P030,28.76,14.75,14.75,EUR
2024-05-01T00:00:00Z,P031,46.60,22.73,22.73,USD
2024-05-01T00:00:00Z,P032,47.88,27.36,27.36,EUR
2024-05-01T00:00:00Z,P033,56.85,30.73,30.73,EUR
2024-05-01T00:00:00Z,P034,64.06,32.85,32.85,EUR
2024-05-01T00:00:00Z,P035,79.05,38.56,38.56,EUR
2024-05-01T00:00:00Z,P036,73.88,42.22,42.22,EUR
2024-05-01T00:00:00Z,P037,89.15,48.19,48.19,EUR
2024-05-01T00:00:00Z,P038,109.67,56.24,56.24,EUR
2024-05-01T00:00:00Z,P039,120.56,58.81,58.81,JPY
2024-05-01T00:00:00Z,P040,108.05,61.74,61.74,EUR
2024-05-01T00:00:00Z,P041,122.58,66.26,66.26,EUR
2024-05-01T00:00:00Z,P042,138.63,71.09,71.09,USD
2024-05-01T00:00:00Z,P043,153.57,74.91,74.91,EUR
2024-05-01T00:00:00Z,P044,141.01,80.58,80.58,EUR
2024-05-01T00:00:00Z,P045,160.56,86.79,86.79,EUR
2024-05-01T00:00:00Z,P046,175.34,89.92,89.92,EUR
2024-05-01T00:00:00Z,P047,195.28,95.26,95.26,EUR
2024-05-01T00:00:00Z,P048,173.18,98.96,98.96,EUR
2024-05-01T00:00:00Z,P049,197.03,106.50,106.50,EUR
2024-05-01T00:00:00Z,P050,213.80,109.64,109.64,JPY
2024-05-01T00:00:00Z,P051,230.56,112.47,112.47,EUR
2024-05-01T00:00:00Z,P052,208.22,118.98,118.98,EUR
2024-05-01T00:00:00Z,P053,228.96,123.76,123.76,USD
2024-05-01T00:00:00Z,P054,252.15,129.31,129.31,EUR
2024-05-01T00:00:00Z,P055,270.15,131.78,131.78,EUR
2024-05-01T00:00:00Z,P056,240.13,137.22,137.22,EUR
2024-05-01T00:00:00Z,P057,265.46,143.49,143.49,EUR
2024-05-01T00:00:00Z,P058,25.72,13.19,13.19,EUR
2024-05-01T00:00:00Z,P059,30.16,14.71,14.71,EUR
2024-05-01T00:00:00Z,P060,33.43,19.10,19.10,EUR
2024-05-01T00:00:00Z,P061,51.54,27.86,27.86,JPY
2024-05-01T00:00:00Z,P062,55.46,28.44,28.44,EUR
2024-05-01T00:00:00Z,P063,75.89,37.02,37.02,EUR
2024-05-01T00:00:00Z,P064,73.55,42.03,42.03,USD
2024-05-01T00:00:00Z,P065,82.77,44.74,44.74,EUR
2024-05-01T00:00:00Z,P066,97.03,49.76,49.76,EUR
2024-05-01T00:00:00Z,P067,106.89,52.14,52.14,EUR
2024-05-01T00:00:00Z,P068,106.40,60.80,60.80,EUR
2024-05-01T00:00:00Z,P069,117.75,63.65,63.65,EUR
2024-05-01T00:00:00Z,P070,127.76,65.52,65.52,EUR
2024-05-01T00:00:00Z,P071,152.48,74.38,74.38,EUR
2024-05-01T00:00:00Z,P072,131.83,75.33,75.33,JPY
2024-05-01T00:00:00Z,P073,149.28,80.69,80.69,EUR
2024-05-01T00:00:00Z,P074,169.90,87.13,87.13,EUR
2024-05-01T00:00:00Z,P075,184.87,90.18,90.18,USD
2024-05-01T00:00:00Z,P076,170.26,97.29,97.29,EUR
2024-05-01T00:00:00Z,P077,190.86,103.17,103.17,EUR
2024-05-01T00:00:00Z,P078,204.83,105.04,105.04,EUR
2024-05-01T00:00:00Z,P079,224.37,109.45,109.45,EUR
2024-05-01T00:00:00Z,P080,204.77,117.01,117.01,EUR
2024-05-01T00:00:00Z,P081,225.37,121.82,121.82,EUR
2024-05-01T00:00:00Z,P082,244.43,125.35,125.35,EUR
2024-05-01T00:00:00Z,P083,267.75,130.61,130.61,JPY
2024-05-01T00:00:00Z,P084,230.86,131.92,131.92,EUR
2024-05-01T00:00:00Z,P085,253.75,137.16,137.16,EUR
2024-05-01T00:00:00Z,P086,275.09,141.07,141.07,USD
2024-05-01T00:00:00Z,P087,23.76,11.59,11.59,EUR
2024-05-01T00:00:00Z,P088,28.68,16.39,16.39,EUR
2024-05-01T00:00:00Z,P089,35.11,18.98,18.98,EUR
2024-05-01T00:00:00Z,P090,53.43,27.40,27.40,EUR
2024-05-01T00:00:00Z,P091,62.55,30.51,30.51,EUR
2024-05-01T00:00:00Z,P092,61.46,35.12,35.12,EUR
2024-05-01T00:00:00Z,P093,77.94,42.13,42.13,EUR
2024-05-01T00:00:00Z,P094,90.56,46.44,46.44,JPY
2024-05-01T00:00:00Z,P095,104.51,50.98,50.98,EUR
2024-05-01T00:00:00Z,P096,98.14,56.08,56.08,EUR
2024-05-01T00:00:00Z,P097,110.09,59.51,59.51,USD
2024-05-01T00:00:00Z,P098,127.72,65.50,65.50,EUR
2024-05-01T00:00:00Z,P099,143.42,69.96,69.96,EUR
2024-05-01T00:00:00Z,P100,126.65,72.37,72.37,EUR
2024-05-01T00:00:00Z,P101,147.17,79.55,79.55,EUR
2024-05-01T00:00:00Z,P102,161.25,82.69,82.69,EUR
2024-05-01T00:00:00Z,P103,178.90,87.27,87.27,EUR
2024-05-01T00:00:00Z,P104,157.39,89.94,89.94,EUR
2024-05-01T00:00:00Z,P105,173.83,93.96,93.96,JPY
2024-05-01T00:00:00Z,P106,197.83,101.45,101.45,EUR
2024-05-01T00:00:00Z,P107,216.75,105.73,105.73,EUR
2024-05-01T00:00:00Z,P108,194.22,110.98,110.98,USD
2024-05-01T00:00:00Z,P109,216.34,116.94,116.94,EUR
2024-05-01T00:00:00Z,P110,237.51,121.80,121.80,EUR
2024-05-01T00:00:00Z,P111,250.39,122.14,122.14,EUR
2024-05-01T00:00:00Z,P112,222.78,127.30,127.30,EUR
2024-05-01T00:00:00Z,P113,250.75,135.54,135.54,EUR
2024-05-01T00:00:00Z,P114,268.18,137.53,137.53,EUR
2024-05-01T00:00:00Z,P115,295.36,144.08,144.08,EUR
2024-05-01T00:00:00Z,P116,24.19,13.82,13.82,JPY
2024-05-01T00:00:00Z,P117,26.62,14.39,14.39,EUR
2024-05-01T00:00:00Z,P118,43.31,22.21,22.21,EUR
2024-05-01T00:00:00Z,P119,47.58,23.21,23.21,USD
2024-05-01T00:00:00Z,P120,55.18,31.53,31.53,EUR
2024-05-01T00:00:00Z,P121,64.51,34.87,34.87,EUR
2024-05-01T00:00:00Z,P122,73.91,37.90,37.90,EUR
2024-05-01T00:00:00Z,P123,95.98,46.82,46.82,EUR
2024-05-01T00:00:00Z,P124,85.02,48.58,48.58,EUR
2024-05-01T00:00:00Z,P125,95.03,51.37,51.37,EUR
2024-05-01T00:00:00Z,P126,116.63,59.81,59.81,EUR
2024-05-01T00:00:00Z,P127,132.06,64.42,64.42,JPY
2024-05-01T00:00:00Z,P128,121.08,69.19,69.19,EUR
2024-05-01T00:00:00Z,P129,138.45,74.84,74.84,EUR
2024-05-01T00:00:00Z,P130,151.24,77.56,77.56,USD
2024-05-01T00:00:00Z,P131,166.42,81.18,81.18,EUR
2024-05-01T00:00:00Z,P132,148.94,85.11,85.11,EUR
2024-05-01T00:00:00Z,P133,165.30,89.35,89.35,EUR
2024-05-01T00:00:00Z,P134,191.49,98.20,98.20,EUR
2024-05-01T00:00:00Z,P135,211.44,103.14,103.14,EUR
2024-05-01T00:00:00Z,P136,182.46,104.26,104.26,EUR
2024-05-01T00:00:00Z,P137,203.96,110.25,110.25,EUR
2024-05-01T00:00:00Z,P138,223.41,114.57,114.57,JPY
2024-05-01T00:00:00Z,P139,247.66,120.81,120.81,EUR
2024-05-01T00:00:00Z,P140,220.75,126.14,126.14,EUR
2024-05-01T00:00:00Z,P141,242.92,131.31,131.31,USD
2024-05-01T00:00:00Z,P142,257.69,132.15,132.15,EUR
2024-05-01T00:00:00Z,P143,285.54,139.29,139.29,EUR
2024-05-01T00:00:00Z,P144,250.34,143.05,143.05,EUR
2024-05-01T00:00:00Z,P145,22.24,12.02,12.02,EUR
2024-05-01T00:00:00Z,P146,32.12,16.47,16.47,EUR
2024-05-01T00:00:00Z,P147,40.84,19.92,19.92,EUR
2024-05-01T00:00:00Z,P148,43.37,24.78,24.78,EUR
2024-05-01T00:00:00Z,P149,58.92,31.85,31.85,JPY
2024-05-01T00:00:00Z,P150,68.37,35.06,35.06,EUR
2024-05-01T00:00:00Z,P151,83.07,40.52,40.52,EUR
2024-05-01T00:00:00Z,P152,78.64,44.94,44.94,USD
2024-05-01T00:00:00Z,P153,87.32,47.20,47.20,EUR
2024-05-01T00:00:00Z,P154,105.92,54.32,54.32,EUR
2024-05-01T00:00:00Z,P155,119.41,58.25,58.25,EUR
2024-05-01T00:00:00Z,P156,106.84,61.05,61.05,EUR
2024-05-01T00:00:00Z,P157,125.30,67.73,67.73,EUR
2024-05-01T00:00:00Z,P158,145.41,74.57,74.57,EUR
2024-05-01T00:00:00Z,P159,159.04,77.58,77.58,EUR
2024-05-01T00:00:00Z,P160,146.04,83.45,83.45,JPY
2024-05-01T00:00:00Z,P161,160.19,86.59,86.59,EUR
2024-05-01T00:00:00Z,P162,182.64,93.66,93.66,EUR
2024-05-01T00:00:00Z,P163,193.83,94.55,94.55,USD
2024-05-01T00:00:00Z,P164,177.29,101.31,101.31,EUR
2024-05-01T00:00:00Z,P165,194.58,105.18,105.18,EUR
2024-05-01T00:00:00Z,P166,216.96,111.26,111.26,EUR
2024-05-01T00:00:00Z,P167,238.95,116.56,116.56,EUR
2024-05-01T00:00:00Z,P168,206.15,117.80,117.80,EUR
2024-05-01T00:00:00Z,P169,225.57,121.93,121.93,EUR
2024-05-01T00:00:00Z,P170,248.47,127.42,127.42,EUR
2024-05-01T00:00:00Z,P171,276.59,134.92,134.92,JPY
2024-05-01T00:00:00Z,P172,239.44,136.82,136.82,EUR
2024-05-01T00:00:00Z,P173,267.62,144.66,144.66,EUR
2024-05-01T00:00:00Z,P174,25.14,12.89,12.89,USD
2024-05-01T00:00:00Z,P175,34.56,16.86,16.86,EUR
2024-05-01T00:00:00Z,P176,40.53,23.16,23.16,EUR
2024-05-01T00:00:00Z,P177,49.93,26.99,26.99,EUR
2024-05-01T00:00:00Z,P178,58.48,29.99,29.99,EUR
2024-05-01T00:00:00Z,P179,69.68,33.99,33.99,EUR
2024-05-01T00:00:00Z,P180,72.36,41.35,41.35,EUR
2024-05-01T00:00:00Z,P181,80.36,43.44,43.44,EUR
2024-05-01T00:00:00Z,P182,94.48,48.45,48.45,JPY
2024-05-01T00:00:00Z,P183,110.06,53.69,53.69,EUR
2024-05-01T00:00:00Z,P184,106.07,60.61,60.61,EUR
2024-05-01T00:00:00Z,P185,115.20,62.27,62.27,USD
2024-05-01T00:00:00Z,P186,132.37,67.88,67.88,EUR
2024-05-01T00:00:00Z,P187,145.26,70.86,70.86,EUR
2024-05-01T00:00:00Z,P188,139.49,79.71,79.71,EUR
2024-05-01T00:00:00Z,P189,151.63,81.96,81.96,EUR
2024-05-01T00:00:00Z,P190,170.70,87.54,87.54,EUR
2024-05-01T00:00:00Z,P191,182.86,89.20,89.20,EUR
2024-05-01T00:00:00Z,P192,163.89,93.65,93.65,EUR
2024-05-01T00:00:00Z,P193,185.56,100.30,100.30,JPY
2024-05-01T00:00:00Z,P194,203.23,104.22,104.22,EUR
2024-05-01T00:00:00Z,P195,227.32,110.89,110.89,EUR
2024-05-01T00:00:00Z,P196,204.37,116.78,116.78,USD
2024-05-01T00:00:00Z,P197,225.83,122.07,122.07,EUR
2024-05-01T00:00:00Z,P198,238.58,122.35,122.35,EUR
2024-05-01T00:00:00Z,P199,264.90,129.22,129.22,EUR
2024-05-01T00:00:00Z,P200,233.73,133.56,133.56,EUR
2024-05-01T00:00:00Z,P201,254.58,137.61,137.61,EUR
2024-05-01T00:00:00Z,P202,281.21,144.21,144.21,EUR
2024-05-01T00:00:00Z,P203,27.53,13.43,13.43,EUR
2024-05-01T00:00:00Z,P204,31.20,17.83,17.83,JPY
2024-05-01T00:00:00Z,P205,34.50,18.65,18.65,EUR
2024-05-01T00:00:00Z,P206,53.66,27.52,27.52,EUR
2024-05-01T00:00:00Z,P207,62.46,30.47,30.47,USD
2024-05-01T00:00:00Z,P208,63.09,36.05,36.05,EUR
2024-05-01T00:00:00Z,P209,73.09,39.51,39.51,EUR
2024-05-01T00:00:00Z,P210,82.25,42.18,42.18,EUR
2024-05-01T00:00:00Z,P211,102.85,50.17,50.17,EUR
2024-05-01T00:00:00Z,P212,96.69,55.25,55.25,EUR
2024-05-01T00:00:00Z,P213,111.07,60.04,60.04,EUR
2024-05-01T00:00:00Z,P214,118.64,60.84,60.84,EUR
2024-05-01T00:00:00Z,P215,138.54,67.58,67.58,JPY
2024-05-01T00:00:00Z,P216,129.83,74.19,74.19,EUR
2024-05-01T00:00:00Z,P217,142.14,76.83,76.83,EUR
2024-05-01T00:00:00Z,P218,160.93,82.53,82.53,USD
2024-05-01T00:00:00Z,P219,179.07,87.35,87.35,EUR
2024-05-01T00:00:00Z,P220,162.37,92.78,92.78,EUR
2024-05-01T00:00:00Z,P221,174.07,94.09,94.09,EUR
2024-05-01T00:00:00Z,P222,200.95,103.05,103.05,EUR
2024-05-01T00:00:00Z,P223,211.76,103.30,103.30,EUR
2024-05-01T00:00:00Z,P224,190.21,108.69,108.69,EUR
2024-05-01T00:00:00Z,P225,215.01,116.22,116.22,EUR
2024-05-01T00:00:00Z,P226,231.47,118.70,118.70,JPY
2024-05-01T00:00:00Z,P227,254.79,124.29,124.29,EUR
2024-05-01T00:00:00Z,P228,225.45,128.83,128.83,EUR
2024-05-01T00:00:00Z,P229,251.56,135.98,135.98,USD
2024-05-01T00:00:00Z,P230,274.11,140.57,140.57,EUR
2024-05-01T00:00:00Z,P231,296.84,144.80,144.80,EUR
2024-05-01T00:00:00Z,P232,21.63,12.36,12.36,EUR
2024-05-01T00:00:00Z,P233,29.06,15.71,15.71,EUR
2024-05-01T00:00:00Z,P234,42.49,21.79,21.79,EUR
2024-05-01T00:00:00Z,P235,54.71,26.69,26.69,EUR
2024-05-01T00:00:00Z,P236,50.40,28.80,28.80,EUR
2024-05-01T00:00:00Z,P237,61.51,33.25,33.25,JPY
2024-05-01T00:00:00Z,P238,77.24,39.61,39.61,EUR
2024-05-01T00:00:00Z,P239,86.12,42.01,42.01,EUR
2024-05-01T00:00:00Z,P240,84.16,48.09,48.09,USD
2024-06-01T00:00:00Z,P001,31.43,16.99,16.99,EUR
2024-06-01T00:00:00Z,P002,41.18,21.12,21.12,EUR
2024-06-01T00:00:00Z,P003,52.89,25.80,25.80,EUR
2024-06-01T00:00:00Z,P004,54.72,31.27,31.27,EUR
2024-06-01T00:00:00Z,P005,65.80,35.57,35.57,EUR
2024-06-01T00:00:00Z,P006,73.77,37.83,37.83,EUR
2024-06-01T00:00:00Z,P007,95.00,46.34,46.34,EUR
2024-06-01T00:00:00Z,P008,86.94,49.68,49.68,EUR
2024-06-01T00:00:00Z,P009,99.55,53.81,53.81,USD
2024-06-01T00:00:00Z,P010,115.58,59.27,59.27,EUR
2024-06-01T00:00:00Z,P011,133.23,64.99,64.99,EUR
2024-06-01T00:00:00Z,P012,120.31,68.75,68.75,EUR
2024-06-01T00:00:00Z,P013,137.92,74.55,74.55,EUR
2024-06-01T00:00:00Z,P014,149.66,76.75,76.75,EUR
2024-06-01T00:00:00Z,P015,165.41,80.69,80.69,EUR
2024-06-01T00:00:00Z,P016,154.11,88.06,88.06,EUR
2024-06-01T00:00:00Z,P017,169.20,91.46,91.46,JPY
2024-06-01T00:00:00Z,P018,183.26,93.98,93.98,EUR
2024-06-01T00:00:00Z,P019,202.03,98.55,98.55,EUR
2024-06-01T00:00:00Z,P020,181.79,103.88,103.88,USD
2024-06-01T00:00:00Z,P021,199.50,107.84,107.84,EUR
2024-06-01T00:00:00Z,P022,227.14,116.48,116.48,EUR
2024-06-01T00:00:00Z,P023,246.00,120.00,120.00,EUR
2024-06-01T00:00:00Z,P024,218.29,124.74,124.74,EUR
2024-06-01T00:00:00Z,P025,242.15,130.89,130.89,EUR
2024-06-01T00:00:00Z,P026,260.31,133.49,133.49,EUR
2024-06-01T00:00:00Z,P027,283.29,138.19,138.19,EUR
2024-06-01T00:00:00Z,P028,248.95,142.26,142.26,JPY
2024-06-01T00:00:00Z,P029,24.96,13.49,13.49,EUR
2024-06-01T00:00:00Z,P030,28.76,14.75,14.75,EUR
2024-06-01T00:00:00Z,P031,46.60,22.73,22.73,USD
2024-06-01T00:00:00Z,P032,47.88,27.36,27.36,EUR
2024-06-01T00:00:00Z,P033,56.85,30.73,30.73,EUR
2024-06-01T00:00:00Z,P034,64.06,32.85,32.85,EUR
2024-06-01T00:00:00Z,P035,79.05,38.56,38.56,EUR
2024-06-01T00:00:00Z,P036,73.88,42.22,42.22,EUR
2024-06-01T00:00:00Z,P037,89.15,48.19,48.19,EUR
2024-06-01T00:00:00Z,P038,109.67,56.24,56.24,EUR
2024-06-01T00:00:00Z,P039,120.56,58.81,58.81,JPY
2024-06-01T00:00:00Z,P040,108.05,61.74,61.74,EUR
2024-06-01T00:00:00Z,P041,122.58,66.26,66.26,EUR
2024-06-01T00:00:00Z,P042,138.63,71.09,71.09,USD
2024-06-01T00:00:00Z,P043,153.57,74.91,74.91,EUR
2024-06-01T00:00:00Z,P044,141.01,80.58,80.58,EUR
2024-06-01T00:00:00Z,P045,160.56,86.79,86.79,EUR
2024-06-01T00:00:00Z,P046,175.34,89.92,89.92,EUR
2024-06-01T00:00:00Z,P047,195.28,95.26,95.26,EUR
2024-06-01T00:00:00Z,P048,173.18,98.96,98.96,EUR
2024-06-01T00:00:00Z,P049,197.03,106.50,106.50,EUR
2024-06-01T00:00:00Z,P050,213.80,109.64,109.64,JPY
2024-06-01T00:00:00Z,P051,230.56,112.47,112.47,EUR
2024-06-01T00:00:00Z,P052,208.22,118.98,118.98,EUR
2024-06-01T00:00:00Z,P053,228.96,123.76,123.76,USD
2024-06-01T00:00:00Z,P054,252.15,129.31,129.31,EUR
2024-06-01T00:00:00Z,P055,270.15,131.78,131.78,EUR
2024-06-01T00:00:00Z,P056,240.13,137.22,137.22,EUR
2024-06-01T00:00:00Z,P057,265.46,143.49,143.49,EUR
2024-06-01T00:00:00Z,P058,25.72,13.19,13.19,EUR
2024-06-01T00:00:00Z,P059,30.16,14.71,14.71,EUR
2024-06-01T00:00:00Z,P060,33.43,19.10,19.10,EUR
2024-06-01T00:00:00Z,P061,51.54,27.86,27.86,JPY
2024-06-01T00:00:00Z,P062,55.46,28.44,28.44,EUR
2024-06-01T00:00:00Z,P063,75.89,37.02,37.02,EUR
2024-06-01T00:00:00Z,P064,73.55,42.03,42.03,USD
2024-06-01T00:00:00Z,P065,82.77,44.74,44.74,EUR
2024-06-01T00:00:00Z,P066,97.03,49.76,49.76,EUR
2024-06-01T00:00:00Z,P067,106.89,52.14,52.14,EUR
2024-06-01T00:00:00Z,P068,106.40,60.80,60.80,EUR
2024-06-01T00:00:00Z,P069,117.75,63.65,63.65,EUR
2024-06-01T00:00:00Z,P070,127.76,65.52,65.52,EUR
2024-06-01T00:00:00Z,P071,152.48,74.38,74.38,EUR
2024-06-01T00:00:00Z,P072,131.83,75.33,75.33,JPY
2024-06-01T00:00:00Z,P073,149.28,80.69,80.69,EUR
2024-06-01T00:00:00Z,P074,169.90,87.13,87.13,EUR
2024-06-01T00:00:00Z,P075,184.87,90.18,90.18,USD
2024-06-01T00:00:00Z,P076,170.26,97.29,97.29,EUR
2024-06-01T00:00:00Z,P077,190.86,103.17,103.17,EUR
2024-06-01T00:00:00Z,P078,204.83,105.04,105.04,EUR
2024-06-01T00:00:00Z,P079,224.37,109.45,109.45,EUR
2024-06-01T00:00:00Z,P080,204.77,117.01,117.01,EUR
2024-06-01T00:00:00Z,P081,225.37,121.82,121.82,EUR
2024-06-01T00:00:00Z,P082,244.43,125.35,125.35,EUR
2024-06-01T00:00:00Z,P083,267.75,130.61,130.61,JPY
2024-06-01T00:00:00Z,P084,230.86,131.92,131.92,EUR
2024-06-01T00:00:00Z,P085,253.75,137.16,137.16,EUR
2024-06-01T00:00:00Z,P086,275.09,141.07,141.07,USD
2024-06-01T00:00:00Z,P087,23.76,11.59,11.59,EUR
2024-06-01T00:00:00Z,P088,28.68,16.39,16.39,EUR
2024-06-01T00:00:00Z,P089,35.11,18.98,18.98,EUR
2024-06-01T00:00:00Z,P090,53.43,27.40,27.40,EUR
2024-06-01T00:00:00Z,P091,62.55,30.51,30.51,EUR
2024-06-01T00:00:00Z,P092,61.46,35.12,35.12,EUR
2024-06-01T00:00:00Z,P093,77.94,42.13,42.13,EUR
2024-06-01T00:00:00Z,P094,90.56,46.44,46.44,JPY
2024-06-01T00:00:00Z,P095,104.51,50.98,50.98,EUR
2024-06-01T00:00:00Z,P096,98.14,56.08,56.08,EUR
2024-06-01T00:00:00Z,P097,110.09,59.51,59.51,USD
2024-06-01T00:00:00Z,P098,127.72,65.50,65.50,EUR
2024-06-01T00:00:00Z,P099,143.42,69.96,69.96,EUR
2024-06-01T00:00:00Z,P100,126.65,72.37,72.37,EUR
2024-06-01T00:00:00Z,P101,147.17,79.55,79.55,EUR
2024-06-01T00:00:00Z,P102,161.25,82.69,82.69,EUR
2024-06-01T00:00:00Z,P103,178.90,87.27,87.27,EUR
2024-06-01T00:00:00Z,P104,157.39,89.94,89.94,EUR
2024-06-01T00:00:00Z,P105,173.83,93.96,93.96,JPY
2024-06-01T00:00:00Z,P106,197.83,101.45,101.45,EUR
2024-06-01T00:00:00Z,P107,216.75,105.73,105.73,EUR
2024-06-01T00:00:00Z,P108,194.22,110.98,110.98,USD
2024-06-01T00:00:00Z,P109,216.34,116.94,116.94,EUR
2024-06-01T00:00:00Z,P110,237.51,121.80,121.80,EUR
2024-06-01T00:00:00Z,P111,250.39,122.14,122.14,EUR
2024-06-01T00:00:00Z,P112,222.78,127.30,127.30,EUR
2024-06-01T00:00:00Z,P113,250.75,135.54,135.54,EUR
2024-06-01T00:00:00Z,P114,268.18,137.53,137.53,EUR
2024-06-01T00:00:00Z,P115,295.36,144.08,144.08,EUR
2024-06-01T00:00:00Z,P116,24.19,13.82,13.82,JPY
2024-06-01T00:00:00Z,P117,26.62,14.39,14.39,EUR
2024-06-01T00:00:00Z,P118,43.31,22.21,22.21,EUR
2024-06-01T00:00:00Z,P119,47.58,23.21,23.21,USD
2024-06-01T00:00:00Z,P120,55.18,31.53,31.53,EUR
2024-06-01T00:00:00Z,P121,64.51,34.87,34.87,EUR
2024-06-01T00:00:00Z,P122,73.91,37.90,37.90,EUR
2024-06-01T00:00:00Z,P123,95.98,46.82,46.82,EUR
2024-06-01T00:00:00Z,P124,85.02,48.58,48.58,EUR
2024-06-01T00:00:00Z,P125,95.03,51.37,51.37,EUR
2024-06-01T00:00:00Z,P126,116.63,59.81,59.81,EUR
2024-06-01T00:00:00Z,P127,132.06,64.42,64.42,JPY
2024-06-01T00:00:00Z,P128,121.08,69.19,69.19,EUR
2024-06-01T00:00:00Z,P129,138.45,74.84,74.84,EUR
2024-06-01T00:00:00Z,P130,151.24,77.56,77.56,USD
2024-06-01T00:00:00Z,P131,166.42,81.18,81.18,EUR
2024-06-01T00:00:00Z,P132,148.94,85.11,85.11,EUR
2024-06-01T00:00:00Z,P133,165.30,89.35,89.35,EUR
2024-06-01T00:00:00Z,P134,191.49,98.20,98.20,EUR
2024-06-01T00:00:00Z,P135,211.44,103.14,103.14,EUR
2024-06-01T00:00:00Z,P136,182.46,104.26,104.26,EUR
2024-06-01T00:00:00Z,P137,203.96,110.25,110.25,EUR
2024-06-01T00:00:00Z,P138,223.41,114.57,114.57,JPY
2024-06-01T00:00:00Z,P139,247.66,120.81,120.81,EUR
2024-06-01T00:00:00Z,P140,220.75,126.14,126.14,EUR
2024-06-01T00:00:00Z,P141,242.92,131.31,131.31,USD
2024-06-01T00:00:00Z,P142,257.69,132.15,132.15,EUR
2024-06-01T00:00:00Z,P143,285.54,139.29,139.29,EUR
2024-06-01T00:00:00Z,P144,250.34,143.05,143.05,EUR
2024-06-01T00:00:00Z,P145,22.24,12.02,12.02,EUR
2024-06-01T00:00:00Z,P146,32.12,16.47,16.47,EUR
2024-06-01T00:00:00Z,P147,40.84,19.92,19.92,EUR
2024-06-01T00:00:00Z,P148,43.37,24.78,24.78,EUR
2024-06-01T00:00:00Z,P149,58.92,31.85,31.85,JPY
2024-06-01T00:00:00Z,P150,68.37,35.06,35.06,EUR
2024-06-01T00:00:00Z,P151,83.07,40.52,40.52,EUR
2024-06-01T00:00:00Z,P152,78.64,44.94,44.94,USD
2024-06-01T00:00:00Z,P153,87.32,47.20,47.20,EUR
2024-06-01T00:00:00Z,P154,105.92,54.32,54.32,EUR
2024-06-01T00:00:00Z,P155,119.41,58.25,58.25,EUR
2024-06-01T00:00:00Z,P156,106.84,61.05,61.05,EUR
2024-06-01T00:00:00Z,P157,125.30,67.73,67.73,EUR
2024-06-01T00:00:00Z,P158,145.41,74.57,74.57,EUR
2024-06-01T00:00:00Z,P159,159.04,77.58,77.58,EUR
2024-06-01T00:00:00Z,P160,146.04,83.45,83.45,JPY
2024-06-01T00:00:00Z,P161,160.19,86.59,86.59,EUR
2024-06-01T00:00:00Z,P162,182.64,93.66,93.66,EUR
2024-06-01T00:00:00Z,P163,193.83,94.55,94.55,USD
2024-06-01T00:00:00Z,P164,177.29,101.31,101.31,EUR
2024-06-01T00:00:00Z,P165,194.58,105.18,105.18,EUR
2024-06-01T00:00:00Z,P166,216.96,111.26,111.26,EUR
2024-06-01T00:00:00Z,P167,238.95,116.56,116.56,EUR
2024-06-01T00:00:00Z,P168,206.15,117.80,117.80,EUR
2024-06-01T00:00:00Z,P169,225.57,121.93,121.93,EUR
2024-06-01T00:00:00Z,P170,248.47,127.42,127.42,EUR
2024-06-01T00:00:00Z,P171,276.59,134.92,134.92,JPY
2024-06-01T00:00:00Z,P172,239.44,136.82,136.82,EUR
2024-06-01T00:00:00Z,P173,267.62,144.66,144.66,EUR
2024-06-01T00:00:00Z,P174,25.14,12.89,12.89,USD
2024-06-01T00:00:00Z,P175,34.56,16.86,16.86,EUR
2024-06-01T00:00:00Z,P176,40.53,23.16,23.16,EUR
2024-06-01T00:00:00Z,P177,49.93,26.99,26.99,EUR
2024-06-01T00:00:00Z,P178,58.48,29.99,29.99,EUR
2024-06-01T00:00:00Z,P179,69.68,33.99,33.99,EUR
2024-06-01T00:00:00Z,P180,72.36,41.35,41.35,EUR
2024-06-01T00:00:00Z,P181,80.36,43.44,43.44,EUR
2024-06-01T00:00:00Z,P182,94.48,48.45,48.45,JPY
2024-06-01T00:00:00Z,P183,110.06,53.69,53.69,EUR
2024-06-01T00:00:00Z,P184,106.07,60.61,60.61,EUR
2024-06-01T00:00:00Z,P185,115.20,62.27,62.27,USD
2024-06-01T00:00:00Z,P186,132.37,67.88,67.88,EUR
2024-06-01T00:00:00Z,P187,145.26,70.86,70.86,EUR
2024-06-01T00:00:00Z,P188,139.49,79.71,79.71,EUR
2024-06-01T00:00:00Z,P189,151.63,81.96,81.96,EUR
2024-06-01T00:00:00Z,P190,170.70,87.54,87.54,EUR
2024-06-01T00:00:00Z,P191,182.86,89.20,89.20,EUR
2024-06-01T00:00:00Z,P192,163.89,93.65,93.65,EUR
2024-06-01T00:00:00Z,P193,185.56,100.30,100.30,JPY
2024-06-01T00:00:00Z,P194,203.23,104.22,104.22,EUR
2024-06-01T00:00:00Z,P195,227.32,110.89,110.89,EUR
2024-06-01T00:00:00Z,P196,204.37,116.78,116.78,USD
2024-06-01T00:00:00Z,P197,225.83,122.07,122.07,EUR
2024-06-01T00:00:00Z,P198,238.58,122.35,122.35,EUR
2024-06-01T00:00:00Z,P199,264.90,129.22,129.22,EUR
2024-06-01T00:00:00Z,P200,233.73,133.56,133.56,EUR
2024-06-01T00:00:00Z,P201,254.58,137.61,137.61,EUR
2024-06-01T00:00:00Z,P202,281.21,144.21,144.21,EUR
2024-06-01T00:00:00Z,P203,27.53,13.43,13.43,EUR
2024-06-01T00:00:00Z,P204,31.20,17.83,17.83,JPY
2024-06-01T00:00:00Z,P205,34.50,18.65,18.65,EUR
2024-06-01T00:00:00Z,P206,53.66,27.52,27.52,EUR
2024-06-01T00:00:00Z,P207,62.46,30.47,30.47,USD
2024-06-01T00:00:00Z,P208,63.09,36.05,36.05,EUR
2024-06-01T00:00:00Z,P209,73.09,39.51,39.51,EUR
2024-06-01T00:00:00Z,P210,82.25,42.18,42.18,EUR
2024-06-01T00:00:00Z,P211,102.85,50.17,50.17,EUR
2024-06-01T00:00:00Z,P212,96.69,55.25,55.25,EUR
2024-06-01T00:00:00Z,P213,111.07,60.04,60.04,EUR
2024-06-01T00:00:00Z,P214,118.64,60.84,60.84,EUR
2024-06-01T00:00:00Z,P215,138.54,67.58,67.58,JPY
2024-06-01T00:00:00Z,P216,129.83,74.19,74.19,EUR
2024-06-01T00:00:00Z,P217,142.14,76.83,76.83,EUR
2024-06-01T00:00:00Z,P218,160.93,82.53,82.53,USD
2024-06-01T00:00:00Z,P219,179.07,87.35,87.35,EUR
2024-06-01T00:00:00Z,P220,162.37,92.78,92.78,EUR
2024-06-01T00:00:00Z,P221,174.07,94.09,94.09,EUR
2024-06-01T00:00:00Z,P222,200.95,103.05,103.05,EUR
2024-06-01T00:00:00Z,P223,211.76,103.30,103.30,EUR
2024-06-01T00:00:00Z,P224,190.21,108.69,108.69,EUR
2024-06-01T00:00:00Z,P225,215.01,116.22,116.22,EUR
2024-06-01T00:00:00Z,P226,231.47,118.70,118.70,JPY
2024-06-01T00:00:00Z,P227,254.79,124.29,124.29,EUR
2024-06-01T00:00:00Z,P228,225.45,128.83,128.83,EUR
2024-06-01T00:00:00Z,P229,251.56,135.98,135.98,USD
2024-06-01T00:00:00Z,P230,274.11,140.57,140.57,EUR
2024-06-01T00:00:00Z,P231,296.84,144.80,144.80,EUR
2024-06-01T00:00:00Z,P232,21.63,12.36,12.36,EUR
2024-06-01T00:00:00Z,P233,29.06,15.71,15.71,EUR
2024-06-01T00:00:00Z,P234,42.49,21.79,21.79,EUR
2024-06-01T00:00:00Z,P235,54.71,26.69,26.69,EUR
2024-06-01T00:00:00Z,P236,50.40,28.80,28.80,EUR
2024-06-01T00:00:00Z,P237,61.51,33.25,33.25,JPY
2024-06-01T00:00:00Z,P238,77.24,39.61,39.61,EUR
2024-06-01T00:00:00Z,P239,86.12,42.01,42.01,EUR
2024-06-01T00:00:00Z,P240,84.16,48.09,48.09,USD
2024-07-01T00:00:00Z,P001,31.43,16.99,16.99,EUR
2024-07-01T00:00:00Z,P002,41.18,21.12,21.12,EUR
2024-07-01T00:00:00Z,P003,52.89,25.80,25.80,EUR
2024-07-01T00:00:00Z,P004,54.72,31.27,31.27,EUR
2024-07-01T00:00:00Z,P005,65.80,35.57,35.57,EUR
2024-07-01T00:00:00Z,P006,73.77,37.83,37.83,EUR
2024-07-01T00:00:00Z,P007,95.00,46.34,46.34,EUR
2024-07-01T00:00:00Z,P008,86.94,49.68,49.68,EUR
2024-07-01T00:00:00Z,P009,99.55,53.81,53.81,USD
2024-07-01T00:00:00Z,P010,115.58,59.27,59.27,EUR
2024-07-01T00:00:00Z,P011,133.23,64.99,64.99,EUR
2024-07-01T00:00:00Z,P012,120.31,68.75,68.75,EUR
2024-07-01T00:00:00Z,P013,137.92,74.55,74.55,EUR
2024-07-01T00:00:00Z,P014,149.66,76.75,76.75,EUR
2024-07-01T00:00:00Z,P015,165.41,80.69,80.69,EUR
2024-07-01T00:00:00Z,P016,154.11,88.06,88.06,EUR
2024-07-01T00:00:00Z,P017,169.20,91.46,91.46,JPY
2024-07-01T00:00:00Z,P018,183.26,93.98,93.98,EUR
2024-07-01T00:00:00Z,P019,202.03,98.55,98.55,EUR
2024-07-01T00:00:00Z,P020,181.79,103.88,103.88,USD
2024-07-01T00:00:00Z,P021,199.50,107.84,107.84,EUR
2024-07-01T00:00:00Z,P022,227.14,116.48,116.48,EUR
2024-07-01T00:00:00Z,P023,246.00,120.00,120.00,EUR
2024-07-01T00:00:00Z,P024,218.29,124.74,124.74,EUR
2024-07-01T00:00:00Z,P025,242.15,130.89,130.89,EUR
2024-07-01T00:00:00Z,P026,260.31,133.49,133.49,EUR
2024-07-01T00:00:00Z,P027,283.29,138.19,138.19,EUR
2024-07-01T00:00:00Z,P028,248.95,142.26,142.26,JPY
2024-07-01T00:00:00Z,P029,24.96,13.49,13.49,EUR
2024-07-01T00:00:00Z,P030,28.76,14.75,14.75,EUR
2024-07-01T00:00:00Z,P031,46.60,22.73,22.73,USD
2024-07-01T00:00:00Z,P032,47.88,27.36,27.36,EUR
2024-07-01T00:00:00Z,P033,56.85,30.73,30.73,EUR
2024-07-01T00:00:00Z,P034,64.06,32.85,32.85,EUR
2024-07-01T00:00:00Z,P035,79.05,38.56,38.56,EUR
2024-07-01T00:00:00Z,P036,73.88,42.22,42.22,EUR
2024-07-01T00:00:00Z,P037,89.15,48.19,48.19,EUR
2024-07-01T00:00:00Z,P038,109.67,56.24,56.24,EUR
2024-07-01T00:00:00Z,P039,120.56,58.81,58.81,JPY
2024-07-01T00:00:00Z,P040,108.05,61.74,61.74,EUR
2024-07-01T00:00:00Z,P041,122.58,66.26,66.26,EUR
2024-07-01T00:00:00Z,P042,138.63,71.09,71.09,USD
2024-07-01T00:00:00Z,P043,153.57,74.91,74.91,EUR
2024-07-01T00:00:00Z,P044,141.01,80.58,80.58,EUR
2024-07-01T00:00:00Z,P045,160.56,86.79,86.79,EUR
2024-07-01T00:00:00Z,P046,175.34,89.92,89.92,EUR
2024-07-01T00:00:00Z,P047,195.28,95.26,95.26,EUR
2024-07-01T00:00:00Z,P048,173.18,98.96,98.96,EUR
2024-07-01T00:00:00Z,P049,197.03,106.50,106.50,EUR
2024-07-01T00:00:00Z,P050,213.80,109.64,109.64,JPY
2024-07-01T00:00:00Z,P051,230.56,112.47,112.47,EUR
2024-07-01T00:00:00Z,P052,208.22,118.98,118.98,EUR
2024-07-01T00:00:00Z,P053,228.96,123.76,123.76,USD
2024-07-01T00:00:00Z,P054,252.15,129.31,129.31,EUR
2024-07-01T00:00:00Z,P055,270.15,131.78,131.78,EUR
2024-07-01T00:00:00Z,P056,240.13,137.22,137.22,EUR
2024-07-01T00:00:00Z,P057,265.46,143.49,143.49,EUR
2024-07-01T00:00:00Z,P058,25.72,13.19,13.19,EUR
2024-07-01T00:00:00Z,P059,30.16,14.71,14.71,EUR
2024-07-01T00:00:00Z,P060,33.43,19.10,19.10,EUR
2024-07-01T00:00:00Z,P061,51.54,27.86,27.86,JPY
2024-07-01T00:00:00Z,P062,55.46,28.44,28.44,EUR
2024-07-01T00:00:00Z,P063,75.89,37.02,37.02,EUR
2024-07-01T00:00:00Z,P064,73.55,42.03,42.03,USD
2024-07-01T00:00:00Z,P065,82.77,44.74,44.74,EUR
2024-07-01T00:00:00Z,P066,97.03,49.76,49.76,EUR
2024-07-01T00:00:00Z,P067,106.89,52.14,52.14,EUR
2024-07-01T00:00:00Z,P068,106.40,60.80,60.80,EUR
2024-07-01T00:00:00Z,P069,117.75,63.65,63.65,EUR
2024-07-01T00:00:00Z,P070,127.76,65.52,65.52,EUR
2024-07-01T00:00:00Z,P071,152.48,74.38,74.38,EUR
2024-07-01T00:00:00Z,P072,131.83,75.33,75.33,JPY
2024-07-01T00:00:00Z,P073,149.28,80.69,80.69,EUR
2024-07-01T00:00:00Z,P074,169.90,87.13,87.13,EUR
2024-07-01T00:00:00Z,P075,184.87,90.18,90.18,USD
2024-07-01T00:00:00Z,P076,170.26,97.29,97.29,EUR
2024-07-01T00:00:00Z,P077,190.86,103.17,103.17,EUR
2024-07-01T00:00:00Z,P078,204.83,105.04,105.04,EUR
2024-07-01T00:00:00Z,P079,224.37,109.45,109.45,EUR
2024-07-01T00:00:00Z,P080,204.77,117.01,117.01,EUR
2024-07-01T00:00:00Z,P081,225.37,121.82,121.82,EUR
2024-07-01T00:00:00Z,P082,244.43,125.35,125.35,EUR
2024-07-01T00:00:00Z,P083,267.75,130.61,130.61,JPY
2024-07-01T00:00:00Z,P084,230.86,131.92,131.92,EUR
2024-07-01T00:00:00Z,P085,253.75,137.16,137.16,EUR
2024-07-01T00:00:00Z,P086,275.09,141.07,141.07,USD
2024-07-01T00:00:00Z,P087,23.76,11.59,11.59,EUR
2024-07-01T00:00:00Z,P088,28.68,16.39,16.39,EUR
2024-07-01T00:00:00Z,P089,35.11,18.98,18.98,EUR
2024-07-01T00:00:00Z,P090,53.43,27.40,27.40,EUR
2024-07-01T00:00:00Z,P091,62.55,30.51,30.51,EUR
2024-07-01T00:00:00Z,P092,61.46,35.12,35.12,EUR
2024-07-01T00:00:00Z,P093,77.94,42.13,42.13,EUR
2024-07-01T00:00:00Z,P094,90.56,46.44,46.44,JPY
2024-07-01T00:00:00Z,P095,104.51,50.98,50.98,EUR
2024-07-01T00:00:00Z,P096,98.14,56.08,56.08,EUR
2024-07-01T00:00:00Z,P097,110.09,59.51,59.51,USD
2024-07-01T00:00:00Z,P098,127.72,65.50,65.50,EUR
2024-07-01T00:00:00Z,P099,143.42,69.96,69.96,EUR
2024-07-01T00:00:00Z,P100,126.65,72.37,72.37,EUR
2024-07-01T00:00:00Z,P101,147.17,79.55,79.55,EUR
2024-07-01T00:00:00Z,P102,161.25,82.69,82.69,EUR
2024-07-01T00:00:00Z,P103,178.90,87.27,87.27,EUR
2024-07-01T00:00:00Z,P104,157.39,89.94,89.94,EUR
2024-07-01T00:00:00Z,P105,173.83,93.96,93.96,JPY
2024-07-01T00:00:00Z,P106,197.83,101.45,101.45,EUR
2024-07-01T00:00:00Z,P107,216.75,105.73,105.73,EUR
2024-07-01T00:00:00Z,P108,194.22,110.98,110.98,USD
2024-07-01T00:00:00Z,P109,216.34,116.94,116.94,EUR
2024-07-01T00:00:00Z,P110,237.51,121.80,121.80,EUR
2024-07-01T00:00:00Z,P111,250.39,122.14,122.14,EUR
2024-07-01T00:00:00Z,P112,222.78,127.30,127.30,EUR
2024-07-01T00:00:00Z,P113,250.75,135.54,135.54,EUR
2024-07-01T00:00:00Z,P114,268.18,137.53,137.53,EUR
2024-07-01T00:00:00Z,P115,295.36,144.08,144.08,EUR
2024-07-01T00:00:00Z,P116,24.19,13.82,13.82,JPY
2024-07-01T00:00:00Z,P117,26.62,14.39,14.39,EUR
2024-07-01T00:00:00Z,P118,43.31,22.21,22.21,EUR
2024-07-01T00:00:00Z,P119,47.58,23.21,23.21,USD
2024-07-01T00:00:00Z,P120,55.18,31.53,31.53,EUR
2024-07-01T00:00:00Z,P121,64.51,34.87,34.87,EUR
2024-07-01T00:00:00Z,P122,73.91,37.90,37.90,EUR
2024-07-01T00:00:00Z,P123,95.98,46.82,46.82,EUR
2024-07-01T00:00:00Z,P124,85.02,48.58,48.58,EUR
2024-07-01T00:00:00Z,P125,95.03,51.37,51.37,EUR
2024-07-01T00:00:00Z,P126,116.63,59.81,59.81,EUR
2024-07-01T00:00:00Z,P127,132.06,64.42,64.42,JPY
2024-07-01T00:00:00Z,P128,121.08,69.19,69.19,EUR
2024-07-01T00:00:00Z,P129,138.45,74.84,74.84,EUR
2024-07-01T00:00:00Z,P130,151.24,77.56,77.56,USD
2024-07-01T00:00:00Z,P131,166.42,81.18,81.18,EUR
2024-07-01T00:00:00Z,P132,148.94,85.11,85.11,EUR
2024-07-01T00:00:00Z,P133,165.30,89.35,89.35,EUR
2024-07-01T00:00:00Z,P134,191.49,98.20,98.20,EUR
2024-07-01T00:00:00Z,P135,211.44,103.14,103.14,EUR
2024-07-01T00:00:00Z,P136,182.46,104.26,104.26,EUR
2024-07-01T00:00:00Z,P137,203.96,110.25,110.25,EUR
2024-07-01T00:00:00Z,P138,223.41,114.57,114.57,JPY
2024-07-01T00:00:00Z,P139,247.66,120.81,120.81,EUR
2024-07-01T00:00:00Z,P140,220.75,126.14,126.14,EUR
2024-07-01T00:00:00Z,P141,242.92,131.31,131.31,USD
2024-07-01T00:00:00Z,P142,257.69,132.15,132.15,EUR
2024-07-01T00:00:00Z,P143,285.54,139.29,139.29,EUR
2024-07-01T00:00:00Z,P144,250.34,143.05,143.05,EUR
2024-07-01T00:00:00Z,P145,22.24,12.02,12.02,EUR
2024-07-01T00:00:00Z,P146,32.12,16.47,16.47,EUR
2024-07-01T00:00:00Z,P147,40.84,19.92,19.92,EUR
2024-07-01T00:00:00Z,P148,43.37,24.78,24.78,EUR
2024-07-01T00:00:00Z,P149,58.92,31.85,31.85,JPY
2024-07-01T00:00:00Z,P150,68.37,35.06,35.06,EUR
2024-07-01T00:00:00Z,P151,83.07,40.52,40.52,EUR
2024-07-01T00:00:00Z,P152,78.64,44.94,44.94,USD
2024-07-01T00:00:00Z,P153,87.32,47.20,47.20,EUR
2024-07-01T00:00:00Z,P154,105.92,54.32,54.32,EUR
2024-07-01T00:00:00Z,P155,119.41,58.25,58.25,EUR
2024-07-01T00:00:00Z,P156,106.84,61.05,61.05,EUR
2024-07-01T00:00:00Z,P157,125.30,67.73,67.73,EUR
2024-07-01T00:00:00Z,P158,145.41,74.57,74.57,EUR
2024-07-01T00:00:00Z,P159,159.04,77.58,77.58,EUR
2024-07-01T00:00:00Z,P160,146.04,83.45,83.45,JPY
2024-07-01T00:00:00Z,P161,160.19,86.59,86.59,EUR
2024-07-01T00:00:00Z,P162,182.64,93.66,93.66,EUR
2024-07-01T00:00:00Z,P163,193.83,94.55,94.55,USD
2024-07-01T00:00:00Z,P164,177.29,101.31,101.31,EUR
2024-07-01T00:00:00Z,P165,194.58,105.18,105.18,EUR
2024-07-01T00:00:00Z,P166,216.96,111.26,111.26,EUR
2024-07-01T00:00:00Z,P167,238.95,116.56,116.56,EUR
2024-07-01T00:00:00Z,P168,206.15,117.80,117.80,EUR
2024-07-01T00:00:00Z,P169,225.57,121.93,121.93,EUR
2024-07-01T00:00:00Z,P170,248.47,127.42,127.42,EUR
2024-07-01T00:00:00Z,P171,276.59,134.92,134.92,JPY
2024-07-01T00:00:00Z,P172,239.44,136.82,136.82,EUR
2024-07-01T00:00:00Z,P173,267.62,144.66,144.66,EUR
2024-07-01T00:00:00Z,P174,25.14,12.89,12.89,USD
2024-07-01T00:00:00Z,P175,34.56,16.86,16.86,EUR
2024-07-01T00:00:00Z,P176,40.53,23.16,23.16,EUR
2024-07-01T00:00:00Z,P177,49.93,26.99,26.99,EUR
2024-07-01T00:00:00Z,P178,58.48,29.99,29.99,EUR
2024-07-01T00:00:00Z,P179,69.68,33.99,33.99,EUR
2024-07-01T00:00:00Z,P180,72.36,41.35,41.35,EUR
2024-07-01T00:00:00Z,P181,80.36,43.44,43.44,EUR
2024-07-01T00:00:00Z,P182,94.48,48.45,48.45,JPY
2024-07-01T00:00:00Z,P183,110.06,53.69,53.69,EUR
2024-07-01T00:00:00Z,P184,106.07,60.61,60.61,EUR
2024-07-01T00:00:00Z,P185,115.20,62.27,62.27,USD
2024-07-01T00:00:00Z,P186,132.37,67.88,67.88,EUR
2024-07-01T00:00:00Z,P187,145.26,70.86,70.86,EUR
2024-07-01T00:00:00Z,P188,139.49,79.71,79.71,EUR
2024-07-01T00:00:00Z,P189,151.63,81.96,81.96,EUR
2024-07-01T00:00:00Z,P190,170.70,87.54,87.54,EUR
2024-07-01T00:00:00Z,P191,182.86,89.20,89.20,EUR
2024-07-01T00:00:00Z,P192,163.89,93.65,93.65,EUR
2024-07-01T00:00:00Z,P193,185.56,100.30,100.30,JPY
2024-07-01T00:00:00Z,P194,203.23,104.22,104.22,EUR
2024-07-01T00:00:00Z,P195,227.32,110.89,110.89,EUR
2024-07-01T00:00:00Z,P196,204.37,116.78,116.78,USD
2024-07-01T00:00:00Z,P197,225.83,122.07,122.07,EUR
2024-07-01T00:00:00Z,P198,238.58,122.35,122.35,EUR
2024-07-01T00:00:00Z,P199,264.90,129.22,129.22,EUR
2024-07-01T00:00:00Z,P200,233.73,133.56,133.56,EUR
2024-07-01T00:00:00Z,P201,254.58,137.61,137.61,EUR
2024-07-01T00:00:00Z,P202,281.21,144.21,144.21,EUR
2024-07-01T00:00:00Z,P203,27.53,13.43,13.43,EUR
2024-07-01T00:00:00Z,P204,31.20,17.83,17.83,JPY
2024-07-01T00:00:00Z,P205,34.50,18.65,18.65,EUR
2024-07-01T00:00:00Z,P206,53.66,27.52,27.52,EUR
2024-07-01T00:00:00Z,P207,62.46,30.47,30.47,USD
2024-07-01T00:00:00Z,P208,63.09,36.05,36.05,EUR
2024-07-01T00:00:00Z,P209,73.09,39.51,39.51,EUR
2024-07-01T00:00:00Z,P210,82.25,42.18,42.18,EUR
2024-07-01T00:00:00Z,P211,102.85,50.17,50.17,EUR
2024-07-01T00:00:00Z,P212,96.69,55.25,55.25,EUR
2024-07-01T00:00:00Z,P213,111.07,60.04,60.04,EUR
2024-07-01T00:00:00Z,P214,118.64,60.84,60.84,EUR
2024-07-01T00:00:00Z,P215,138.54,67.58,67.58,JPY
2024-07-01T00:00:00Z,P216,129.83,74.19,74.19,EUR
2024-07-01T00:00:00Z,P217,142.14,76.83,76.83,EUR
2024-07-01T00:00:00Z,P218,160.93,82.53,82.53,USD
2024-07-01T00:00:00Z,P219,179.07,87.35,87.35,EUR
2024-07-01T00:00:00Z,P220,162.37,92.78,92.78,EUR
2024-07-01T00:00:00Z,P221,174.07,94.09,94.09,EUR
2024-07-01T00:00:00Z,P222,200.95,103.05,103.05,EUR
2024-07-01T00:00:00Z,P223,211.76,103.30,103.30,EUR
2024-07-01T00:00:00Z,P224,190.21,108.69,108.69,EUR
2024-07-01T00:00:00Z,P225,215.01,116.22,116.22,EUR
2024-07-01T00:00:00Z,P226,231.47,118.70,118.70,JPY
2024-07-01T00:00:00Z,P227,254.79,124.29,124.29,EUR
2024-07-01T00:00:00Z,P228,225.45,128.83,128.83,EUR
2024-07-01T00:00:00Z,P229,251.56,135.98,135.98,USD
2024-07-01T00:00:00Z,P230,274.11,140.57,140.57,EUR
2024-07-01T00:00:00Z,P231,296.84,144.80,144.80,EUR
2024-07-01T00:00:00Z,P232,21.63,12.36,12.36,EUR
2024-07-01T00:00:00Z,P233,29.06,15.71,15.71,EUR
2024-07-01T00:00:00Z,P234,42.49,21.79,21.79,EUR
2024-07-01T00:00:00Z,P235,54.71,26.69,26.69,EUR
2024-07-01T00:00:00Z,P236,50.40,28.80,28.80,EUR
2024-07-01T00:00:00Z,P237,61.51,33.25,33.25,JPY
2024-07-01T00:00:00Z,P238,77.24,39.61,39.61,EUR
2024-07-01T00:00:00Z,P239,86.12,42.01,42.01,EUR
2024-07-01T00:00:00Z,P240,84.16,48.09,48.09,USD
2024-08-01T00:00:00Z,P001,31.43,16.99,16.99,EUR
2024-08-01T00:00:00Z,P002,41.18,21.12,21.12,EUR
2024-08-01T00:00:00Z,P003,52.89,25.80,25.80,EUR
2024-08-01T00:00:00Z,P004,54.72,31.27,31.27,EUR
2024-08-01T00:00:00Z,P005,65.80,35.57,35.57,EUR
2024-08-01T00:00:00Z,P006,73.77,37.83,37.83,EUR
2024-08-01T00:00:00Z,P007,95.00,46.34,46.34,EUR
2024-08-01T00:00:00Z,P008,86.94,49.68,49.68,EUR
2024-08-01T00:00:00Z,P009,99.55,53.81,53.81,USD
2024-08-01T00:00:00Z,P010,115.58,59.27,59.27,EUR
2024-08-01T00:00:00Z,P011,133.23,64.99,64.99,EUR
2024-08-01T00:00:00Z,P012,120.31,68.75,68.75,EUR
2024-08-01T00:00:00Z,P013,137.92,74.55,74.55,EUR
2024-08-01T00:00:00Z,P014,149.66,76.75,76.75,EUR
2024-08-01T00:00:00Z,P015,165.41,80.69,80.69,EUR
2024-08-01T00:00:00Z,P016,154.11,88.06,88.06,EUR
2024-08-01T00:00:00Z,P017,169.20,91.46,91.46,JPY
2024-08-01T00:00:00Z,P018,183.26,93.98,93.98,EUR
2024-08-01T00:00:00Z,P019,202.03,98.55,98.55,EUR
2024-08-01T00:00:00Z,P020,181.79,103.88,103.88,USD
2024-08-01T00:00:00Z,P021,199.50,107.84,107.84,EUR
2024-08-01T00:00:00Z,P022,227.14,116.48,116.48,EUR
2024-08-01T00:00:00Z,P023,246.00,120.00,120.00,EUR
2024-08-01T00:00:00Z,P024,218.29,124.74,124.74,EUR
2024-08-01T00:00:00Z,P025,242.15,130.89,130.89,EUR
2024-08-01T00:00:00Z,P026,260.31,133.49,133.49,EUR
2024-08-01T00:00:00Z,P027,283.29,138.19,138.19,EUR
2024-08-01T00:00:00Z,P028,248.95,142.26,142.26,JPY
2024-08-01T00:00:00Z,P029,24.96,13.49,13.49,EUR
2024-08-01T00:00:00Z,P030,28.76,14.75,14.75,EUR
2024-08-01T00:00:00Z,P031,46.60,22.73,22.73,USD
2024-08-01T00:00:00Z,P032,47.88,27.36,27.36,EUR
2024-08-01T00:00:00Z,P033,56.85,30.73,30.73,EUR
2024-08-01T00:00:00Z,P034,64.06,32.85,32.85,EUR
2024-08-01T00:00:00Z,P035,79.05,38.56,38.56,EUR
2024-08-01T00:00:00Z,P036,73.88,42.22,42.22,EUR
2024-08-01T00:00:00Z,P037,89.15,48.19,48.19,EUR
2024-08-01T00:00:00Z,P038,109.67,56.24,56.24,EUR
2024-08-01T00:00:00Z,P039,120.56,58.81,58.81,JPY
2024-08-01T00:00:00Z,P040,108.05,61.74,61.74,EUR
2024-08-01T00:00:00Z,P041,122.58,66.26,66.26,EUR
2024-08-01T00:00:00Z,P042,138.63,71.09,71.09,USD
2024-08-01T00:00:00Z,P043,153.57,74.91,74.91,EUR
2024-08-01T00:00:00Z,P044,141.01,80.58,80.58,EUR
2024-08-01T00:00:00Z,P045,160.56,86.79,86.79,EUR
2024-08-01T00:00:00Z,P046,175.34,89.92,89.92,EUR
2024-08-01T00:00:00Z,P047,195.28,95.26,95.26,EUR
2024-08-01T00:00:00Z,P048,173.18,98.96,98.96,EUR
2024-08-01T00:00:00Z,P049,197.03,106.50,106.50,EUR
2024-08-01T00:00:00Z,P050,213.80,109.64,109.64,JPY
2024-08-01T00:00:00Z,P051,230.56,112.47,112.47,EUR
2024-08-01T00:00:00Z,P052,208.22,118.98,118.98,EUR
2024-08-01T00:00:00Z,P053,228.96,123.76,123.76,USD
2024-08-01T00:00:00Z,P054,252.15,129.31,129.31,EUR
2024-08-01T00:00:00Z,P055,270.15,131.78,131.78,EUR
2024-08-01T00:00:00Z,P056,240.13,137.22,137.22,EUR
2024-08-01T00:00:00Z,P057,265.46,143.49,143.49,EUR
2024-08-01T00:00:00Z,P058,25.72,13.19,13.19,EUR
2024-08-01T00:00:00Z,P059,30.16,14.71,14.71,EUR
2024-08-01T00:00:00Z,P060,33.43,19.10,19.10,EUR
2024-08-01T00:00:00Z,P061,51.54,27.86,27.86,JPY
2024-08-01T00:00:00Z,P062,55.46,28.44,28.44,EUR
2024-08-01T00:00:00Z,P063,75.89,37.02,37.02,EUR
2024-08-01T00:00:00Z,P064,73.55,42.03,42.03,USD
2024-08-01T00:00:00Z,P065,82.77,44.74,44.74,EUR
2024-08-01T00:00:00Z,P066,97.03,49.76,49.76,EUR
2024-08-01T00:00:00Z,P067,106.89,52.14,52.14,EUR
2024-08-01T00:00:00Z,P068,106.40,60.80,60.80,EUR
2024-08-01T00:00:00Z,P069,117.75,63.65,63.65,EUR
2024-08-01T00:00:00Z,P070,127.76,65.52,65.52,EUR
2024-08-01T00:00:00Z,P071,152.48,74.38,74.38,EUR
2024-08-01T00:00:00Z,P072,131.83,75.33,75.33,JPY
2024-08-01T00:00:00Z,P073,149.28,80.69,80.69,EUR
2024-08-01T00:00:00Z,P074,169.90,87.13,87.13,EUR
2024-08-01T00:00:00Z,P075,184.87,90.18,90.18,USD
2024-08-01T00:00:00Z,P076,170.26,97.29,97.29,EUR
2024-08-01T00:00:00Z,P077,190.86,103.17,103.17,EUR
2024-08-01T00:00:00Z,P078,204.83,105.04,105.04,EUR
2024-08-01T00:00:00Z,P079,224.37,109.45,109.45,EUR
2024-08-01T00:00:00Z,P080,204.77,117.01,117.01,EUR
2024-08-01T00:00:00Z,P081,225.37,121.82,121.82,EUR
2024-08-01T00:00:00Z,P082,244.43,125.35,125.35,EUR
2024-08-01T00:00:00Z,P083,267.75,130.61,130.61,JPY
2024-08-01T00:00:00Z,P084,230.86,131.92,131.92,EUR
2024-08-01T00:00:00Z,P085,253.75,137.16,137.16,EUR
2024-08-01T00:00:00Z,P086,275.09,141.07,141.07,USD
2024-08-01T00:00:00Z,P087,23.76,11.59,11.59,EUR
2024-08-01T00:00:00Z,P088,28.68,16.39,16.39,EUR
2024-08-01T00:00:00Z,P089,35.11,18.98,18.98,EUR
2024-08-01T00:00:00Z,P090,53.43,27.40,27.40,EUR
2024-08-01T00:00:00Z,P091,62.55,30.51,30.51,EUR
2024-08-01T00:00:00Z,P092,61.46,35.12,35.12,EUR
2024-08-01T00:00:00Z,P093,77.94,42.13,42.13,EUR
2024-08-01T00:00:00Z,P094,90.56,46.44,46.44,JPY
2024-08-01T00:00:00Z,P095,104.51,50.98,50.98,EUR
2024-08-01T00:00:00Z,P096,98.14,56.08,56.08,EUR
2024-08-01T00:00:00Z,P097,110.09,59.51,59.51,USD
2024-08-01T00:00:00Z,P098,127.72,65.50,65.50,EUR
2024-08-01T00:00:00Z,P099,143.42,69.96,69.96,EUR
2024-08-01T00:00:00Z,P100,126.65,72.37,72.37,EUR
2024-08-01T00:00:00Z,P101,147.17,79.55,79.55,EUR
2024-08-01T00:00:00Z,P102,161.25,82.69,82.69,EUR
2024-08-01T00:00:00Z,P103,178.90,87.27,87.27,EUR
2024-08-01T00:00:00Z,P104,157.39,89.94,89.94,EUR
2024-08-01T00:00:00Z,P105,173.83,93.96,93.96,JPY
2024-08-01T00:00:00Z,P106,197.83,101.45,101.45,EUR
2024-08-01T00:00:00Z,P107,216.75,105.73,105.73,EUR
2024-08-01T00:00:00Z,P108,194.22,110.98,110.98,USD
2024-08-01T00:00:00Z,P109,216.34,116.94,116.94,EUR
2024-08-01T00:00:00Z,P110,237.51,121.80,121.80,EUR
2024-08-01T00:00:00Z,P111,250.39,122.14,122.14,EUR
2024-08-01T00:00:00Z,P112,222.78,127.30,127.30,EUR
2024-08-01T00:00:00Z,P113,250.75,135.54,135.54,EUR
2024-08-01T00:00:00Z,P114,268.18,137.53,137.53,EUR
2024-08-01T00:00:00Z,P115,295.36,144.08,144.08,EUR
2024-08-01T00:00:00Z,P116,24.19,13.82,13.82,JPY
2024-08-01T00:00:00Z,P117,26.62,14.39,14.39,EUR
2024-08-01T00:00:00Z,P118,43.31,22.21,22.21,EUR
2024-08-01T00:00:00Z,P119,47.58,23.21,23.21,USD
2024-08-01T00:00:00Z,P120,55.18,31.53,31.53,EUR
2024-08-01T00:00:00Z,P121,64.51,34.87,34.87,EUR
2024-08-01T00:00:00Z,P122,73.91,37.90,37.90,EUR
2024-08-01T00:00:00Z,P123,95.98,46.82,46.82,EUR
2024-08-01T00:00:00Z,P124,85.02,48.58,48.58,EUR
2024-08-01T00:00:00Z,P125,95.03,51.37,51.37,EUR
2024-08-01T00:00:00Z,P126,116.63,59.81,59.81,EUR
2024-08-01T00:00:00Z,P127,132.06,64.42,64.42,JPY
2024-08-01T00:00:00Z,P128,121.08,69.19,69.19,EUR
2024-08-01T00:00:00Z,P129,138.45,74.84,74.84,EUR
2024-08-01T00:00:00Z,P130,151.24,77.56,77.56,USD
2024-08-01T00:00:00Z,P131,166.42,81.18,81.18,EUR
2024-08-01T00:00:00Z,P132,148.94,85.11,85.11,EUR
2024-08-01T00:00:00Z,P133,165.30,89.35,89.35,EUR
2024-08-01T00:00:00Z,P134,191.49,98.20,98.20,EUR
2024-08-01T00:00:00Z,P135,211.44,103.14,103.14,EUR
2024-08-01T00:00:00Z,P136,182.46,104.26,104.26,EUR
2024-08-01T00:00:00Z,P137,203.96,110.25,110.25,EUR
2024-08-01T00:00:00Z,P138,223.41,114.57,114.57,JPY
2024-08-01T00:00:00Z,P139,247.66,120.81,120.81,EUR
2024-08-01T00:00:00Z,P140,220.75,126.14,126.14,EUR
2024-08-01T00:00:00Z,P141,242.92,131.31,131.31,USD
2024-08-01T00:00:00Z,P142,257.69,132.15,132.15,EUR
2024-08-01T00:00:00Z,P143,285.54,139.29,139.29,EUR
2024-08-01T00:00:00Z,P144,250.34,143.05,143.05,EUR
2024-08-01T00:00:00Z,P145,22.24,12.02,12.02,EUR
2024-08-01T00:00:00Z,P146,32.12,16.47,16.47,EUR
2024-08-01T00:00:00Z,P147,40.84,19.92,19.92,EUR
2024-08-01T00:00:00Z,P148,43.37,24.78,24.78,EUR
2024-08-01T00:00:00Z,P149,58.92,31.85,31.85,JPY
2024-08-01T00:00:00Z,P150,68.37,35.06,35.06,EUR
2024-08-01T00:00:00Z,P151,83.07,40.52,40.52,EUR
2024-08-01T00:00:00Z,P152,78.64,44.94,44.94,USD
2024-08-01T00:00:00Z,P153,87.32,47.20,47.20,EUR
2024-08-01T00:00:00Z,P154,105.92,54.32,54.32,EUR
2024-08-01T00:00:00Z,P155,119.41,58.25,58.25,EUR
2024-08-01T00:00:00Z,P156,106.84,61.05,61.05,EUR
2024-08-01T00:00:00Z,P157,125.30,67.73,67.73,EUR
2024-08-01T00:00:00Z,P158,145.41,74.57,74.57,EUR
2024-08-01T00:00:00Z,P159,159.04,77.58,77.58,EUR
2024-08-01T00:00:00Z,P160,146.04,83.45,83.45,JPY
2024-08-01T00:00:00Z,P161,160.19,86.59,86.59,EUR
2024-08-01T00:00:00Z,P162,182.64,93.66,93.66,EUR
2024-08-01T00:00:00Z,P163,193.83,94.55,94.55,USD
2024-08-01T00:00:00Z,P164,177.29,101.31,101.31,EUR
2024-08-01T00:00:00Z,P165,194.58,105.18,105.18,EUR
2024-08-01T00:00:00Z,P166,216.96,111.26,111.26,EUR
2024-08-01T00:00:00Z,P167,238.95,116.56,116.56,EUR
2024-08-01T00:00:00Z,P168,206.15,117.80,117.80,EUR
2024-08-01T00:00:00Z,P169,225.57,121.93,121.93,EUR
2024-08-01T00:00:00Z,P170,248.47,127.42,127.42,EUR
2024-08-01T00:00:00Z,P171,276.59,134.92,134.92,JPY
2024-08-01T00:00:00Z,P172,239.44,136.82,136.82,EUR
2024-08-01T00:00:00Z,P173,267.62,144.66,144.66,EUR
2024-08-01T00:00:00Z,P174,25.14,12.89,12.89,USD
2024-08-01T00:00:00Z,P175,34.56,16.86,16.86,EUR
2024-08-01T00:00:00Z,P176,40.53,23.16,23.16,EUR
2024-08-01T00:00:00Z,P177,49.93,26.99,26.99,EUR
2024-08-01T00:00:00Z,P178,58.48,29.99,29.99,EUR
2024-08-01T00:00:00Z,P179,69.68,33.99,33.99,EUR
2024-08-01T00:00:00Z,P180,72.36,41.35,41.35,EUR
2024-08-01T00:00:00Z,P181,80.36,43.44,43.44,EUR
2024-08-01T00:00:00Z,P182,94.48,48.45,48.45,JPY
2024-08-01T00:00:00Z,P183,110.06,53.69,53.69,EUR
2024-08-01T00:00:00Z,P184,106.07,60.61,60.61,EUR
2024-08-01T00:00:00Z,P185,115.20,62.27,62.27,USD
2024-08-01T00:00:00Z,P186,132.37,67.88,67.88,EUR
2024-08-01T00:00:00Z,P187,145.26,70.86,70.86,EUR
2024-08-01T00:00:00Z,P188,139.49,79.71,79.71,EUR
2024-08-01T00:00:00Z,P189,151.63,81.96,81.96,EUR
2024-08-01T00:00:00Z,P190,170.70,87.54,87.54,EUR
2024-08-01T00:00:00Z,P191,182.86,89.20,89.20,EUR
2024-08-01T00:00:00Z,P192,163.89,93.65,93.65,EUR
2024-08-01T00:00:00Z,P193,185.56,100.30,100.30,JPY
2024-08-01T00:00:00Z,P194,203.23,104.22,104.22,EUR
2024-08-01T00:00:00Z,P195,227.32,110.89,110.89,EUR
2024-08-01T00:00:00Z,P196,204.37,116.78,116.78,USD
2024-08-01T00:00:00Z,P197,225.83,122.07,122.07,EUR
2024-08-01T00:00:00Z,P198,238.58,122.35,122.35,EUR
2024-08-01T00:00:00Z,P199,264.90,129.22,129.22,EUR
2024-08-01T00:00:00Z,P200,233.73,133.56,133.56,EUR
2024-08-01T00:00:00Z,P201,254.58,137.61,137.61,EUR
2024-08-01T00:00:00Z,P202,281.21,144.21,144.21,EUR
2024-08-01T00:00:00Z,P203,27.53,13.43,13.43,EUR
2024-08-01T00:00:00Z,P204,31.20,17.83,17.83,JPY
2024-08-01T00:00:00Z,P205,34.50,18.65,18.65,EUR
2024-08-01T00:00:00Z,P206,53.66,27.52,27.52,EUR
2024-08-01T00:00:00Z,P207,62.46,30.47,30.47,USD
2024-08-01T00:00:00Z,P208,63.09,36.05,36.05,EUR
2024-08-01T00:00:00Z,P209,73.09,39.51,39.51,EUR
2024-08-01T00:00:00Z,P210,82.25,42.18,42.18,EUR
2024-08-01T00:00:00Z,P211,102.85,50.17,50.17,EUR
2024-08-01T00:00:00Z,P212,96.69,55.25,55.25,EUR
2024-08-01T00:00:00Z,P213,111.07,60.04,60.04,EUR
2024-08-01T00:00:00Z,P214,118.64,60.84,60.84,EUR
2024-08-01T00:00:00Z,P215,138.54,67.58,67.58,JPY
2024-08-01T00:00:00Z,P216,129.83,74.19,74.19,EUR
2024-08-01T00:00:00Z,P217,142.14,76.83,76.83,EUR
2024-08-01T00:00:00Z,P218,160.93,82.53,82.53,USD
2024-08-01T00:00:00Z,P219,179.07,87.35,87.35,EUR
2024-08-01T00:00:00Z,P220,162.37,92.78,92.78,EUR
2024-08-01T00:00:00Z,P221,174.07,94.09,94.09,EUR
2024-08-01T00:00:00Z,P222,200.95,103.05,103.05,EUR
2024-08-01T00:00:00Z,P223,211.76,103.30,103.30,EUR
2024-08-01T00:00:00Z,P224,190.21,108.69,108.69,EUR
2024-08-01T00:00:00Z,P225,215.01,116.22,116.22,EUR
2024-08-01T00:00:00Z,P226,231.47,118.70,118.70,JPY
2024-08-01T00:00:00Z,P227,254.79,124.29,124.29,EUR
2024-08-01T00:00:00Z,P228,225.45,128.83,128.83,EUR
2024-08-01T00:00:00Z,P229,251.56,135.98,135.98,USD
2024-08-01T00:00:00Z,P230,274.11,140.57,140.57,EUR
2024-08-01T00:00:00Z,P231,296.84,144.80,144.80,EUR
2024-08-01T00:00:00Z,P232,21.63,12.36,12.36,EUR
2024-08-01T00:00:00Z,P233,29.06,15.71,15.71,EUR
2024-08-01T00:00:00Z,P234,42.49,21.79,21.79,EUR
2024-08-01T00:00:00Z,P235,54.71,26.69,26.69,EUR
2024-08-01T00:00:00Z,P236,50.40,28.80,28.80,EUR
2024-08-01T00:00:00Z,P237,61.51,33.25,33.25,JPY
2024-08-01T00:00:00Z,P238,77.24,39.61,39.61,EUR
2024-08-01T00:00:00Z,P239,86.12,42.01,42.01,EUR
2024-08-01T00:00:00Z,P240,84.16,48.09,48.09,USD
2024-09-01T00:00:00Z,P001,31.43,16.99,16.99,EUR
2024-09-01T00:00:00Z,P002,41.18,21.12,21.12,EUR
2024-09-01T00:00:00Z,P003,52.89,25.80,25.80,EUR
2024-09-01T00:00:00Z,P004,54.72,31.27,31.27,EUR
2024-09-01T00:00:00Z,P005,65.80,35.57,35.57,EUR
2024-09-01T00:00:00Z,P006,73.77,37.83,37.83,EUR
2024-09-01T00:00:00Z,P007,95.00,46.34,46.34,EUR
2024-09-01T00:00:00Z,P008,86.94,49.68,49.68,EUR
2024-09-01T00:00:00Z,P009,99.55,56.77,53.81,USD
2024-09-01T00:00:00Z,P010,115.58,59.27,59.27,EUR
2024-09-01T00:00:00Z,P011,133.23,64.99,64.99,EUR
2024-09-01T00:00:00Z,P012,120.31,68.75,68.75,EUR
2024-09-01T00:00:00Z,P013,137.92,74.55,74.55,EUR
2024-09-01T00:00:00Z,P014,149.66,76.75,76.75,EUR
2024-09-01T00:00:00Z,P015,165.41,80.69,80.69,EUR
2024-09-01T00:00:00Z,P016,154.11,88.06,88.06,EUR
2024-09-01T00:00:00Z,P017,169.20,96.49,91.46,JPY
2024-09-01T00:00:00Z,P018,183.26,93.98,93.98,EUR
2024-09-01T00:00:00Z,P019,202.03,98.55,98.55,EUR
2024-09-01T00:00:00Z,P020,181.79,109.59,103.88,USD
2024-09-01T00:00:00Z,P021,199.50,107.84,107.84,EUR
2024-09-01T00:00:00Z,P022,227.14,116.48,116.48,EUR
2024-09-01T00:00:00Z,P023,246.00,120.00,120.00,EUR
2024-09-01T00:00:00Z,P024,218.29,124.74,124.74,EUR
2024-09-01T00:00:00Z,P025,242.15,130.89,130.89,EUR
2024-09-01T00:00:00Z,P026,260.31,133.49,133.49,EUR
2024-09-01T00:00:00Z,P027,283.29,138.19,138.19,EUR
2024-09-01T00:00:00Z,P028,248.95,150.08,142.26,JPY
2024-09-01T00:00:00Z,P029,24.96,13.49,13.49,EUR
2024-09-01T00:00:00Z,P030,28.76,14.75,14.75,EUR
2024-09-01T00:00:00Z,P031,46.60,23.98,22.73,USD
2024-09-01T00:00:00Z,P032,47.88,27.36,27.36,EUR
2024-09-01T00:00:00Z,P033,56.85,30.73,30.73,EUR
2024-09-01T00:00:00Z,P034,64.06,32.85,32.85,EUR
2024-09-01T00:00:00Z,P035,79.05,38.56,38.56,EUR
2024-09-01T00:00:00Z,P036,73.88,42.22,42.22,EUR
2024-09-01T00:00:00Z,P037,89.15,48.19,48.19,EUR
2024-09-01T00:00:00Z,P038,109.67,56.24,56.24,EUR
2024-09-01T00:00:00Z,P039,120.56,62.04,58.81,JPY
2024-09-01T00:00:00Z,P040,108.05,61.74,61.74,EUR
2024-09-01T00:00:00Z,P041,122.58,66.26,66.26,EUR
2024-09-01T00:00:00Z,P042,138.63,75.00,71.09,USD
2024-09-01T00:00:00Z,P043,153.57,74.91,74.91,EUR
2024-09-01T00:00:00Z,P044,141.01,80.58,80.58,EUR
2024-09-01T00:00:00Z,P045,160.56,86.79,86.79,EUR
2024-09-01T00:00:00Z,P046,175.34,89.92,89.92,EUR
2024-09-01T00:00:00Z,P047,195.28,95.26,95.26,EUR
2024-09-01T00:00:00Z,P048,173.18,98.96,98.96,EUR
2024-09-01T00:00:00Z,P049,197.03,106.50,106.50,EUR
2024-09-01T00:00:00Z,P050,213.80,115.67,109.64,JPY
2024-09-01T00:00:00Z,P051,230.56,112.47,112.47,EUR
2024-09-01T00:00:00Z,P052,208.22,118.98,118.98,EUR
2024-09-01T00:00:00Z,P053,228.96,130.57,123.76,USD
2024-09-01T00:00:00Z,P054,252.15,129.31,129.31,EUR
2024-09-01T00:00:00Z,P055,270.15,131.78,131.78,EUR
2024-09-01T00:00:00Z,P056,240.13,137.22,137.22,EUR
2024-09-01T00:00:00Z,P057,265.46,143.49,143.49,EUR
2024-09-01T00:00:00Z,P058,25.72,13.19,13.19,EUR
2024-09-01T00:00:00Z,P059,30.16,14.71,14.71,EUR
2024-09-01T00:00:00Z,P060,33.43,19.10,19.10,EUR
2024-09-01T00:00:00Z,P061,51.54,29.39,27.86,JPY
2024-09-01T00:00:00Z,P062,55.46,28.44,28.44,EUR
2024-09-01T00:00:00Z,P063,75.89,37.02,37.02,EUR
2024-09-01T00:00:00Z,P064,73.55,44.34,42.03,USD
2024-09-01T00:00:00Z,P065,82.77,44.74,44.74,EUR
2024-09-01T00:00:00Z,P066,97.03,49.76,49.76,EUR
2024-09-01T00:00:00Z,P067,106.89,52.14,52.14,EUR
2024-09-01T00:00:00Z,P068,106.40,60.80,60.80,EUR
2024-09-01T00:00:00Z,P069,117.75,63.65,63.65,EUR
2024-09-01T00:00:00Z,P070,127.76,65.52,65.52,EUR
2024-09-01T00:00:00Z,P071,152.48,74.38,74.38,EUR
2024-09-01T00:00:00Z,P072,131.83,79.47,75.33,JPY
2024-09-01T00:00:00Z,P073,149.28,80.69,80.69,EUR
2024-09-01T00:00:00Z,P074,169.90,87.13,87.13,EUR
2024-09-01T00:00:00Z,P075,184.87,95.14,90.18,USD
2024-09-01T00:00:00Z,P076,170.26,97.29,97.29,EUR
2024-09-01T00:00:00Z,P077,190.86,103.17,103.17,EUR
2024-09-01T00:00:00Z,P078,204.83,105.04,105.04,EUR
2024-09-01T00:00:00Z,P079,224.37,109.45,109.45,EUR
2024-09-01T00:00:00Z,P080,204.77,117.01,117.01,EUR
2024-09-01T00:00:00Z,P081,225.37,121.82,121.82,EUR
2024-09-01T00:00:00Z,P082,244.43,125.35,125.35,EUR
2024-09-01T00:00:00Z,P083,267.75,137.79,130.61,JPY
2024-09-01T00:00:00Z,P084,230.86,131.92,131.92,EUR
2024-09-01T00:00:00Z,P085,253.75,137.16,137.16,EUR
2024-09-01T00:00:00Z,P086,275.09,148.83,141.07,USD
2024-09-01T00:00:00Z,P087,23.76,11.59,11.59,EUR
2024-09-01T00:00:00Z,P088,28.68,16.39,16.39,EUR
2024-09-01T00:00:00Z,P089,35.11,18.98,18.98,EUR
2024-09-01T00:00:00Z,P090,53.43,27.40,27.40,EUR
2024-09-01T00:00:00Z,P091,62.55,30.51,30.51,EUR
2024-09-01T00:00:00Z,P092,61.46,35.12,35.12,EUR
2024-09-01T00:00:00Z,P093,77.94,42.13,42.13,EUR
2024-09-01T00:00:00Z,P094,90.56,48.99,46.44,JPY
2024-09-01T00:00:00Z,P095,104.51,50.98,50.98,EUR
2024-09-01T00:00:00Z,P096,98.14,56.08,56.08,EUR
2024-09-01T00:00:00Z,P097,110.09,62.78,59.51,USD
2024-09-01T00:00:00Z,P098,127.72,65.50,65.50,EUR
2024-09-01T00:00:00Z,P099,143.42,69.96,69.96,EUR
2024-09-01T00:00:00Z,P100,126.65,72.37,72.37,EUR
2024-09-01T00:00:00Z,P101,147.17,79.55,79.55,EUR
2024-09-01T00:00:00Z,P102,161.25,82.69,82.69,EUR
2024-09-01T00:00:00Z,P103,178.90,87.27,87.27,EUR
2024-09-01T00:00:00Z,P104,157.39,89.94,89.94,EUR
2024-09-01T00:00:00Z,P105,173.83,99.13,93.96,JPY
2024-09-01T00:00:00Z,P106,197.83,101.45,101.45,EUR
2024-09-01T00:00:00Z,P107,216.75,105.73,105.73,EUR
2024-09-01T00:00:00Z,P108,194.22,117.08,110.98,USD
2024-09-01T00:00:00Z,P109,216.34,116.94,116.94,EUR
2024-09-01T00:00:00Z,P110,237.51,121.80,121.80,EUR
2024-09-01T00:00:00Z,P111,250.39,122.14,122.14,EUR
2024-09-01T00:00:00Z,P112,222.78,127.30,127.30,EUR
2024-09-01T00:00:00Z,P113,250.75,135.54,135.54,EUR
2024-09-01T00:00:00Z,P114,268.18,137.53,137.53,EUR
2024-09-01T00:00:00Z,P115,295.36,144.08,144.08,EUR
2024-09-01T00:00:00Z,P116,24.19,14.58,13.82,JPY
2024-09-01T00:00:00Z,P117,26.62,14.39,14.39,EUR
2024-09-01T00:00:00Z,P118,43.31,22.21,22.21,EUR
2024-09-01T00:00:00Z,P119,47.58,24.49,23.21,USD
2024-09-01T00:00:00Z,P120,55.18,31.53,31.53,EUR
2024-09-01T00:00:00Z,P121,64.51,34.87,34.87,EUR
2024-09-01T00:00:00Z,P122,73.91,37.90,37.90,EUR
2024-09-01T00:00:00Z,P123,95.98,46.82,46.82,EUR
2024-09-01T00:00:00Z,P124,85.02,48.58,48.58,EUR
2024-09-01T00:00:00Z,P125,95.03,51.37,51.37,EUR
2024-09-01T00:00:00Z,P126,116.63,59.81,59.81,EUR
2024-09-01T00:00:00Z,P127,132.06,67.96,64.42,JPY
2024-09-01T00:00:00Z,P128,121.08,69.19,69.19,EUR
2024-09-01T00:00:00Z,P129,138.45,74.84,74.84,EUR
2024-09-01T00:00:00Z,P130,151.24,81.83,77.56,USD
2024-09-01T00:00:00Z,P131,166.42,81.18,81.18,EUR
2024-09-01T00:00:00Z,P132,148.94,85.11,85.11,EUR
2024-09-01T00:00:00Z,P133,165.30,89.35,89.35,EUR
2024-09-01T00:00:00Z,P134,191.49,98.20,98.20,EUR
2024-09-01T00:00:00Z,P135,211.44,103.14,103.14,EUR
2024-09-01T00:00:00Z,P136,182.46,104.26,104.26,EUR
2024-09-01T00:00:00Z,P137,203.96,110.25,110.25,EUR
2024-09-01T00:00:00Z,P138,223.41,120.87,114.57,JPY
2024-09-01T00:00:00Z,P139,247.66,120.81,120.81,EUR
2024-09-01T00:00:00Z,P140,220.75,126.14,126.14,EUR
2024-09-01T00:00:00Z,P141,242.92,138.53,131.31,USD
2024-09-01T00:00:00Z,P142,257.69,132.15,132.15,EUR
2024-09-01T00:00:00Z,P143,285.54,139.29,139.29,EUR
2024-09-01T00:00:00Z,P144,250.34,143.05,143.05,EUR
2024-09-01T00:00:00Z,P145,22.24,12.02,12.02,EUR
2024-09-01T00:00:00Z,P146,32.12,16.47,16.47,EUR
2024-09-01T00:00:00Z,P147,40.84,19.92,19.92,EUR
2024-09-01T00:00:00Z,P148,43.37,24.78,24.78,EUR
2024-09-01T00:00:00Z,P149,58.92,33.60,31.85,JPY
2024-09-01T00:00:00Z,P150,68.37,35.06,35.06,EUR
2024-09-01T00:00:00Z,P151,83.07,40.52,40.52,EUR
2024-09-01T00:00:00Z,P152,78.64,47.41,44.94,USD
2024-09-01T00:00:00Z,P153,87.32,47.20,47.20,EUR
2024-09-01T00:00:00Z,P154,105.92,54.32,54.32,EUR
2024-09-01T00:00:00Z,P155,119.41,58.25,58.25,EUR
2024-09-01T00:00:00Z,P156,106.84,61.05,61.05,EUR
2024-09-01T00:00:00Z,P157,125.30,67.73,67.73,EUR
2024-09-01T00:00:00Z,P158,145.41,74.57,74.57,EUR
2024-09-01T00:00:00Z,P159,159.04,77.58,77.58,EUR
2024-09-01T00:00:00Z,P160,146.04,88.04,83.45,JPY
2024-09-01T00:00:00Z,P161,160.19,86.59,86.59,EUR
2024-09-01T00:00:00Z,P162,182.64,93.66,93.66,EUR
2024-09-01T00:00:00Z,P163,193.83,99.75,94.55,USD
2024-09-01T00:00:00Z,P164,177.29,101.31,101.31,EUR
2024-09-01T00:00:00Z,P165,194.58,105.18,105.18,EUR
2024-09-01T00:00:00Z,P166,216.96,111.26,111.26,EUR
2024-09-01T00:00:00Z,P167,238.95,116.56,116.56,EUR
2024-09-01T00:00:00Z,P168,206.15,117.80,117.80,EUR
2024-09-01T00:00:00Z,P169,225.57,121.93,121.93,EUR
2024-09-01T00:00:00Z,P170,248.47,127.42,127.42,EUR
2024-09-01T00:00:00Z,P171,276.59,142.34,134.92,JPY
2024-09-01T00:00:00Z,P172,239.44,136.82,136.82,EUR
2024-09-01T00:00:00Z,P173,267.62,144.66,144.66,EUR
2024-09-01T00:00:00Z,P174,25.14,13.60,12.89,USD
2024-09-01T00:00:00Z,P175,34.56,16.86,16.86,EUR
2024-09-01T00:00:00Z,P176,40.53,23.16,23.16,EUR
2024-09-01T00:00:00Z,P177,49.93,26.99,26.99,EUR
2024-09-01T00:00:00Z,P178,58.48,29.99,29.99,EUR
2024-09-01T00:00:00Z,P179,69.68,33.99,33.99,EUR
2024-09-01T00:00:00Z,P180,72.36,41.35,41.35,EUR
2024-09-01T00:00:00Z,P181,80.36,43.44,43.44,EUR
2024-09-01T00:00:00Z,P182,94.48,51.11,48.45,JPY
2024-09-01T00:00:00Z,P183,110.06,53.69,53.69,EUR
2024-09-01T00:00:00Z,P184,106.07,60.61,60.61,EUR
2024-09-01T00:00:00Z,P185,115.20,65.69,62.27,USD
2024-09-01T00:00:00Z,P186,132.37,67.88,67.88,EUR
2024-09-01T00:00:00Z,P187,145.26,70.86,70.86,EUR
2024-09-01T00:00:00Z,P188,139.49,79.71,79.71,EUR
2024-09-01T00:00:00Z,P189,151.63,81.96,81.96,EUR
2024-09-01T00:00:00Z,P190,170.70,87.54,87.54,EUR
2024-09-01T00:00:00Z,P191,182.86,89.20,89.20,EUR
2024-09-01T00:00:00Z,P192,163.89,93.65,93.65,EUR
2024-09-01T00:00:00Z,P193,185.56,105.82,100.30,JPY
2024-09-01T00:00:00Z,P194,203.23,104.22,104.22,EUR
2024-09-01T00:00:00Z,P195,227.32,110.89,110.89,EUR
2024-09-01T00:00:00Z,P196,204.37,123.20,116.78,USD
2024-09-01T00:00:00Z,P197,225.83,122.07,122.07,EUR
2024-09-01T00:00:00Z,P198,238.58,122.35,122.35,EUR
2024-09-01T00:00:00Z,P199,264.90,129.22,129.22,EUR
2024-09-01T00:00:00Z,P200,233.73,133.56,133.56,EUR
2024-09-01T00:00:00Z,P201,254.58,137.61,137.61,EUR
2024-09-01T00:00:00Z,P202,281.21,144.21,144.21,EUR
2024-09-01T00:00:00Z,P203,27.53,13.43,13.43,EUR
2024-09-01T00:00:00Z,P204,31.20,18.81,17.83,JPY
2024-09-01T00:00:00Z,P205,34.50,18.65,18.65,EUR
2024-09-01T00:00:00Z,P206,53.66,27.52,27.52,EUR
2024-09-01T00:00:00Z,P207,62.46,32.15,30.47,USD
2024-09-01T00:00:00Z,P208,63.09,36.05,36.05,EUR
2024-09-01T00:00:00Z,P209,73.09,39.51,39.51,EUR
2024-09-01T00:00:00Z,P210,82.25,42.18,42.18,EUR
2024-09-01T00:00:00Z,P211,102.85,50.17,50.17,EUR
2024-09-01T00:00:00Z,P212,96.69,55.25,55.25,EUR
2024-09-01T00:00:00Z,P213,111.07,60.04,60.04,EUR
2024-09-01T00:00:00Z,P214,118.64,60.84,60.84,EUR
2024-09-01T00:00:00Z,P215,138.54,71.30,67.58,JPY
2024-09-01T00:00:00Z,P216,129.83,74.19,74.19,EUR
2024-09-01T00:00:00Z,P217,142.14,76.83,76.83,EUR
2024-09-01T00:00:00Z,P218,160.93,87.07,82.53,USD
2024-09-01T00:00:00Z,P219,179.07,87.35,87.35,EUR
2024-09-01T00:00:00Z,P220,162.37,92.78,92.78,EUR
2024-09-01T00:00:00Z,P221,174.07,94.09,94.09,EUR
2024-09-01T00:00:00Z,P222,200.95,103.05,103.05,EUR
2024-09-01T00:00:00Z,P223,211.76,103.30,103.30,EUR
2024-09-01T00:00:00Z,P224,190.21,108.69,108.69,EUR
2024-09-01T00:00:00Z,P225,215.01,116.22,116.22,EUR
2024-09-01T00:00:00Z,P226,231.47,125.23,118.70,JPY
2024-09-01T00:00:00Z,P227,254.79,124.29,124.29,EUR
2024-09-01T00:00:00Z,P228,225.45,128.83,128.83,EUR
2024-09-01T00:00:00Z,P229,251.56,143.46,135.98,USD
2024-09-01T00:00:00Z,P230,274.11,140.57,140.57,EUR
2024-09-01T00:00:00Z,P231,296.84,144.80,144.80,EUR
2024-09-01T00:00:00Z,P232,21.63,12.36,12.36,EUR
2024-09-01T00:00:00Z,P233,29.06,15.71,15.71,EUR
2024-09-01T00:00:00Z,P234,42.49,21.79,21.79,EUR
2024-09-01T00:00:00Z,P235,54.71,26.69,26.69,EUR
2024-09-01T00:00:00Z,P236,50.40,28.80,28.80,EUR
2024-09-01T00:00:00Z,P237,61.51,35.08,33.25,JPY
2024-09-01T00:00:00Z,P238,77.24,39.61,39.61,EUR
2024-09-01T00:00:00Z,P239,86.12,42.01,42.01,EUR
2024-09-01T00:00:00Z,P240,84.16,50.73,48.09,USD
2024-10-01T00:00:00Z,P001,31.43,16.99,16.99,EUR
2024-10-01T00:00:00Z,P002,41.18,21.12,21.12,EUR
2024-10-01T00:00:00Z,P003,52.89,25.80,25.80,EUR
2024-10-01T00:00:00Z,P004,54.72,31.27,31.27,EUR
2024-10-01T00:00:00Z,P005,65.80,35.57,35.57,EUR
2024-10-01T00:00:00Z,P006,73.77,37.83,37.83,EUR
2024-10-01T00:00:00Z,P007,95.00,46.34,46.34,EUR
2024-10-01T00:00:00Z,P008,86.94,49.68,49.68,EUR
2024-10-01T00:00:00Z,P009,99.55,59.73,53.81,USD
2024-10-01T00:00:00Z,P010,115.58,59.27,59.27,EUR
2024-10-01T00:00:00Z,P011,133.23,64.99,64.99,EUR
2024-10-01T00:00:00Z,P012,120.31,68.75,68.75,EUR
2024-10-01T00:00:00Z,P013,137.92,74.55,74.55,EUR
2024-10-01T00:00:00Z,P014,149.66,76.75,76.75,EUR
2024-10-01T00:00:00Z,P015,165.41,80.69,80.69,EUR
2024-10-01T00:00:00Z,P016,154.11,88.06,88.06,EUR
2024-10-01T00:00:00Z,P017,169.20,101.52,91.46,JPY
2024-10-01T00:00:00Z,P018,183.26,93.98,93.98,EUR
2024-10-01T00:00:00Z,P019,202.03,98.55,98.55,EUR
2024-10-01T00:00:00Z,P020,181.79,115.31,103.88,USD
2024-10-01T00:00:00Z,P021,199.50,107.84,107.84,EUR
2024-10-01T00:00:00Z,P022,227.14,116.48,116.48,EUR
2024-10-01T00:00:00Z,P023,246.00,120.00,120.00,EUR
2024-10-01T00:00:00Z,P024,218.29,124.74,124.74,EUR
2024-10-01T00:00:00Z,P025,242.15,130.89,130.89,EUR
2024-10-01T00:00:00Z,P026,260.31,133.49,133.49,EUR
2024-10-01T00:00:00Z,P027,283.29,138.19,138.19,EUR
2024-10-01T00:00:00Z,P028,248.95,157.91,142.26,JPY
2024-10-01T00:00:00Z,P029,24.96,13.49,13.49,EUR
2024-10-01T00:00:00Z,P030,28.76,14.75,14.75,EUR
2024-10-01T00:00:00Z,P031,46.60,25.23,22.73,USD
2024-10-01T00:00:00Z,P032,47.88,27.36,27.36,EUR
2024-10-01T00:00:00Z,P033,56.85,30.73,30.73,EUR
2024-10-01T00:00:00Z,P034,64.06,32.85,32.85,EUR
2024-10-01T00:00:00Z,P035,79.05,38.56,38.56,EUR
2024-10-01T00:00:00Z,P036,73.88,42.22,42.22,EUR
2024-10-01T00:00:00Z,P037,89.15,48.19,48.19,EUR
2024-10-01T00:00:00Z,P038,109.67,56.24,56.24,EUR
2024-10-01T00:00:00Z,P039,120.56,65.28,58.81,JPY
2024-10-01T00:00:00Z,P040,108.05,61.74,61.74,EUR
2024-10-01T00:00:00Z,P041,122.58,66.26,66.26,EUR
2024-10-01T00:00:00Z,P042,138.63,78.91,71.09,USD
2024-10-01T00:00:00Z,P043,153.57,74.91,74.91,EUR
2024-10-01T00:00:00Z,P044,141.01,80.58,80.58,EUR
2024-10-01T00:00:00Z,P045,160.56,86.79,86.79,EUR
2024-10-01T00:00:00Z,P046,175.34,89.92,89.92,EUR
2024-10-01T00:00:00Z,P047,195.28,95.26,95.26,EUR
2024-10-01T00:00:00Z,P048,173.18,98.96,98.96,EUR
2024-10-01T00:00:00Z,P049,197.03,106.50,106.50,EUR
2024-10-01T00:00:00Z,P050,213.80,121.70,109.64,JPY
2024-10-01T00:00:00Z,P051,230.56,112.47,112.47,EUR
2024-10-01T00:00:00Z,P052,208.22,118.98,118.98,EUR
2024-10-01T00:00:00Z,P053,228.96,137.37,123.76,USD
2024-10-01T00:00:00Z,P054,252.15,129.31,129.31,EUR
2024-10-01T00:00:00Z,P055,270.15,131.78,131.78,EUR
2024-10-01T00:00:00Z,P056,240.13,137.22,137.22,EUR
2024-10-01T00:00:00Z,P057,265.46,143.49,143.49,EUR
2024-10-01T00:00:00Z,P058,25.72,13.19,13.19,EUR
2024-10-01T00:00:00Z,P059,30.16,14.71,14.71,EUR
2024-10-01T00:00:00Z,P060,33.43,19.10,19.10,EUR
2024-10-01T00:00:00Z,P061,51.54,30.92,27.86,JPY
2024-10-01T00:00:00Z,P062,55.46,28.44,28.44,EUR
2024-10-01T00:00:00Z,P063,75.89,37.02,37.02,EUR
2024-10-01T00:00:00Z,P064,73.55,46.65,42.03,USD
2024-10-01T00:00:00Z,P065,82.77,44.74,44.74,EUR
2024-10-01T00:00:00Z,P066,97.03,49.76,49.76,EUR
2024-10-01T00:00:00Z,P067,106.89,52.14,52.14,EUR
2024-10-01T00:00:00Z,P068,106.40,60.80,60.80,EUR
2024-10-01T00:00:00Z,P069,117.75,63.65,63.65,EUR
2024-10-01T00:00:00Z,P070,127.76,65.52,65.52,EUR
2024-10-01T00:00:00Z,P071,152.48,74.38,74.38,EUR
2024-10-01T00:00:00Z,P072,131.83,83.62,75.33,JPY
2024-10-01T00:00:00Z,P073,149.28,80.69,80.69,EUR
2024-10-01T00:00:00Z,P074,169.90,87.13,87.13,EUR
2024-10-01T00:00:00Z,P075,184.87,100.10,90.18,USD
2024-10-01T00:00:00Z,P076,170.26,97.29,97.29,EUR
2024-10-01T00:00:00Z,P077,190.86,103.17,103.17,EUR
2024-10-01T00:00:00Z,P078,204.83,105.04,105.04,EUR
2024-10-01T00:00:00Z,P079,224.37,109.45,109.45,EUR
2024-10-01T00:00:00Z,P080,204.77,117.01,117.01,EUR
2024-10-01T00:00:00Z,P081,225.37,121.82,121.82,EUR
2024-10-01T00:00:00Z,P082,244.43,125.35,125.35,EUR
2024-10-01T00:00:00Z,P083,267.75,144.98,130.61,JPY
2024-10-01T00:00:00Z,P084,230.86,131.92,131.92,EUR
2024-10-01T00:00:00Z,P085,253.75,137.16,137.16,EUR
2024-10-01T00:00:00Z,P086,275.09,156.59,141.07,USD
2024-10-01T00:00:00Z,P087,23.76,11.59,11.59,EUR
2024-10-01T00:00:00Z,P088,28.68,16.39,16.39,EUR
2024-10-01T00:00:00Z,P089,35.11,18.98,18.98,EUR
2024-10-01T00:00:00Z,P090,53.43,27.40,27.40,EUR
2024-10-01T00:00:00Z,P091,62.55,30.51,30.51,EUR
2024-10-01T00:00:00Z,P092,61.46,35.12,35.12,EUR
2024-10-01T00:00:00Z,P093,77.94,42.13,42.13,EUR
2024-10-01T00:00:00Z,P094,90.56,51.55,46.44,JPY
2024-10-01T00:00:00Z,P095,104.51,50.98,50.98,EUR
2024-10-01T00:00:00Z,P096,98.14,56.08,56.08,EUR
2024-10-01T00:00:00Z,P097,110.09,66.06,59.51,USD
2024-10-01T00:00:00Z,P098,127.72,65.50,65.50,EUR
2024-10-01T00:00:00Z,P099,143.42,69.96,69.96,EUR
2024-10-01T00:00:00Z,P100,126.65,72.37,72.37,EUR
2024-10-01T00:00:00Z,P101,147.17,79.55,79.55,EUR
2024-10-01T00:00:00Z,P102,161.25,82.69,82.69,EUR
2024-10-01T00:00:00Z,P103,178.90,87.27,87.27,EUR
2024-10-01T00:00:00Z,P104,157.39,89.94,89.94,EUR
2024-10-01T00:00:00Z,P105,173.83,104.30,93.96,JPY
2024-10-01T00:00:00Z,P106,197.83,101.45,101.45,EUR
2024-10-01T00:00:00Z,P107,216.75,105.73,105.73,EUR
2024-10-01T00:00:00Z,P108,194.22,123.19,110.98,USD
2024-10-01T00:00:00Z,P109,216.34,116.94,116.94,EUR
2024-10-01T00:00:00Z,P110,237.51,121.80,121.80,EUR
2024-10-01T00:00:00Z,P111,250.39,122.14,122.14,EUR
2024-10-01T00:00:00Z,P112,222.78,127.30,127.30,EUR
2024-10-01T00:00:00Z,P113,250.75,135.54,135.54,EUR
2024-10-01T00:00:00Z,P114,268.18,137.53,137.53,EUR
2024-10-01T00:00:00Z,P115,295.36,144.08,144.08,EUR
2024-10-01T00:00:00Z,P116,24.19,15.34,13.82,JPY
2024-10-01T00:00:00Z,P117,26.62,14.39,14.39,EUR
2024-10-01T00:00:00Z,P118,43.31,22.21,22.21,EUR
2024-10-01T00:00:00Z,P119,47.58,25.76,23.21,USD
2024-10-01T00:00:00Z,P120,55.18,31.53,31.53,EUR
2024-10-01T00:00:00Z,P121,64.51,34.87,34.87,EUR
2024-10-01T00:00:00Z,P122,73.91,37.90,37.90,EUR
2024-10-01T00:00:00Z,P123,95.98,46.82,46.82,EUR
2024-10-01T00:00:00Z,P124,85.02,48.58,48.58,EUR
2024-10-01T00:00:00Z,P125,95.03,51.37,51.37,EUR
2024-10-01T00:00:00Z,P126,116.63,59.81,59.81,EUR
2024-10-01T00:00:00Z,P127,132.06,71.51,64.42,JPY
2024-10-01T00:00:00Z,P128,121.08,69.19,69.19,EUR
2024-10-01T00:00:00Z,P129,138.45,74.84,74.84,EUR
2024-10-01T00:00:00Z,P130,151.24,86.09,77.56,USD
2024-10-01T00:00:00Z,P131,166.42,81.18,81.18,EUR
2024-10-01T00:00:00Z,P132,148.94,85.11,85.11,EUR
2024-10-01T00:00:00Z,P133,165.30,89.35,89.35,EUR
2024-10-01T00:00:00Z,P134,191.49,98.20,98.20,EUR
2024-10-01T00:00:00Z,P135,211.44,103.14,103.14,EUR
2024-10-01T00:00:00Z,P136,182.46,104.26,104.26,EUR
2024-10-01T00:00:00Z,P137,203.96,110.25,110.25,EUR
2024-10-01T00:00:00Z,P138,223.41,127.17,114.57,JPY
2024-10-01T00:00:00Z,P139,247.66,120.81,120.81,EUR
2024-10-01T00:00:00Z,P140,220.75,126.14,126.14,EUR
2024-10-01T00:00:00Z,P141,242.92,145.75,131.31,USD
2024-10-01T00:00:00Z,P142,257.69,132.15,132.15,EUR
2024-10-01T00:00:00Z,P143,285.54,139.29,139.29,EUR
2024-10-01T00:00:00Z,P144,250.34,143.05,143.05,EUR
2024-10-01T00:00:00Z,P145,22.24,12.02,12.02,EUR
2024-10-01T00:00:00Z,P146,32.12,16.47,16.47,EUR
2024-10-01T00:00:00Z,P147,40.84,19.92,19.92,EUR
2024-10-01T00:00:00Z,P148,43.37,24.78,24.78,EUR
2024-10-01T00:00:00Z,P149,58.92,35.35,31.85,JPY
2024-10-01T00:00:00Z,P150,68.37,35.06,35.06,EUR
2024-10-01T00:00:00Z,P151,83.07,40.52,40.52,EUR
2024-10-01T00:00:00Z,P152,78.64,49.88,44.94,USD
2024-10-01T00:00:00Z,P153,87.32,47.20,47.20,EUR
2024-10-01T00:00:00Z,P154,105.92,54.32,54.32,EUR
2024-10-01T00:00:00Z,P155,119.41,58.25,58.25,EUR
2024-10-01T00:00:00Z,P156,106.84,61.05,61.05,EUR
2024-10-01T00:00:00Z,P157,125.30,67.73,67.73,EUR
2024-10-01T00:00:00Z,P158,145.41,74.57,74.57,EUR
2024-10-01T00:00:00Z,P159,159.04,77.58,77.58,EUR
2024-10-01T00:00:00Z,P160,146.04,92.63,83.45,JPY
2024-10-01T00:00:00Z,P161,160.19,86.59,86.59,EUR
2024-10-01T00:00:00Z,P162,182.64,93.66,93.66,EUR
2024-10-01T00:00:00Z,P163,193.83,104.95,94.55,USD
2024-10-01T00:00:00Z,P164,177.29,101.31,101.31,EUR
2024-10-01T00:00:00Z,P165,194.58,105.18,105.18,EUR
2024-10-01T00:00:00Z,P166,216.96,111.26,111.26,EUR
2024-10-01T00:00:00Z,P167,238.95,116.56,116.56,EUR
2024-10-01T00:00:00Z,P168,206.15,117.80,117.80,EUR
2024-10-01T00:00:00Z,P169,225.57,121.93,121.93,EUR
2024-10-01T00:00:00Z,P170,248.47,127.42,127.42,EUR
2024-10-01T00:00:00Z,P171,276.59,149.76,134.92,JPY
2024-10-01T00:00:00Z,P172,239.44,136.82,136.82,EUR
2024-10-01T00:00:00Z,P173,267.62,144.66,144.66,EUR
2024-10-01T00:00:00Z,P174,25.14,14.31,12.89,USD
2024-10-01T00:00:00Z,P175,34.56,16.86,16.86,EUR
2024-10-01T00:00:00Z,P176,40.53,23.16,23.16,EUR
2024-10-01T00:00:00Z,P177,49.93,26.99,26.99,EUR
2024-10-01T00:00:00Z,P178,58.48,29.99,29.99,EUR
2024-10-01T00:00:00Z,P179,69.68,33.99,33.99,EUR
2024-10-01T00:00:00Z,P180,72.36,41.35,41.35,EUR
2024-10-01T00:00:00Z,P181,80.36,43.44,43.44,EUR
2024-10-01T00:00:00Z,P182,94.48,53.78,48.45,JPY
2024-10-01T00:00:00Z,P183,110.06,53.69,53.69,EUR
2024-10-01T00:00:00Z,P184,106.07,60.61,60.61,EUR
2024-10-01T00:00:00Z,P185,115.20,69.12,62.27,USD
2024-10-01T00:00:00Z,P186,132.37,67.88,67.88,EUR
2024-10-01T00:00:00Z,P187,145.26,70.86,70.86,EUR
2024-10-01T00:00:00Z,P188,139.49,79.71,79.71,EUR
2024-10-01T00:00:00Z,P189,151.63,81.96,81.96,EUR
2024-10-01T00:00:00Z,P190,170.70,87.54,87.54,EUR
2024-10-01T00:00:00Z,P191,182.86,89.20,89.20,EUR
2024-10-01T00:00:00Z,P192,163.89,93.65,93.65,EUR
2024-10-01T00:00:00Z,P193,185.56,111.33,100.30,JPY
2024-10-01T00:00:00Z,P194,203.23,104.22,104.22,EUR
2024-10-01T00:00:00Z,P195,227.32,110.89,110.89,EUR
2024-10-01T00:00:00Z,P196,204.37,129.63,116.78,USD
2024-10-01T00:00:00Z,P197,225.83,122.07,122.07,EUR
2024-10-01T00:00:00Z,P198,238.58,122.35,122.35,EUR
2024-10-01T00:00:00Z,P199,264.90,129.22,129.22,EUR
2024-10-01T00:00:00Z,P200,233.73,133.56,133.56,EUR
2024-10-01T00:00:00Z,P201,254.58,137.61,137.61,EUR
2024-10-01T00:00:00Z,P202,281.21,144.21,144.21,EUR
2024-10-01T00:00:00Z,P203,27.53,13.43,13.43,EUR
2024-10-01T00:00:00Z,P204,31.20,19.79,17.83,JPY
2024-10-01T00:00:00Z,P205,34.50,18.65,18.65,EUR
2024-10-01T00:00:00Z,P206,53.66,27.52,27.52,EUR
2024-10-01T00:00:00Z,P207,62.46,33.82,30.47,USD
2024-10-01T00:00:00Z,P208,63.09,36.05,36.05,EUR
2024-10-01T00:00:00Z,P209,73.09,39.51,39.51,EUR
2024-10-01T00:00:00Z,P210,82.25,42.18,42.18,EUR
2024-10-01T00:00:00Z,P211,102.85,50.17,50.17,EUR
2024-10-01T00:00:00Z,P212,96.69,55.25,55.25,EUR
2024-10-01T00:00:00Z,P213,111.07,60.04,60.04,EUR
2024-10-01T00:00:00Z,P214,118.64,60.84,60.84,EUR
2024-10-01T00:00:00Z,P215,138.54,75.01,67.58,JPY
2024-10-01T00:00:00Z,P216,129.83,74.19,74.19,EUR
2024-10-01T00:00:00Z,P217,142.14,76.83,76.83,EUR
2024-10-01T00:00:00Z,P218,160.93,91.61,82.53,USD
2024-10-01T00:00:00Z,P219,179.07,87.35,87.35,EUR
2024-10-01T00:00:00Z,P220,162.37,92.78,92.78,EUR
2024-10-01T00:00:00Z,P221,174.07,94.09,94.09,EUR
2024-10-01T00:00:00Z,P222,200.95,103.05,103.05,EUR
2024-10-01T00:00:00Z,P223,211.76,103.30,103.30,EUR
2024-10-01T00:00:00Z,P224,190.21,108.69,108.69,EUR
2024-10-01T00:00:00Z,P225,215.01,116.22,116.22,EUR
2024-10-01T00:00:00Z,P226,231.47,131.76,118.70,JPY
2024-10-01T00:00:00Z,P227,254.79,124.29,124.29,EUR
2024-10-01T00:00:00Z,P228,225.45,128.83,128.83,EUR
2024-10-01T00:00:00Z,P229,251.56,150.94,135.98,USD
2024-10-01T00:00:00Z,P230,274.11,140.57,140.57,EUR
2024-10-01T00:00:00Z,P231,296.84,144.80,144.80,EUR
2024-10-01T00:00:00Z,P232,21.63,12.36,12.36,EUR
2024-10-01T00:00:00Z,P233,29.06,15.71,15.71,EUR
2024-10-01T00:00:00Z,P234,42.49,21.79,21.79,EUR
2024-10-01T00:00:00Z,P235,54.71,26.69,26.69,EUR
2024-10-01T00:00:00Z,P236,50.40,28.80,28.80,EUR
2024-10-01T00:00:00Z,P237,61.51,36.91,33.25,JPY
2024-10-01T00:00:00Z,P238,77.24,39.61,39.61,EUR
2024-10-01T00:00:00Z,P239,86.12,42.01,42.01,EUR
2024-10-01T00:00:00Z,P240,84.16,53.38,48.09,USD
2024-11-01T00:00:00Z,P001,31.43,16.99,16.99,EUR
2024-11-01T00:00:00Z,P002,41.18,21.12,21.12,EUR
2024-11-01T00:00:00Z,P003,52.89,25.80,25.80,EUR
2024-11-01T00:00:00Z,P004,54.72,31.27,31.27,EUR
2024-11-01T00:00:00Z,P005,65.80,35.57,35.57,EUR
2024-11-01T00:00:00Z,P006,73.77,37.83,37.83,EUR
2024-11-01T00:00:00Z,P007,95.00,46.34,46.34,EUR
2024-11-01T00:00:00Z,P008,86.94,49.68,49.68,EUR
2024-11-01T00:00:00Z,P009,99.55,62.69,53.81,USD
2024-11-01T00:00:00Z,P010,115.58,59.27,59.27,EUR
2024-11-01T00:00:00Z,P011,133.23,64.99,64.99,EUR
2024-11-01T00:00:00Z,P012,120.31,68.75,68.75,EUR
2024-11-01T00:00:00Z,P013,137.92,74.55,74.55,EUR
2024-11-01T00:00:00Z,P014,149.66,76.75,76.75,EUR
2024-11-01T00:00:00Z,P015,165.41,80.69,80.69,EUR
2024-11-01T00:00:00Z,P016,154.11,88.06,88.06,EUR
2024-11-01T00:00:00Z,P017,169.20,106.55,91.46,JPY
2024-11-01T00:00:00Z,P018,183.26,93.98,93.98,EUR
2024-11-01T00:00:00Z,P019,202.03,98.55,98.55,EUR
2024-11-01T00:00:00Z,P020,181.79,121.02,103.88,USD
2024-11-01T00:00:00Z,P021,199.50,107.84,107.84,EUR
2024-11-01T00:00:00Z,P022,227.14,116.48,116.48,EUR
2024-11-01T00:00:00Z,P023,246.00,120.00,120.00,EUR
2024-11-01T00:00:00Z,P024,218.29,124.74,124.74,EUR
2024-11-01T00:00:00Z,P025,242.15,130.89,130.89,EUR
2024-11-01T00:00:00Z,P026,260.31,133.49,133.49,EUR
2024-11-01T00:00:00Z,P027,283.29,138.19,138.19,EUR
2024-11-01T00:00:00Z,P028,248.95,165.73,142.26,JPY
2024-11-01T00:00:00Z,P029,24.96,13.49,13.49,EUR
2024-11-01T00:00:00Z,P030,28.76,14.75,14.75,EUR
2024-11-01T00:00:00Z,P031,46.60,26.48,22.73,USD
2024-11-01T00:00:00Z,P032,47.88,27.36,27.36,EUR
2024-11-01T00:00:00Z,P033,56.85,30.73,30.73,EUR
2024-11-01T00:00:00Z,P034,64.06,32.85,32.85,EUR
2024-11-01T00:00:00Z,P035,79.05,38.56,38.56,EUR
2024-11-01T00:00:00Z,P036,73.88,42.22,42.22,EUR
2024-11-01T00:00:00Z,P037,89.15,48.19,48.19,EUR
2024-11-01T00:00:00Z,P038,109.67,56.24,56.24,EUR
2024-11-01T00:00:00Z,P039,120.56,68.51,58.81,JPY
2024-11-01T00:00:00Z,P040,108.05,61.74,61.74,EUR
2024-11-01T00:00:00Z,P041,122.58,66.26,66.26,EUR
2024-11-01T00:00:00Z,P042,138.63,82.82,71.09,USD
2024-11-01T00:00:00Z,P043,153.57,74.91,74.91,EUR
2024-11-01T00:00:00Z,P044,141.01,80.58,80.58,EUR
2024-11-01T00:00:00Z,P045,160.56,86.79,86.79,EUR
2024-11-01T00:00:00Z,P046,175.34,89.92,89.92,EUR
2024-11-01T00:00:00Z,P047,195.28,95.26,95.26,EUR
2024-11-01T00:00:00Z,P048,173.18,98.96,98.96,EUR
2024-11-01T00:00:00Z,P049,197.03,106.50,106.50,EUR
2024-11-01T00:00:00Z,P050,213.80,127.73,109.64,JPY
2024-11-01T00:00:00Z,P051,230.56,112.47,112.47,EUR
2024-11-01T00:00:00Z,P052,208.22,118.98,118.98,EUR
2024-11-01T00:00:00Z,P053,228.96,144.18,123.76,USD
2024-11-01T00:00:00Z,P054,252.15,129.31,129.31,EUR
2024-11-01T00:00:00Z,P055,270.15,131.78,131.78,EUR
2024-11-01T00:00:00Z,P056,240.13,137.22,137.22,EUR
2024-11-01T00:00:00Z,P057,265.46,143.49,143.49,EUR
2024-11-01T00:00:00Z,P058,25.72,13.19,13.19,EUR
2024-11-01T00:00:00Z,P059,30.16,14.71,14.71,EUR
2024-11-01T00:00:00Z,P060,33.43,19.10,19.10,EUR
2024-11-01T00:00:00Z,P061,51.54,32.46,27.86,JPY
2024-11-01T00:00:00Z,P062,55.46,28.44,28.44,EUR
2024-11-01T00:00:00Z,P063,75.89,37.02,37.02,EUR
2024-11-01T00:00:00Z,P064,73.55,48.96,42.03,USD
2024-11-01T00:00:00Z,P065,82.77,44.74,44.74,EUR
2024-11-01T00:00:00Z,P066,97.03,49.76,49.76,EUR
2024-11-01T00:00:00Z,P067,106.89,52.14,52.14,EUR
2024-11-01T00:00:00Z,P068,106.40,60.80,60.80,EUR
2024-11-01T00:00:00Z,P069,117.75,63.65,63.65,EUR
2024-11-01T00:00:00Z,P070,127.76,65.52,65.52,EUR
2024-11-01T00:00:00Z,P071,152.48,74.38,74.38,EUR
2024-11-01T00:00:00Z,P072,131.83,87.76,75.33,JPY
2024-11-01T00:00:00Z,P073,149.28,80.69,80.69,EUR
2024-11-01T00:00:00Z,P074,169.90,87.13,87.13,EUR
2024-11-01T00:00:00Z,P075,184.87,105.06,90.18,USD
2024-11-01T00:00:00Z,P076,170.26,97.29,97.29,EUR
2024-11-01T00:00:00Z,P077,190.86,103.17,103.17,EUR
2024-11-01T00:00:00Z,P078,204.83,105.04,105.04,EUR
2024-11-01T00:00:00Z,P079,224.37,109.45,109.45,EUR
2024-11-01T00:00:00Z,P080,204.77,117.01,117.01,EUR
2024-11-01T00:00:00Z,P081,225.37,121.82,121.82,EUR
2024-11-01T00:00:00Z,P082,244.43,125.35,125.35,EUR
2024-11-01T00:00:00Z,P083,267.75,152.16,130.61,JPY
2024-11-01T00:00:00Z,P084,230.86,131.92,131.92,EUR
2024-11-01T00:00:00Z,P085,253.75,137.16,137.16,EUR
2024-11-01T00:00:00Z,P086,275.09,164.35,141.07,USD
2024-11-01T00:00:00Z,P087,23.76,11.59,11.59,EUR
2024-11-01T00:00:00Z,P088,28.68,16.39,16.39,EUR
2024-11-01T00:00:00Z,P089,35.11,18.98,18.98,EUR
2024-11-01T00:00:00Z,P090,53.43,27.40,27.40,EUR
2024-11-01T00:00:00Z,P091,62.55,30.51,30.51,EUR
2024-11-01T00:00:00Z,P092,61.46,35.12,35.12,EUR
2024-11-01T00:00:00Z,P093,77.94,42.13,42.13,EUR
2024-11-01T00:00:00Z,P094,90.56,54.10,46.44,JPY
2024-11-01T00:00:00Z,P095,104.51,50.98,50.98,EUR
2024-11-01T00:00:00Z,P096,98.14,56.08,56.08,EUR
2024-11-01T00:00:00Z,P097,110.09,69.33,59.51,USD
2024-11-01T00:00:00Z,P098,127.72,65.50,65.50,EUR
2024-11-01T00:00:00Z,P099,143.42,69.96,69.96,EUR
2024-11-01T00:00:00Z,P100,126.65,72.37,72.37,EUR
2024-11-01T00:00:00Z,P101,147.17,79.55,79.55,EUR
2024-11-01T00:00:00Z,P102,161.25,82.69,82.69,EUR
2024-11-01T00:00:00Z,P103,178.90,87.27,87.27,EUR
2024-11-01T00:00:00Z,P104,157.39,89.94,89.94,EUR
2024-11-01T00:00:00Z,P105,173.83,109.46,93.96,JPY
2024-11-01T00:00:00Z,P106,197.83,101.45,101.45,EUR
2024-11-01T00:00:00Z,P107,216.75,105.73,105.73,EUR
2024-11-01T00:00:00Z,P108,194.22,129.29,110.98,USD
2024-11-01T00:00:00Z,P109,216.34,116.94,116.94,EUR
2024-11-01T00:00:00Z,P110,237.51,121.80,121.80,EUR
2024-11-01T00:00:00Z,P111,250.39,122.14,122.14,EUR
2024-11-01T00:00:00Z,P112,222.78,127.30,127.30,EUR
2024-11-01T00:00:00Z,P113,250.75,135.54,135.54,EUR
2024-11-01T00:00:00Z,P114,268.18,137.53,137.53,EUR
2024-11-01T00:00:00Z,P115,295.36,144.08,144.08,EUR
2024-11-01T00:00:00Z,P116,24.19,16.10,13.82,JPY
2024-11-01T00:00:00Z,P117,26.62,14.39,14.39,EUR
2024-11-01T00:00:00Z,P118,43.31,22.21,22.21,EUR
2024-11-01T00:00:00Z,P119,47.58,27.04,23.21,USD
2024-11-01T00:00:00Z,P120,55.18,31.53,31.53,EUR
2024-11-01T00:00:00Z,P121,64.51,34.87,34.87,EUR
2024-11-01T00:00:00Z,P122,73.91,37.90,37.90,EUR
2024-11-01T00:00:00Z,P123,95.98,46.82,46.82,EUR
2024-11-01T00:00:00Z,P124,85.02,48.58,48.58,EUR
2024-11-01T00:00:00Z,P125,95.03,51.37,51.37,EUR
2024-11-01T00:00:00Z,P126,116.63,59.81,59.81,EUR
2024-11-01T00:00:00Z,P127,132.06,75.05,64.42,JPY
2024-11-01T00:00:00Z,P128,121.08,69.19,69.19,EUR
2024-11-01T00:00:00Z,P129,138.45,74.84,74.84,EUR
2024-11-01T00:00:00Z,P130,151.24,90.36,77.56,USD
2024-11-01T00:00:00Z,P131,166.42,81.18,81.18,EUR
2024-11-01T00:00:00Z,P132,148.94,85.11,85.11,EUR
2024-11-01T00:00:00Z,P133,165.30,89.35,89.35,EUR
2024-11-01T00:00:00Z,P134,191.49,98.20,98.20,EUR
2024-11-01T00:00:00Z,P135,211.44,103.14,103.14,EUR
2024-11-01T00:00:00Z,P136,182.46,104.26,104.26,EUR
2024-11-01T00:00:00Z,P137,203.96,110.25,110.25,EUR
2024-11-01T00:00:00Z,P138,223.41,133.47,114.57,JPY
2024-11-01T00:00:00Z,P139,247.66,120.81,120.81,EUR
2024-11-01T00:00:00Z,P140,220.75,126.14,126.14,EUR
2024-11-01T00:00:00Z,P141,242.92,152.98,131.31,USD
2024-11-01T00:00:00Z,P142,257.69,132.15,132.15,EUR
2024-11-01T00:00:00Z,P143,285.54,139.29,139.29,EUR
2024-11-01T00:00:00Z,P144,250.34,143.05,143.05,EUR
2024-11-01T00:00:00Z,P145,22.24,12.02,12.02,EUR
2024-11-01T00:00:00Z,P146,32.12,16.47,16.47,EUR
2024-11-01T00:00:00Z,P147,40.84,19.92,19.92,EUR
2024-11-01T00:00:00Z,P148,43.37,24.78,24.78,EUR
2024-11-01T00:00:00Z,P149,58.92,37.11,31.85,JPY
2024-11-01T00:00:00Z,P150,68.37,35.06,35.06,EUR
2024-11-01T00:00:00Z,P151,83.07,40.52,40.52,EUR
2024-11-01T00:00:00Z,P152,78.64,52.36,44.94,USD
2024-11-01T00:00:00Z,P153,87.32,47.20,47.20,EUR
2024-11-01T00:00:00Z,P154,105.92,54.32,54.32,EUR
2024-11-01T00:00:00Z,P155,119.41,58.25,58.25,EUR
2024-11-01T00:00:00Z,P156,106.84,61.05,61.05,EUR
2024-11-01T00:00:00Z,P157,125.30,67.73,67.73,EUR
2024-11-01T00:00:00Z,P158,145.41,74.57,74.57,EUR
2024-11-01T00:00:00Z,P159,159.04,77.58,77.58,EUR
2024-11-01T00:00:00Z,P160,146.04,97.22,83.45,JPY
2024-11-01T00:00:00Z,P161,160.19,86.59,86.59,EUR
2024-11-01T00:00:00Z,P162,182.64,93.66,93.66,EUR
2024-11-01T00:00:00Z,P163,193.83,110.15,94.55,USD
2024-11-01T00:00:00Z,P164,177.29,101.31,101.31,EUR
2024-11-01T00:00:00Z,P165,194.58,105.18,105.18,EUR
2024-11-01T00:00:00Z,P166,216.96,111.26,111.26,EUR
2024-11-01T00:00:00Z,P167,238.95,116.56,116.56,EUR
2024-11-01T00:00:00Z,P168,206.15,117.80,117.80,EUR
2024-11-01T00:00:00Z,P169,225.57,121.93,121.93,EUR
2024-11-01T00:00:00Z,P170,248.47,127.42,127.42,EUR
2024-11-01T00:00:00Z,P171,276.59,157.18,134.92,JPY
2024-11-01T00:00:00Z,P172,239.44,136.82,136.82,EUR
2024-11-01T00:00:00Z,P173,267.62,144.66,144.66,EUR
2024-11-01T00:00:00Z,P174,25.14,15.02,12.89,USD
2024-11-01T00:00:00Z,P175,34.56,16.86,16.86,EUR
2024-11-01T00:00:00Z,P176,40.53,23.16,23.16,EUR
2024-11-01T00:00:00Z,P177,49.93,26.99,26.99,EUR
2024-11-01T00:00:00Z,P178,58.48,29.99,29.99,EUR
2024-11-01T00:00:00Z,P179,69.68,33.99,33.99,EUR
2024-11-01T00:00:00Z,P180,72.36,41.35,41.35,EUR
2024-11-01T00:00:00Z,P181,80.36,43.44,43.44,EUR
2024-11-01T00:00:00Z,P182,94.48,56.44,48.45,JPY
2024-11-01T00:00:00Z,P183,110.06,53.69,53.69,EUR
2024-11-01T00:00:00Z,P184,106.07,60.61,60.61,EUR
2024-11-01T00:00:00Z,P185,115.20,72.54,62.27,USD
2024-11-01T00:00:00Z,P186,132.37,67.88,67.88,EUR
2024-11-01T00:00:00Z,P187,145.26,70.86,70.86,EUR
2024-11-01T00:00:00Z,P188,139.49,79.71,79.71,EUR
2024-11-01T00:00:00Z,P189,151.63,81.96,81.96,EUR
2024-11-01T00:00:00Z,P190,170.70,87.54,87.54,EUR
2024-11-01T00:00:00Z,P191,182.86,89.20,89.20,EUR
2024-11-01T00:00:00Z,P192,163.89,93.65,93.65,EUR
2024-11-01T00:00:00Z,P193,185.56,116.85,100.30,JPY
2024-11-01T00:00:00Z,P194,203.23,104.22,104.22,EUR
2024-11-01T00:00:00Z,P195,227.32,110.89,110.89,EUR
2024-11-01T00:00:00Z,P196,204.37,136.05,116.78,USD
2024-11-01T00:00:00Z,P197,225.83,122.07,122.07,EUR
2024-11-01T00:00:00Z,P198,238.58,122.35,122.35,EUR
2024-11-01T00:00:00Z,P199,264.90,129.22,129.22,EUR
2024-11-01T00:00:00Z,P200,233.73,133.56,133.56,EUR
2024-11-01T00:00:00Z,P201,254.58,137.61,137.61,EUR
2024-11-01T00:00:00Z,P202,281.21,144.21,144.21,EUR
2024-11-01T00:00:00Z,P203,27.53,13.43,13.43,EUR
2024-11-01T00:00:00Z,P204,31.20,20.77,17.83,JPY
2024-11-01T00:00:00Z,P205,34.50,18.65,18.65,EUR
2024-11-01T00:00:00Z,P206,53.66,27.52,27.52,EUR
2024-11-01T00:00:00Z,P207,62.46,35.50,30.47,USD
2024-11-01T00:00:00Z,P208,63.09,36.05,36.05,EUR
2024-11-01T00:00:00Z,P209,73.09,39.51,39.51,EUR
2024-11-01T00:00:00Z,P210,82.25,42.18,42.18,EUR
2024-11-01T00:00:00Z,P211,102.85,50.17,50.17,EUR
2024-11-01T00:00:00Z,P212,96.69,55.25,55.25,EUR
2024-11-01T00:00:00Z,P213,111.07,60.04,60.04,EUR
2024-11-01T00:00:00Z,P214,118.64,60.84,60.84,EUR
2024-11-01T00:00:00Z,P215,138.54,78.73,67.58,JPY
2024-11-01T00:00:00Z,P216,129.83,74.19,74.19,EUR
2024-11-01T00:00:00Z,P217,142.14,76.83,76.83,EUR
2024-11-01T00:00:00Z,P218,160.93,96.15,82.53,USD
2024-11-01T00:00:00Z,P219,179.07,87.35,87.35,EUR
2024-11-01T00:00:00Z,P220,162.37,92.78,92.78,EUR
2024-11-01T00:00:00Z,P221,174.07,94.09,94.09,EUR
2024-11-01T00:00:00Z,P222,200.95,103.05,103.05,EUR
2024-11-01T00:00:00Z,P223,211.76,103.30,103.30,EUR
2024-11-01T00:00:00Z,P224,190.21,108.69,108.69,EUR
2024-11-01T00:00:00Z,P225,215.01,116.22,116.22,EUR
2024-11-01T00:00:00Z,P226,231.47,138.29,118.70,JPY
2024-11-01T00:00:00Z,P227,254.79,124.29,124.29,EUR
2024-11-01T00:00:00Z,P228,225.45,128.83,128.83,EUR
2024-11-01T00:00:00Z,P229,251.56,158.42,135.98,USD
2024-11-01T00:00:00Z,P230,274.11,140.57,140.57,EUR
2024-11-01T00:00:00Z,P231,296.84,144.80,144.80,EUR
2024-11-01T00:00:00Z,P232,21.63,12.36,12.36,EUR
2024-11-01T00:00:00Z,P233,29.06,15.71,15.71,EUR
2024-11-01T00:00:00Z,P234,42.49,21.79,21.79,EUR
2024-11-01T00:00:00Z,P235,54.71,26.69,26.69,EUR
2024-11-01T00:00:00Z,P236,50.40,28.80,28.80,EUR
2024-11-01T00:00:00Z,P237,61.51,38.74,33.25,JPY
2024-11-01T00:00:00Z,P238,77.24,39.61,39.61,EUR
2024-11-01T00:00:00Z,P239,86.12,42.01,42.01,EUR
2024-11-01T00:00:00Z,P240,84.16,56.02,48.09,USD
2024-12-01T00:00:00Z,P001,31.43,16.99,16.99,EUR
2024-12-01T00:00:00Z,P002,41.18,21.12,21.12,EUR
2024-12-01T00:00:00Z,P003,52.89,25.80,25.80,EUR
2024-12-01T00:00:00Z,P004,54.72,31.27,31.27,EUR
2024-12-01T00:00:00Z,P005,65.80,35.57,35.57,EUR
2024-12-01T00:00:00Z,P006,73.77,37.83,37.83,EUR
2024-12-01T00:00:00Z,P007,95.00,46.34,46.34,EUR
2024-12-01T00:00:00Z,P008,86.94,49.68,49.68,EUR
2024-12-01T00:00:00Z,P009,99.55,65.65,53.81,USD
2024-12-01T00:00:00Z,P010,115.58,59.27,59.27,EUR
2024-12-01T00:00:00Z,P011,133.23,64.99,64.99,EUR
2024-12-01T00:00:00Z,P012,120.31,68.75,68.75,EUR
2024-12-01T00:00:00Z,P013,137.92,74.55,74.55,EUR
2024-12-01T00:00:00Z,P014,149.66,76.75,76.75,EUR
2024-12-01T00:00:00Z,P015,165.41,80.69,80.69,EUR
2024-12-01T00:00:00Z,P016,154.11,88.06,88.06,EUR
2024-12-01T00:00:00Z,P017,169.20,111.58,91.46,JPY
2024-12-01T00:00:00Z,P018,183.26,93.98,93.98,EUR
2024-12-01T00:00:00Z,P019,202.03,98.55,98.55,EUR
2024-12-01T00:00:00Z,P020,181.79,126.73,103.88,USD
2024-12-01T00:00:00Z,P021,199.50,107.84,107.84,EUR
2024-12-01T00:00:00Z,P022,227.14,116.48,116.48,EUR
2024-12-01T00:00:00Z,P023,246.00,120.00,120.00,EUR
2024-12-01T00:00:00Z,P024,218.29,124.74,124.74,EUR
2024-12-01T00:00:00Z,P025,242.15,130.89,130.89,EUR
2024-12-01T00:00:00Z,P026,260.31,133.49,133.49,EUR
2024-12-01T00:00:00Z,P027,283.29,138.19,138.19,EUR
2024-12-01T00:00:00Z,P028,248.95,173.56,142.26,JPY
2024-12-01T00:00:00Z,P029,24.96,13.49,13.49,EUR
2024-12-01T00:00:00Z,P030,28.76,14.75,14.75,EUR
2024-12-01T00:00:00Z,P031,46.60,27.73,22.73,USD
2024-12-01T00:00:00Z,P032,47.88,27.36,27.36,EUR
2024-12-01T00:00:00Z,P033,56.85,30.73,30.73,EUR
2024-12-01T00:00:00Z,P034,64.06,32.85,32.85,EUR
2024-12-01T00:00:00Z,P035,79.05,38.56,38.56,EUR
2024-12-01T00:00:00Z,P036,73.88,42.22,42.22,EUR
2024-12-01T00:00:00Z,P037,89.15,48.19,48.19,EUR
2024-12-01T00:00:00Z,P038,109.67,56.24,56.24,EUR
2024-12-01T00:00:00Z,P039,120.56,71.75,58.81,JPY
2024-12-01T00:00:00Z,P040,108.05,61.74,61.74,EUR
2024-12-01T00:00:00Z,P041,122.58,66.26,66.26,EUR
2024-12-01T00:00:00Z,P042,138.63,86.73,71.09,USD
2024-12-01T00:00:00Z,P043,153.57,74.91,74.91,EUR
2024-12-01T00:00:00Z,P044,141.01,80.58,80.58,EUR
2024-12-01T00:00:00Z,P045,160.56,86.79,86.79,EUR
2024-12-01T00:00:00Z,P046,175.34,89.92,89.92,EUR
2024-12-01T00:00:00Z,P047,195.28,95.26,95.26,EUR
2024-12-01T00:00:00Z,P048,173.18,98.96,98.96,EUR
2024-12-01T00:00:00Z,P049,197.03,106.50,106.50,EUR
2024-12-01T00:00:00Z,P050,213.80,133.76,109.64,JPY
2024-12-01T00:00:00Z,P051,230.56,112.47,112.47,EUR
2024-12-01T00:00:00Z,P052,208.22,118.98,118.98,EUR
2024-12-01T00:00:00Z,P053,228.96,150.99,123.76,USD
2024-12-01T00:00:00Z,P054,252.15,129.31,129.31,EUR
2024-12-01T00:00:00Z,P055,270.15,131.78,131.78,EUR
2024-12-01T00:00:00Z,P056,240.13,137.22,137.22,EUR
2024-12-01T00:00:00Z,P057,265.46,143.49,143.49,EUR
2024-12-01T00:00:00Z,P058,25.72,13.19,13.19,EUR
2024-12-01T00:00:00Z,P059,30.16,14.71,14.71,EUR
2024-12-01T00:00:00Z,P060,33.43,19.10,19.10,EUR
2024-12-01T00:00:00Z,P061,51.54,33.99,27.86,JPY
2024-12-01T00:00:00Z,P062,55.46,28.44,28.44,EUR
2024-12-01T00:00:00Z,P063,75.89,37.02,37.02,EUR
2024-12-01T00:00:00Z,P064,73.55,51.28,42.03,USD
2024-12-01T00:00:00Z,P065,82.77,44.74,44.74,EUR
2024-12-01T00:00:00Z,P066,97.03,49.76,49.76,EUR
2024-12-01T00:00:00Z,P067,106.89,52.14,52.14,EUR
2024-12-01T00:00:00Z,P068,106.40,60.80,60.80,EUR
2024-12-01T00:00:00Z,P069,117.75,63.65,63.65,EUR
2024-12-01T00:00:00Z,P070,127.76,65.52,65.52,EUR
2024-12-01T00:00:00Z,P071,152.48,74.38,74.38,EUR
2024-12-01T00:00:00Z,P072,131.83,91.90,75.33,JPY
2024-12-01T00:00:00Z,P073,149.28,80.69,80.69,EUR
2024-12-01T00:00:00Z,P074,169.90,87.13,87.13,EUR
2024-12-01T00:00:00Z,P075,184.87,110.02,90.18,USD
2024-12-01T00:00:00Z,P076,170.26,97.29,97.29,EUR
2024-12-01T00:00:00Z,P077,190.86,103.17,103.17,EUR
2024-12-01T00:00:00Z,P078,204.83,105.04,105.04,EUR
2024-12-01T00:00:00Z,P079,224.37,109.45,109.45,EUR
2024-12-01T00:00:00Z,P080,204.77,117.01,117.01,EUR
2024-12-01T00:00:00Z,P081,225.37,121.82,121.82,EUR
2024-12-01T00:00:00Z,P082,244.43,125.35,125.35,EUR
2024-12-01T00:00:00Z,P083,267.75,159.34,130.61,JPY
2024-12-01T00:00:00Z,P084,230.86,131.92,131.92,EUR
2024-12-01T00:00:00Z,P085,253.75,137.16,137.16,EUR
2024-12-01T00:00:00Z,P086,275.09,172.11,141.07,USD
2024-12-01T00:00:00Z,P087,23.76,11.59,11.59,EUR
2024-12-01T00:00:00Z,P088,28.68,16.39,16.39,EUR
2024-12-01T00:00:00Z,P089,35.11,18.98,18.98,EUR
2024-12-01T00:00:00Z,P090,53.43,27.40,27.40,EUR
2024-12-01T00:00:00Z,P091,62.55,30.51,30.51,EUR
2024-12-01T00:00:00Z,P092,61.46,35.12,35.12,EUR
2024-12-01T00:00:00Z,P093,77.94,42.13,42.13,EUR
2024-12-01T00:00:00Z,P094,90.56,56.66,46.44,JPY
2024-12-01T00:00:00Z,P095,104.51,50.98,50.98,EUR
2024-12-01T00:00:00Z,P096,98.14,56.08,56.08,EUR
2024-12-01T00:00:00Z,P097,110.09,72.60,59.51,USD
2024-12-01T00:00:00Z,P098,127.72,65.50,65.50,EUR
2024-12-01T00:00:00Z,P099,143.42,69.96,69.96,EUR
2024-12-01T00:00:00Z,P100,126.65,72.37,72.37,EUR
2024-12-01T00:00:00Z,P101,147.17,79.55,79.55,EUR
2024-12-01T00:00:00Z,P102,161.25,82.69,82.69,EUR
2024-12-01T00:00:00Z,P103,178.90,87.27,87.27,EUR
2024-12-01T00:00:00Z,P104,157.39,89.94,89.94,EUR
2024-12-01T00:00:00Z,P105,173.83,114.63,93.96,JPY
2024-12-01T00:00:00Z,P106,197.83,101.45,101.45,EUR
2024-12-01T00:00:00Z,P107,216.75,105.73,105.73,EUR
2024-12-01T00:00:00Z,P108,194.22,135.40,110.98,USD
2024-12-01T00:00:00Z,P109,216.34,116.94,116.94,EUR
2024-12-01T00:00:00Z,P110,237.51,121.80,121.80,EUR
2024-12-01T00:00:00Z,P111,250.39,122.14,122.14,EUR
2024-12-01T00:00:00Z,P112,222.78,127.30,127.30,EUR
2024-12-01T00:00:00Z,P113,250.75,135.54,135.54,EUR
2024-12-01T00:00:00Z,P114,268.18,137.53,137.53,EUR
2024-12-01T00:00:00Z,P115,295.36,144.08,144.08,EUR
2024-12-01T00:00:00Z,P116,24.19,16.86,13.82,JPY
2024-12-01T00:00:00Z,P117,26.62,14.39,14.39,EUR
2024-12-01T00:00:00Z,P118,43.31,22.21,22.21,EUR
2024-12-01T00:00:00Z,P119,47.58,28.32,23.21,USD
2024-12-01T00:00:00Z,P120,55.18,31.53,31.53,EUR
2024-12-01T00:00:00Z,P121,64.51,34.87,34.87,EUR
2024-12-01T00:00:00Z,P122,73.91,37.90,37.90,EUR
2024-12-01T00:00:00Z,P123,95.98,46.82,46.82,EUR
2024-12-01T00:00:00Z,P124,85.02,48.58,48.58,EUR
2024-12-01T00:00:00Z,P125,95.03,51.37,51.37,EUR
2024-12-01T00:00:00Z,P126,116.63,59.81,59.81,EUR
2024-12-01T00:00:00Z,P127,132.06,78.59,64.42,JPY
2024-12-01T00:00:00Z,P128,121.08,69.19,69.19,EUR
2024-12-01T00:00:00Z,P129,138.45,74.84,74.84,EUR
2024-12-01T00:00:00Z,P130,151.24,94.62,77.56,USD
2024-12-01T00:00:00Z,P131,166.42,81.18,81.18,EUR
2024-12-01T00:00:00Z,P132,148.94,85.11,85.11,EUR
2024-12-01T00:00:00Z,P133,165.30,89.35,89.35,EUR
2024-12-01T00:00:00Z,P134,191.49,98.20,98.20,EUR
2024-12-01T00:00:00Z,P135,211.44,103.14,103.14,EUR
2024-12-01T00:00:00Z,P136,182.46,104.26,104.26,EUR
2024-12-01T00:00:00Z,P137,203.96,110.25,110.25,EUR
2024-12-01T00:00:00Z,P138,223.41,139.78,114.57,JPY
2024-12-01T00:00:00Z,P139,247.66,120.81,120.81,EUR
2024-12-01T00:00:00Z,P140,220.75,126.14,126.14,EUR
2024-12-01T00:00:00Z,P141,242.92,160.20,131.31,USD
2024-12-01T00:00:00Z,P142,257.69,132.15,132.15,EUR
2024-12-01T00:00:00Z,P143,285.54,139.29,139.29,EUR
2024-12-01T00:00:00Z,P144,250.34,143.05,143.05,EUR
2024-12-01T00:00:00Z,P145,22.24,12.02,12.02,EUR
2024-12-01T00:00:00Z,P146,32.12,16.47,16.47,EUR
2024-12-01T00:00:00Z,P147,40.84,19.92,19.92,EUR
2024-12-01T00:00:00Z,P148,43.37,24.78,24.78,EUR
2024-12-01T00:00:00Z,P149,58.92,38.86,31.85,JPY
2024-12-01T00:00:00Z,P150,68.37,35.06,35.06,EUR
2024-12-01T00:00:00Z,P151,83.07,40.52,40.52,EUR
2024-12-01T00:00:00Z,P152,78.64,54.83,44.94,USD
2024-12-01T00:00:00Z,P153,87.32,47.20,47.20,EUR
2024-12-01T00:00:00Z,P154,105.92,54.32,54.32,EUR
2024-12-01T00:00:00Z,P155,119.41,58.25,58.25,EUR
2024-12-01T00:00:00Z,P156,106.84,61.05,61.05,EUR
2024-12-01T00:00:00Z,P157,125.30,67.73,67.73,EUR
2024-12-01T00:00:00Z,P158,145.41,74.57,74.57,EUR
2024-12-01T00:00:00Z,P159,159.04,77.58,77.58,EUR
2024-12-01T00:00:00Z,P160,146.04,101.81,83.45,JPY
2024-12-01T00:00:00Z,P161,160.19,86.59,86.59,EUR
2024-12-01T00:00:00Z,P162,182.64,93.66,93.66,EUR
2024-12-01T00:00:00Z,P163,193.83,115.35,94.55,USD
2024-12-01T00:00:00Z,P164,177.29,101.31,101.31,EUR
2024-12-01T00:00:00Z,P165,194.58,105.18,105.18,EUR
2024-12-01T00:00:00Z,P166,216.96,111.26,111.26,EUR
2024-12-01T00:00:00Z,P167,238.95,116.56,116.56,EUR
2024-12-01T00:00:00Z,P168,206.15,117.80,117.80,EUR
2024-12-01T00:00:00Z,P169,225.57,121.93,121.93,EUR
2024-12-01T00:00:00Z,P170,248.47,127.42,127.42,EUR
2024-12-01T00:00:00Z,P171,276.59,164.60,134.92,JPY
2024-12-01T00:00:00Z,P172,239.44,136.82,136.82,EUR
2024-12-01T00:00:00Z,P173,267.62,144.66,144.66,EUR
2024-12-01T00:00:00Z,P174,25.14,15.73,12.89,USD
2024-12-01T00:00:00Z,P175,34.56,16.86,16.86,EUR
2024-12-01T00:00:00Z,P176,40.53,23.16,23.16,EUR
2024-12-01T00:00:00Z,P177,49.93,26.99,26.99,EUR
2024-12-01T00:00:00Z,P178,58.48,29.99,29.99,EUR
2024-12-01T00:00:00Z,P179,69.68,33.99,33.99,EUR
2024-12-01T00:00:00Z,P180,72.36,41.35,41.35,EUR
2024-12-01T00:00:00Z,P181,80.36,43.44,43.44,EUR
2024-12-01T00:00:00Z,P182,94.48,59.11,48.45,JPY
2024-12-01T00:00:00Z,P183,110.06,53.69,53.69,EUR
2024-12-01T00:00:00Z,P184,106.07,60.61,60.61,EUR
2024-12-01T00:00:00Z,P185,115.20,75.97,62.27,USD
2024-12-01T00:00:00Z,P186,132.37,67.88,67.88,EUR
2024-12-01T00:00:00Z,P187,145.26,70.86,70.86,EUR
2024-12-01T00:00:00Z,P188,139.49,79.71,79.71,EUR
2024-12-01T00:00:00Z,P189,151.63,81.96,81.96,EUR
2024-12-01T00:00:00Z,P190,170.70,87.54,87.54,EUR
2024-12-01T00:00:00Z,P191,182.86,89.20,89.20,EUR
2024-12-01T00:00:00Z,P192,163.89,93.65,93.65,EUR
2024-12-01T00:00:00Z,P193,185.56,122.37,100.30,JPY
2024-12-01T00:00:00Z,P194,203.23,104.22,104.22,EUR
2024-12-01T00:00:00Z,P195,227.32,110.89,110.89,EUR
2024-12-01T00:00:00Z,P196,204.37,142.47,116.78,USD
2024-12-01T00:00:00Z,P197,225.83,122.07,122.07,EUR
2024-12-01T00:00:00Z,P198,238.58,122.35,122.35,EUR
2024-12-01T00:00:00Z,P199,264.90,129.22,129.22,EUR
2024-12-01T00:00:00Z,P200,233.73,133.56,133.56,EUR
2024-12-01T00:00:00Z,P201,254.58,137.61,137.61,EUR
2024-12-01T00:00:00Z,P202,281.21,144.21,144.21,EUR
2024-12-01T00:00:00Z,P203,27.53,13.43,13.43,EUR
2024-12-01T00:00:00Z,P204,31.20,21.75,17.83,JPY
2024-12-01T00:00:00Z,P205,34.50,18.65,18.65,EUR
2024-12-01T00:00:00Z,P206,53.66,27.52,27.52,EUR
2024-12-01T00:00:00Z,P207,62.46,37.17,30.47,USD
2024-12-01T00:00:00Z,P208,63.09,36.05,36.05,EUR
2024-12-01T00:00:00Z,P209,73.09,39.51,39.51,EUR
2024-12-01T00:00:00Z,P210,82.25,42.18,42.18,EUR
2024-12-01T00:00:00Z,P211,102.85,50.17,50.17,EUR
2024-12-01T00:00:00Z,P212,96.69,55.25,55.25,EUR
2024-12-01T00:00:00Z,P213,111.07,60.04,60.04,EUR
2024-12-01T00:00:00Z,P214,118.64,60.84,60.84,EUR
2024-12-01T00:00:00Z,P215,138.54,82.45,67.58,JPY
2024-12-01T00:00:00Z,P216,129.83,74.19,74.19,EUR
2024-12-01T00:00:00Z,P217,142.14,76.83,76.83,EUR
2024-12-01T00:00:00Z,P218,160.93,100.69,82.53,USD
2024-12-01T00:00:00Z,P219,179.07,87.35,87.35,EUR
2024-12-01T00:00:00Z,P220,162.37,92.78,92.78,EUR
2024-12-01T00:00:00Z,P221,174.07,94.09,94.09,EUR
2024-12-01T00:00:00Z,P222,200.95,103.05,103.05,EUR
2024-12-01T00:00:00Z,P223,211.76,103.30,103.30,EUR
2024-12-01T00:00:00Z,P224,190.21,108.69,108.69,EUR
2024-12-01T00:00:00Z,P225,215.01,116.22,116.22,EUR
2024-12-01T00:00:00Z,P226,231.47,144.81,118.70,JPY
2024-12-01T00:00:00Z,P227,254.79,124.29,124.29,EUR
2024-12-01T00:00:00Z,P228,225.45,128.83,128.83,EUR
2024-12-01T00:00:00Z,P229,251.56,165.90,135.98,USD
2024-12-01T00:00:00Z,P230,274.11,140.57,140.57,EUR
2024-12-01T00:00:00Z,P231,296.84,144.80,144.80,EUR
2024-12-01T00:00:00Z,P232,21.63,12.36,12.36,EUR
2024-12-01T00:00:00Z,P233,29.06,15.71,15.71,EUR
2024-12-01T00:00:00Z,P234,42.49,21.79,21.79,EUR
2024-12-01T00:00:00Z,P235,54.71,26.69,26.69,EUR
2024-12-01T00:00:00Z,P236,50.40,28.80,28.80,EUR
2024-12-01T00:00:00Z,P237,61.51,40.56,33.25,JPY
2024-12-01T00:00:00Z,P238,77.24,39.61,39.61,EUR
2024-12-01T00:00:00Z,P239,86.12,42.01,42.01,EUR
2024-12-01T00:00:00Z,P240,84.16,58.67,48.09,USD
2026-02-01T00:00:00Z,P001,31.43,16.99,16.99,EUR
2026-02-01T00:00:00Z,P002,41.18,21.12,21.12,EUR
2026-02-01T00:00:00Z,P003,52.89,25.80,25.80,EUR
2026-02-01T00:00:00Z,P004,54.72,31.27,31.27,EUR
2026-02-01T00:00:00Z,P005,65.80,35.57,35.57,EUR
2026-02-01T00:00:00Z,P006,73.77,37.83,37.83,EUR
2026-02-01T00:00:00Z,P007,95.00,46.34,46.34,EUR
2026-02-01T00:00:00Z,P008,86.94,49.68,49.68,EUR
2026-02-01T00:00:00Z,P009,99.55,53.81,53.81,USD
2026-02-01T00:00:00Z,P010,115.58,59.27,59.27,EUR
2026-02-01T00:00:00Z,P011,133.23,64.99,64.99,EUR
2026-02-01T00:00:00Z,P012,120.31,68.75,68.75,EUR
2026-02-01T00:00:00Z,P013,137.92,74.55,74.55,EUR
2026-02-01T00:00:00Z,P014,149.66,76.75,76.75,EUR
2026-02-01T00:00:00Z,P015,165.41,80.69,80.69,EUR
2026-02-01T00:00:00Z,P016,154.11,88.06,88.06,EUR
2026-02-01T00:00:00Z,P017,169.20,91.46,91.46,JPY
2026-02-01T00:00:00Z,P018,183.26,93.98,93.98,EUR
2026-02-01T00:00:00Z,P019,202.03,98.55,98.55,EUR
2026-02-01T00:00:00Z,P020,181.79,103.88,103.88,USD
2026-02-01T00:00:00Z,P021,199.50,107.84,107.84,EUR
2026-02-01T00:00:00Z,P022,227.14,116.48,116.48,EUR
2026-02-01T00:00:00Z,P023,246.00,120.00,120.00,EUR
2026-02-01T00:00:00Z,P024,218.29,124.74,124.74,EUR
2026-02-01T00:00:00Z,P025,242.15,130.89,130.89,EUR
2026-02-01T00:00:00Z,P026,260.31,133.49,133.49,EUR
2026-02-01T00:00:00Z,P027,283.29,138.19,138.19,EUR
2026-02-01T00:00:00Z,P028,248.95,142.26,142.26,JPY
2026-02-01T00:00:00Z,P029,24.96,13.49,13.49,EUR
2026-02-01T00:00:00Z,P030,28.76,14.75,14.75,EUR
2026-02-01T00:00:00Z,P031,46.60,22.73,22.73,USD
2026-02-01T00:00:00Z,P032,47.88,27.36,27.36,EUR
2026-02-01T00:00:00Z,P033,56.85,30.73,30.73,EUR
2026-02-01T00:00:00Z,P034,64.06,32.85,32.85,EUR
2026-02-01T00:00:00Z,P035,79.05,38.56,38.56,EUR
2026-02-01T00:00:00Z,P036,73.88,42.22,42.22,EUR
2026-02-01T00:00:00Z,P037,89.15,48.19,48.19,EUR
2026-02-01T00:00:00Z,P038,109.67,56.24,56.24,EUR
2026-02-01T00:00:00Z,P039,120.56,58.81,58.81,JPY
2026-02-01T00:00:00Z,P040,108.05,61.74,61.74,EUR
2026-02-01T00:00:00Z,P041,122.58,66.26,66.26,EUR
2026-02-01T00:00:00Z,P042,138.63,71.09,71.09,USD
2026-02-01T00:00:00Z,P043,153.57,74.91,74.91,EUR
2026-02-01T00:00:00Z,P044,141.01,80.58,80.58,EUR
2026-02-01T00:00:00Z,P045,160.56,86.79,86.79,EUR
2026-02-01T00:00:00Z,P046,175.34,89.92,89.92,EUR
2026-02-01T00:00:00Z,P047,195.28,95.26,95.26,EUR
2026-02-01T00:00:00Z,P048,173.18,98.96,98.96,EUR
2026-02-01T00:00:00Z,P049,197.03,106.50,106.50,EUR
2026-02-01T00:00:00Z,P050,213.80,109.64,109.64,JPY
2026-02-01T00:00:00Z,P051,230.56,112.47,112.47,EUR
2026-02-01T00:00:00Z,P052,208.22,118.98,118.98,EUR
2026-02-01T00:00:00Z,P053,228.96,123.76,123.76,USD
2026-02-01T00:00:00Z,P054,252.15,129.31,129.31,EUR
2026-02-01T00:00:00Z,P055,270.15,131.78,131.78,EUR
2026-02-01T00:00:00Z,P056,240.13,137.22,137.22,EUR
2026-02-01T00:00:00Z,P057,265.46,143.49,143.49,EUR
2026-02-01T00:00:00Z,P058,25.72,13.19,13.19,EUR
2026-02-01T00:00:00Z,P059,30.16,14.71,14.71,EUR
2026-02-01T00:00:00Z,P060,33.43,19.10,19.10,EUR
2026-02-01T00:00:00Z,P061,51.54,27.86,27.86,JPY
2026-02-01T00:00:00Z,P062,55.46,28.44,28.44,EUR
2026-02-01T00:00:00Z,P063,75.89,37.02,37.02,EUR
2026-02-01T00:00:00Z,P064,73.55,42.03,42.03,USD
2026-02-01T00:00:00Z,P065,82.77,44.74,44.74,EUR
2026-02-01T00:00:00Z,P066,97.03,49.76,49.76,EUR
2026-02-01T00:00:00Z,P067,106.89,52.14,52.14,EUR
2026-02-01T00:00:00Z,P068,106.40,60.80,60.80,EUR
2026-02-01T00:00:00Z,P069,117.75,63.65,63.65,EUR
2026-02-01T00:00:00Z,P070,127.76,65.52,65.52,EUR
2026-02-01T00:00:00Z,P071,152.48,74.38,74.38,EUR
2026-02-01T00:00:00Z,P072,131.83,75.33,75.33,JPY
2026-02-01T00:00:00Z,P073,149.28,80.69,80.69,EUR
2026-02-01T00:00:00Z,P074,169.90,87.13,87.13,EUR
2026-02-01T00:00:00Z,P075,184.87,90.18,90.18,USD
2026-02-01T00:00:00Z,P076,170.26,97.29,97.29,EUR
2026-02-01T00:00:00Z,P077,190.86,103.17,103.17,EUR
2026-02-01T00:00:00Z,P078,204.83,105.04,105.04,EUR
2026-02-01T00:00:00Z,P079,224.37,109.45,109.45,EUR
2026-02-01T00:00:00Z,P080,204.77,117.01,117.01,EUR
2026-02-01T00:00:00Z,P081,225.37,121.82,121.82,EUR
2026-02-01T00:00:00Z,P082,244.43,125.35,125.35,EUR
2026-02-01T00:00:00Z,P083,267.75,130.61,130.61,JPY
2026-02-01T00:00:00Z,P084,230.86,131.92,131.92,EUR
2026-02-01T00:00:00Z,P085,253.75,137.16,137.16,EUR
2026-02-01T00:00:00Z,P086,275.09,141.07,141.07,USD
2026-02-01T00:00:00Z,P087,23.76,11.59,11.59,EUR
2026-02-01T00:00:00Z,P088,28.68,16.39,16.39,EUR
2026-02-01T00:00:00Z,P089,35.11,18.98,18.98,EUR
2026-02-01T00:00:00Z,P090,53.43,27.40,27.40,EUR
2026-02-01T00:00:00Z,P091,62.55,30.51,30.51,EUR
2026-02-01T00:00:00Z,P092,61.46,35.12,35.12,EUR
2026-02-01T00:00:00Z,P093,77.94,42.13,42.13,EUR
2026-02-01T00:00:00Z,P094,90.56,46.44,46.44,JPY
2026-02-01T00:00:00Z,P095,104.51,50.98,50.98,EUR
2026-02-01T00:00:00Z,P096,98.14,56.08,56.08,EUR
2026-02-01T00:00:00Z,P097,110.09,59.51,59.51,USD
2026-02-01T00:00:00Z,P098,127.72,65.50,65.50,EUR
2026-02-01T00:00:00Z,P099,143.42,69.96,69.96,EUR
2026-02-01T00:00:00Z,P100,126.65,72.37,72.37,EUR
2026-02-01T00:00:00Z,P101,147.17,79.55,79.55,EUR
2026-02-01T00:00:00Z,P102,161.25,82.69,82.69,EUR
2026-02-01T00:00:00Z,P103,178.90,87.27,87.27,EUR
2026-02-01T00:00:00Z,P104,157.39,89.94,89.94,EUR
2026-02-01T00:00:00Z,P105,173.83,93.96,93.96,JPY
2026-02-01T00:00:00Z,P106,197.83,101.45,101.45,EUR
2026-02-01T00:00:00Z,P107,216.75,105.73,105.73,EUR
2026-02-01T00:00:00Z,P108,194.22,110.98,110.98,USD
2026-02-01T00:00:00Z,P109,216.34,116.94,116.94,EUR
2026-02-01T00:00:00Z,P110,237.51,121.80,121.80,EUR
2026-02-01T00:00:00Z,P111,250.39,122.14,122.14,EUR
2026-02-01T00:00:00Z,P112,222.78,127.30,127.30,EUR
2026-02-01T00:00:00Z,P113,250.75,135.54,135.54,EUR
2026-02-01T00:00:00Z,P114,268.18,137.53,137.53,EUR
2026-02-01T00:00:00Z,P115,295.36,144.08,144.08,EUR
2026-02-01T00:00:00Z,P116,24.19,13.82,13.82,JPY
2026-02-01T00:00:00Z,P117,26.62,14.39,14.39,EUR
2026-02-01T00:00:00Z,P118,43.31,22.21,22.21,EUR
2026-02-01T00:00:00Z,P119,47.58,23.21,23.21,USD
2026-02-01T00:00:00Z,P120,55.18,31.53,31.53,EUR
2026-02-01T00:00:00Z,P121,64.51,34.87,34.87,EUR
2026-02-01T00:00:00Z,P122,73.91,37.90,37.90,EUR
2026-02-01T00:00:00Z,P123,95.98,46.82,46.82,EUR
2026-02-01T00:00:00Z,P124,85.02,48.58,48.58,EUR
2026-02-01T00:00:00Z,P125,95.03,51.37,51.37,EUR
2026-02-01T00:00:00Z,P126,116.63,59.81,59.81,EUR
2026-02-01T00:00:00Z,P127,132.06,64.42,64.42,JPY
2026-02-01T00:00:00Z,P128,121.08,69.19,69.19,EUR
2026-02-01T00:00:00Z,P129,138.45,74.84,74.84,EUR
2026-02-01T00:00:00Z,P130,151.24,77.56,77.56,USD
2026-02-01T00:00:00Z,P131,166.42,81.18,81.18,EUR
2026-02-01T00:00:00Z,P132,148.94,85.11,85.11,EUR
2026-02-01T00:00:00Z,P133,165.30,89.35,89.35,EUR
2026-02-01T00:00:00Z,P134,191.49,98.20,98.20,EUR
2026-02-01T00:00:00Z,P135,211.44,103.14,103.14,EUR
2026-02-01T00:00:00Z,P136,182.46,104.26,104.26,EUR
2026-02-01T00:00:00Z,P137,203.96,110.25,110.25,EUR
2026-02-01T00:00:00Z,P138,223.41,114.57,114.57,JPY
2026-02-01T00:00:00Z,P139,247.66,120.81,120.81,EUR
2026-02-01T00:00:00Z,P140,220.75,126.14,126.14,EUR
2026-02-01T00:00:00Z,P141,242.92,131.31,131.31,USD
2026-02-01T00:00:00Z,P142,257.69,132.15,132.15,EUR
2026-02-01T00:00:00Z,P143,285.54,139.29,139.29,EUR
2026-02-01T00:00:00Z,P144,250.34,143.05,143.05,EUR
2026-02-01T00:00:00Z,P145,22.24,12.02,12.02,EUR
2026-02-01T00:00:00Z,P146,32.12,16.47,16.47,EUR
2026-02-01T00:00:00Z,P147,40.84,19.92,19.92,EUR
2026-02-01T00:00:00Z,P148,43.37,24.78,24.78,EUR
2026-02-01T00:00:00Z,P149,58.92,31.85,31.85,JPY
2026-02-01T00:00:00Z,P150,68.37,35.06,35.06,EUR
2026-02-01T00:00:00Z,P151,83.07,40.52,40.52,EUR
2026-02-01T00:00:00Z,P152,78.64,44.94,44.94,USD
2026-02-01T00:00:00Z,P153,87.32,47.20,47.20,EUR
2026-02-01T00:00:00Z,P154,105.92,54.32,54.32,EUR
2026-02-01T00:00:00Z,P155,119.41,58.25,58.25,EUR
2026-02-01T00:00:00Z,P156,106.84,61.05,61.05,EUR
2026-02-01T00:00:00Z,P157,125.30,67.73,67.73,EUR
2026-02-01T00:00:00Z,P158,145.41,74.57,74.57,EUR
2026-02-01T00:00:00Z,P159,159.04,77.58,77.58,EUR
2026-02-01T00:00:00Z,P160,146.04,83.45,83.45,JPY
2026-02-01T00:00:00Z,P161,160.19,86.59,86.59,EUR
2026-02-01T00:00:00Z,P162,182.64,93.66,93.66,EUR
2026-02-01T00:00:00Z,P163,193.83,94.55,94.55,USD
2026-02-01T00:00:00Z,P164,177.29,101.31,101.31,EUR
2026-02-01T00:00:00Z,P165,194.58,105.18,105.18,EUR
2026-02-01T00:00:00Z,P166,216.96,111.26,111.26,EUR
2026-02-01T00:00:00Z,P167,238.95,116.56,116.56,EUR
2026-02-01T00:00:00Z,P168,206.15,117.80,117.80,EUR
2026-02-01T00:00:00Z,P169,225.57,121.93,121.93,EUR
2026-02-01T00:00:00Z,P170,248.47,127.42,127.42,EUR
2026-02-01T00:00:00Z,P171,276.59,134.92,134.92,JPY
2026-02-01T00:00:00Z,P172,239.44,136.82,136.82,EUR
2026-02-01T00:00:00Z,P173,267.62,144.66,144.66,EUR
2026-02-01T00:00:00Z,P174,25.14,12.89,12.89,USD
2026-02-01T00:00:00Z,P175,34.56,16.86,16.86,EUR
2026-02-01T00:00:00Z,P176,40.53,23.16,23.16,EUR
2026-02-01T00:00:00Z,P177,49.93,26.99,26.99,EUR
2026-02-01T00:00:00Z,P178,58.48,29.99,29.99,EUR
2026-02-01T00:00:00Z,P179,69.68,33.99,33.99,EUR
2026-02-01T00:00:00Z,P180,72.36,41.35,41.35,EUR
2026-02-01T00:00:00Z,P181,80.36,43.44,43.44,EUR
2026-02-01T00:00:00Z,P182,94.48,48.45,48.45,JPY
2026-02-01T00:00:00Z,P183,110.06,53.69,53.69,EUR
2026-02-01T00:00:00Z,P184,106.07,60.61,60.61,EUR
2026-02-01T00:00:00Z,P185,115.20,62.27,62.27,USD
2026-02-01T00:00:00Z,P186,132.37,67.88,67.88,EUR
2026-02-01T00:00:00Z,P187,145.26,70.86,70.86,EUR
2026-02-01T00:00:00Z,P188,139.49,79.71,79.71,EUR
2026-02-01T00:00:00Z,P189,151.63,81.96,81.96,EUR
2026-02-01T00:00:00Z,P190,170.70,87.54,87.54,EUR
2026-02-01T00:00:00Z,P191,182.86,89.20,89.20,EUR
2026-02-01T00:00:00Z,P192,163.89,93.65,93.65,EUR
2026-02-01T00:00:00Z,P193,185.56,100.30,100.30,JPY
2026-02-01T00:00:00Z,P194,203.23,104.22,104.22,EUR
2026-02-01T00:00:00Z,P195,227.32,110.89,110.89,EUR
2026-02-01T00:00:00Z,P196,204.37,116.78,116.78,USD
2026-02-01T00:00:00Z,P197,225.83,122.07,122.07,EUR
2026-02-01T00:00:00Z,P198,238.58,122.35,122.35,EUR
2026-02-01T00:00:00Z,P199,264.90,129.22,129.22,EUR
2026-02-01T00:00:00Z,P200,233.73,133.56,133.56,EUR
2026-02-01T00:00:00Z,P201,254.58,137.61,137.61,EUR
2026-02-01T00:00:00Z,P202,281.21,144.21,144.21,EUR
2026-02-01T00:00:00Z,P203,27.53,13.43,13.43,EUR
2026-02-01T00:00:00Z,P204,31.20,17.83,17.83,JPY
2026-02-01T00:00:00Z,P205,34.50,18.65,18.65,EUR
2026-02-01T00:00:00Z,P206,53.66,27.52,27.52,EUR
2026-02-01T00:00:00Z,P207,62.46,30.47,30.47,USD
2026-02-01T00:00:00Z,P208,63.09,36.05,36.05,EUR
2026-02-01T00:00:00Z,P209,73.09,39.51,39.51,EUR
2026-02-01T00:00:00Z,P210,82.25,42.18,42.18,EUR
2026-02-01T00:00:00Z,P211,102.85,50.17,50.17,EUR
2026-02-01T00:00:00Z,P212,96.69,55.25,55.25,EUR
2026-02-01T00:00:00Z,P213,111.07,60.04,60.04,EUR
2026-02-01T00:00:00Z,P214,118.64,60.84,60.84,EUR
2026-02-01T00:00:00Z,P215,138.54,67.58,67.58,JPY
2026-02-01T00:00:00Z,P216,129.83,74.19,74.19,EUR
2026-02-01T00:00:00Z,P217,142.14,76.83,76.83,EUR
2026-02-01T00:00:00Z,P218,160.93,82.53,82.53,USD
2026-02-01T00:00:00Z,P219,179.07,87.35,87.35,EUR
2026-02-01T00:00:00Z,P220,162.37,92.78,92.78,EUR
2026-02-01T00:00:00Z,P221,174.07,94.09,94.09,EUR
2026-02-01T00:00:00Z,P222,200.95,103.05,103.05,EUR
2026-02-01T00:00:00Z,P223,211.76,103.30,103.30,EUR
2026-02-01T00:00:00Z,P224,190.21,108.69,108.69,EUR
2026-02-01T00:00:00Z,P225,215.01,116.22,116.22,EUR
2026-02-01T00:00:00Z,P226,231.47,118.70,118.70,JPY
2026-02-01T00:00:00Z,P227,254.79,124.29,124.29,EUR
2026-02-01T00:00:00Z,P228,225.45,128.83,128.83,EUR
2026-02-01T00:00:00Z,P229,251.56,135.98,135.98,USD
2026-02-01T00:00:00Z,P230,274.11,140.57,140.57,EUR
2026-02-01T00:00:00Z,P231,296.84,144.80,144.80,EUR
2026-02-01T00:00:00Z,P232,21.63,12.36,12.36,EUR
2026-02-01T00:00:00Z,P233,29.06,15.71,15.71,EUR
2026-02-01T00:00:00Z,P234,42.49,21.79,21.79,EUR
2026-02-01T00:00:00Z,P235,54.71,26.69,26.69,EUR
2026-02-01T00:00:00Z,P236,50.40,28.80,28.80,EUR
2026-02-01T00:00:00Z,P237,61.51,33.25,33.25,JPY
2026-02-01T00:00:00Z,P238,77.24,39.61,39.61,EUR
2026-02-01T00:00:00Z,P239,86.12,42.01,42.01,EUR
2026-02-01T00:00:00Z,P240,84.16,48.09,48.09,USD
2026-03-01T00:00:00Z,P001,31.43,16.99,16.99,EUR
2026-03-01T00:00:00Z,P002,41.18,21.12,21.12,EUR
2026-03-01T00:00:00Z,P003,52.89,25.80,25.80,EUR
2026-03-01T00:00:00Z,P004,54.72,31.27,31.27,EUR
2026-03-01T00:00:00Z,P005,65.80,35.57,35.57,EUR
2026-03-01T00:00:00Z,P006,73.77,37.83,37.83,EUR
2026-03-01T00:00:00Z,P007,95.00,46.34,46.34,EUR
2026-03-01T00:00:00Z,P008,86.94,49.68,49.68,EUR
2026-03-01T00:00:00Z,P009,99.55,53.81,53.81,USD
2026-03-01T00:00:00Z,P010,115.58,59.27,59.27,EUR
2026-03-01T00:00:00Z,P011,133.23,64.99,64.99,EUR
2026-03-01T00:00:00Z,P012,120.31,68.75,68.75,EUR
2026-03-01T00:00:00Z,P013,137.92,74.55,74.55,EUR
2026-03-01T00:00:00Z,P014,149.66,76.75,76.75,EUR
2026-03-01T00:00:00Z,P015,165.41,80.69,80.69,EUR
2026-03-01T00:00:00Z,P016,154.11,88.06,88.06,EUR
2026-03-01T00:00:00Z,P017,169.20,91.46,91.46,JPY
2026-03-01T00:00:00Z,P018,183.26,93.98,93.98,EUR
2026-03-01T00:00:00Z,P019,202.03,98.55,98.55,EUR
2026-03-01T00:00:00Z,P020,181.79,103.88,103.88,USD
2026-03-01T00:00:00Z,P021,199.50,107.84,107.84,EUR
2026-03-01T00:00:00Z,P022,227.14,116.48,116.48,EUR
2026-03-01T00:00:00Z,P023,246.00,120.00,120.00,EUR
2026-03-01T00:00:00Z,P024,218.29,124.74,124.74,EUR
2026-03-01T00:00:00Z,P025,242.15,130.89,130.89,EUR
2026-03-01T00:00:00Z,P026,260.31,133.49,133.49,EUR
2026-03-01T00:00:00Z,P027,283.29,138.19,138.19,EUR
2026-03-01T00:00:00Z,P028,248.95,142.26,142.26,JPY
2026-03-01T00:00:00Z,P029,24.96,13.49,13.49,EUR
2026-03-01T00:00:00Z,P030,28.76,14.75,14.75,EUR
2026-03-01T00:00:00Z,P031,46.60,22.73,22.73,USD
2026-03-01T00:00:00Z,P032,47.88,27.36,27.36,EUR
2026-03-01T00:00:00Z,P033,56.85,30.73,30.73,EUR
2026-03-01T00:00:00Z,P034,64.06,32.85,32.85,EUR
2026-03-01T00:00:00Z,P035,79.05,38.56,38.56,EUR
2026-03-01T00:00:00Z,P036,73.88,42.22,42.22,EUR
2026-03-01T00:00:00Z,P037,89.15,48.19,48.19,EUR
2026-03-01T00:00:00Z,P038,109.67,56.24,56.24,EUR
2026-03-01T00:00:00Z,P039,120.56,58.81,58.81,JPY
2026-03-01T00:00:00Z,P040,108.05,61.74,61.74,EUR
2026-03-01T00:00:00Z,P041,122.58,66.26,66.26,EUR
2026-03-01T00:00:00Z,P042,138.63,71.09,71.09,USD
2026-03-01T00:00:00Z,P043,153.57,74.91,74.91,EUR
2026-03-01T00:00:00Z,P044,141.01,80.58,80.58,EUR
2026-03-01T00:00:00Z,P045,160.56,86.79,86.79,EUR
2026-03-01T00:00:00Z,P046,175.34,89.92,89.92,EUR
2026-03-01T00:00:00Z,P047,195.28,95.26,95.26,EUR
2026-03-01T00:00:00Z,P048,173.18,98.96,98.96,EUR
2026-03-01T00:00:00Z,P049,197.03,106.50,106.50,EUR
2026-03-01T00:00:00Z,P050,213.80,109.64,109.64,JPY
2026-03-01T00:00:00Z,P051,230.56,112.47,112.47,EUR
2026-03-01T00:00:00Z,P052,208.22,118.98,118.98,EUR
2026-03-01T00:00:00Z,P053,228.96,123.76,123.76,USD
2026-03-01T00:00:00Z,P054,252.15,129.31,129.31,EUR
2026-03-01T00:00:00Z,P055,270.15,131.78,131.78,EUR
2026-03-01T00:00:00Z,P056,240.13,137.22,137.22,EUR
2026-03-01T00:00:00Z,P057,265.46,143.49,143.49,EUR
2026-03-01T00:00:00Z,P058,25.72,13.19,13.19,EUR
2026-03-01T00:00:00Z,P059,30.16,14.71,14.71,EUR
2026-03-01T00:00:00Z,P060,33.43,19.10,19.10,EUR
2026-03-01T00:00:00Z,P061,51.54,27.86,27.86,JPY
2026-03-01T00:00:00Z,P062,55.46,28.44,28.44,EUR
2026-03-01T00:00:00Z,P063,75.89,37.02,37.02,EUR
2026-03-01T00:00:00Z,P064,73.55,42.03,42.03,USD
2026-03-01T00:00:00Z,P065,82.77,44.74,44.74,EUR
2026-03-01T00:00:00Z,P066,97.03,49.76,49.76,EUR
2026-03-01T00:00:00Z,P067,106.89,52.14,52.14,EUR
2026-03-01T00:00:00Z,P068,106.40,60.80,60.80,EUR
2026-03-01T00:00:00Z,P069,117.75,63.65,63.65,EUR
2026-03-01T00:00:00Z,P070,127.76,65.52,65.52,EUR
2026-03-01T00:00:00Z,P071,152.48,74.38,74.38,EUR
2026-03-01T00:00:00Z,P072,131.83,75.33,75.33,JPY
2026-03-01T00:00:00Z,P073,149.28,80.69,80.69,EUR
2026-03-01T00:00:00Z,P074,169.90,87.13,87.13,EUR
2026-03-01T00:00:00Z,P075,184.87,90.18,90.18,USD
2026-03-01T00:00:00Z,P076,170.26,97.29,97.29,EUR
2026-03-01T00:00:00Z,P077,190.86,103.17,103.17,EUR
2026-03-01T00:00:00Z,P078,204.83,105.04,105.04,EUR
2026-03-01T00:00:00Z,P079,224.37,109.45,109.45,EUR
2026-03-01T00:00:00Z,P080,204.77,117.01,117.01,EUR
2026-03-01T00:00:00Z,P081,225.37,121.82,121.82,EUR
2026-03-01T00:00:00Z,P082,244.43,125.35,125.35,EUR
2026-03-01T00:00:00Z,P083,267.75,130.61,130.61,JPY
2026-03-01T00:00:00Z,P084,230.86,131.92,131.92,EUR
2026-03-01T00:00:00Z,P085,253.75,137.16,137.16,EUR
2026-03-01T00:00:00Z,P086,275.09,141.07,141.07,USD
2026-03-01T00:00:00Z,P087,23.76,11.59,11.59,EUR
2026-03-01T00:00:00Z,P088,28.68,16.39,16.39,EUR
2026-03-01T00:00:00Z,P089,35.11,18.98,18.98,EUR
2026-03-01T00:00:00Z,P090,53.43,27.40,27.40,EUR
2026-03-01T00:00:00Z,P091,62.55,30.51,30.51,EUR
2026-03-01T00:00:00Z,P092,61.46,35.12,35.12,EUR
2026-03-01T00:00:00Z,P093,77.94,42.13,42.13,EUR
2026-03-01T00:00:00Z,P094,90.56,46.44,46.44,JPY
2026-03-01T00:00:00Z,P095,104.51,50.98,50.98,EUR
2026-03-01T00:00:00Z,P096,98.14,56.08,56.08,EUR
2026-03-01T00:00:00Z,P097,110.09,59.51,59.51,USD
2026-03-01T00:00:00Z,P098,127.72,65.50,65.50,EUR
2026-03-01T00:00:00Z,P099,143.42,69.96,69.96,EUR
2026-03-01T00:00:00Z,P100,126.65,72.37,72.37,EUR
2026-03-01T00:00:00Z,P101,147.17,79.55,79.55,EUR
2026-03-01T00:00:00Z,P102,161.25,82.69,82.69,EUR
2026-03-01T00:00:00Z,P103,178.90,87.27,87.27,EUR
2026-03-01T00:00:00Z,P104,157.39,89.94,89.94,EUR
2026-03-01T00:00:00Z,P105,173.83,93.96,93.96,JPY
2026-03-01T00:00:00Z,P106,197.83,101.45,101.45,EUR
2026-03-01T00:00:00Z,P107,216.75,105.73,105.73,EUR
2026-03-01T00:00:00Z,P108,194.22,110.98,110.98,USD
2026-03-01T00:00:00Z,P109,216.34,116.94,116.94,EUR
2026-03-01T00:00:00Z,P110,237.51,121.80,121.80,EUR
2026-03-01T00:00:00Z,P111,250.39,122.14,122.14,EUR
2026-03-01T00:00:00Z,P112,222.78,127.30,127.30,EUR
2026-03-01T00:00:00Z,P113,250.75,135.54,135.54,EUR
2026-03-01T00:00:00Z,P114,268.18,137.53,137.53,EUR
2026-03-01T00:00:00Z,P115,295.36,144.08,144.08,EUR
2026-03-01T00:00:00Z,P116,24.19,13.82,13.82,JPY
2026-03-01T00:00:00Z,P117,26.62,14.39,14.39,EUR
2026-03-01T00:00:00Z,P118,43.31,22.21,22.21,EUR
2026-03-01T00:00:00Z,P119,47.58,23.21,23.21,USD
2026-03-01T00:00:00Z,P120,55.18,31.53,31.53,EUR
2026-03-01T00:00:00Z,P121,64.51,34.87,34.87,EUR
2026-03-01T00:00:00Z,P122,73.91,37.90,37.90,EUR
2026-03-01T00:00:00Z,P123,95.98,46.82,46.82,EUR
2026-03-01T00:00:00Z,P124,85.02,48.58,48.58,EUR
2026-03-01T00:00:00Z,P125,95.03,51.37,51.37,EUR
2026-03-01T00:00:00Z,P126,116.63,59.81,59.81,EUR
2026-03-01T00:00:00Z,P127,132.06,64.42,64.42,JPY
2026-03-01T00:00:00Z,P128,121.08,69.19,69.19,EUR
2026-03-01T00:00:00Z,P129,138.45,74.84,74.84,EUR
2026-03-01T00:00:00Z,P130,151.24,77.56,77.56,USD
2026-03-01T00:00:00Z,P131,166.42,81.18,81.18,EUR
2026-03-01T00:00:00Z,P132,148.94,85.11,85.11,EUR
2026-03-01T00:00:00Z,P133,165.30,89.35,89.35,EUR
2026-03-01T00:00:00Z,P134,191.49,98.20,98.20,EUR
2026-03-01T00:00:00Z,P135,211.44,103.14,103.14,EUR
2026-03-01T00:00:00Z,P136,182.46,104.26,104.26,EUR
2026-03-01T00:00:00Z,P137,203.96,110.25,110.25,EUR
2026-03-01T00:00:00Z,P138,223.41,114.57,114.57,JPY
2026-03-01T00:00:00Z,P139,247.66,120.81,120.81,EUR
2026-03-01T00:00:00Z,P140,220.75,126.14,126.14,EUR
2026-03-01T00:00:00Z,P141,242.92,131.31,131.31,USD
2026-03-01T00:00:00Z,P142,257.69,132.15,132.15,EUR
2026-03-01T00:00:00Z,P143,285.54,139.29,139.29,EUR
2026-03-01T00:00:00Z,P144,250.34,143.05,143.05,EUR
2026-03-01T00:00:00Z,P145,22.24,12.02,12.02,EUR
2026-03-01T00:00:00Z,P146,32.12,16.47,16.47,EUR
2026-03-01T00:00:00Z,P147,40.84,19.92,19.92,EUR
2026-03-01T00:00:00Z,P148,43.37,24.78,24.78,EUR
2026-03-01T00:00:00Z,P149,58.92,31.85,31.85,JPY
2026-03-01T00:00:00Z,P150,68.37,35.06,35.06,EUR
2026-03-01T00:00:00Z,P151,83.07,40.52,40.52,EUR
2026-03-01T00:00:00Z,P152,78.64,44.94,44.94,USD
2026-03-01T00:00:00Z,P153,87.32,47.20,47.20,EUR
2026-03-01T00:00:00Z,P154,105.92,54.32,54.32,EUR
2026-03-01T00:00:00Z,P155,119.41,58.25,58.25,EUR
2026-03-01T00:00:00Z,P156,106.84,61.05,61.05,EUR
2026-03-01T00:00:00Z,P157,125.30,67.73,67.73,EUR
2026-03-01T00:00:00Z,P158,145.41,74.57,74.57,EUR
2026-03-01T00:00:00Z,P159,159.04,77.58,77.58,EUR
2026-03-01T00:00:00Z,P160,146.04,83.45,83.45,JPY
2026-03-01T00:00:00Z,P161,160.19,86.59,86.59,EUR
2026-03-01T00:00:00Z,P162,182.64,93.66,93.66,EUR
2026-03-01T00:00:00Z,P163,193.83,94.55,94.55,USD
2026-03-01T00:00:00Z,P164,177.29,101.31,101.31,EUR
2026-03-01T00:00:00Z,P165,194.58,105.18,105.18,EUR
2026-03-01T00:00:00Z,P166,216.96,111.26,111.26,EUR
2026-03-01T00:00:00Z,P167,238.95,116.56,116.56,EUR
2026-03-01T00:00:00Z,P168,206.15,117.80,117.80,EUR
2026-03-01T00:00:00Z,P169,225.57,121.93,121.93,EUR
2026-03-01T00:00:00Z,P170,248.47,127.42,127.42,EUR
2026-03-01T00:00:00Z,P171,276.59,134.92,134.92,JPY
2026-03-01T00:00:00Z,P172,239.44,136.82,136.82,EUR
2026-03-01T00:00:00Z,P173,267.62,144.66,144.66,EUR
2026-03-01T00:00:00Z,P174,25.14,12.89,12.89,USD
2026-03-01T00:00:00Z,P175,34.56,16.86,16.86,EUR
2026-03-01T00:00:00Z,P176,40.53,23.16,23.16,EUR
2026-03-01T00:00:00Z,P177,49.93,26.99,26.99,EUR
2026-03-01T00:00:00Z,P178,58.48,29.99,29.99,EUR
2026-03-01T00:00:00Z,P179,69.68,33.99,33.99,EUR
2026-03-01T00:00:00Z,P180,72.36,41.35,41.35,EUR
2026-03-01T00:00:00Z,P181,80.36,43.44,43.44,EUR
2026-03-01T00:00:00Z,P182,94.48,48.45,48.45,JPY
2026-03-01T00:00:00Z,P183,110.06,53.69,53.69,EUR
2026-03-01T00:00:00Z,P184,106.07,60.61,60.61,EUR
2026-03-01T00:00:00Z,P185,115.20,62.27,62.27,USD
2026-03-01T00:00:00Z,P186,132.37,67.88,67.88,EUR
2026-03-01T00:00:00Z,P187,145.26,70.86,70.86,EUR
2026-03-01T00:00:00Z,P188,139.49,79.71,79.71,EUR
2026-03-01T00:00:00Z,P189,151.63,81.96,81.96,EUR
2026-03-01T00:00:00Z,P190,170.70,87.54,87.54,EUR
2026-03-01T00:00:00Z,P191,182.86,89.20,89.20,EUR
2026-03-01T00:00:00Z,P192,163.89,93.65,93.65,EUR
2026-03-01T00:00:00Z,P193,185.56,100.30,100.30,JPY
2026-03-01T00:00:00Z,P194,203.23,104.22,104.22,EUR
2026-03-01T00:00:00Z,P195,227.32,110.89,110.89,EUR
2026-03-01T00:00:00Z,P196,204.37,116.78,116.78,USD
2026-03-01T00:00:00Z,P197,225.83,122.07,122.07,EUR
2026-03-01T00:00:00Z,P198,238.58,122.35,122.35,EUR
2026-03-01T00:00:00Z,P199,264.90,129.22,129.22,EUR
2026-03-01T00:00:00Z,P200,233.73,133.56,133.56,EUR
2026-03-01T00:00:00Z,P201,254.58,137.61,137.61,EUR
2026-03-01T00:00:00Z,P202,281.21,144.21,144.21,EUR
2026-03-01T00:00:00Z,P203,27.53,13.43,13.43,EUR
2026-03-01T00:00:00Z,P204,31.20,17.83,17.83,JPY
2026-03-01T00:00:00Z,P205,34.50,18.65,18.65,EUR
2026-03-01T00:00:00Z,P206,53.66,27.52,27.52,EUR
2026-03-01T00:00:00Z,P207,62.46,30.47,30.47,USD
2026-03-01T00:00:00Z,P208,63.09,36.05,36.05,EUR
2026-03-01T00:00:00Z,P209,73.09,39.51,39.51,EUR
2026-03-01T00:00:00Z,P210,82.25,42.18,42.18,EUR
2026-03-01T00:00:00Z,P211,102.85,50.17,50.17,EUR
2026-03-01T00:00:00Z,P212,96.69,55.25,55.25,EUR
2026-03-01T00:00:00Z,P213,111.07,60.04,60.04,EUR
2026-03-01T00:00:00Z,P214,118.64,60.84,60.84,EUR
2026-03-01T00:00:00Z,P215,138.54,67.58,67.58,JPY
2026-03-01T00:00:00Z,P216,129.83,74.19,74.19,EUR
2026-03-01T00:00:00Z,P217,142.14,76.83,76.83,EUR
2026-03-01T00:00:00Z,P218,160.93,82.53,82.53,USD
2026-03-01T00:00:00Z,P219,179.07,87.35,87.35,EUR
2026-03-01T00:00:00Z,P220,162.37,92.78,92.78,EUR
2026-03-01T00:00:00Z,P221,174.07,94.09,94.09,EUR
2026-03-01T00:00:00Z,P222,200.95,103.05,103.05,EUR
2026-03-01T00:00:00Z,P223,211.76,103.30,103.30,EUR
2026-03-01T00:00:00Z,P224,190.21,108.69,108.69,EUR
2026-03-01T00:00:00Z,P225,215.01,116.22,116.22,EUR
2026-03-01T00:00:00Z,P226,231.47,118.70,118.70,JPY
2026-03-01T00:00:00Z,P227,254.79,124.29,124.29,EUR
2026-03-01T00:00:00Z,P228,225.45,128.83,128.83,EUR
2026-03-01T00:00:00Z,P229,251.56,135.98,135.98,USD
2026-03-01T00:00:00Z,P230,274.11,140.57,140.57,EUR
2026-03-01T00:00:00Z,P231,296.84,144.80,144.80,EUR
2026-03-01T00:00:00Z,P232,21.63,12.36,12.36,EUR
2026-03-01T00:00:00Z,P233,29.06,15.71,15.71,EUR
2026-03-01T00:00:00Z,P234,42.49,21.79,21.79,EUR
2026-03-01T00:00:00Z,P235,54.71,26.69,26.69,EUR
2026-03-01T00:00:00Z,P236,50.40,28.80,28.80,EUR
2026-03-01T00:00:00Z,P237,61.51,33.25,33.25,JPY
2026-03-01T00:00:00Z,P238,77.24,39.61,39.61,EUR
2026-03-01T00:00:00Z,P239,86.12,42.01,42.01,EUR
2026-03-01T00:00:00Z,P240,84.16,48.09,48.09,USD
