recorded_at,store_id,visits
2024-01-01T00:00:00Z,IT-MIL-01,700
2024-01-01T00:00:00Z,IT-BER-01,710
2024-01-01T00:00:00Z,IT-BRE-01,762
2024-01-01T00:00:00Z,IT-TUR-01,734
2024-01-01T00:00:00Z,IT-GEN-01,682
2024-01-01T00:00:00Z,IT-BOL-01,708
2024-01-01T00:00:00Z,IT-FIR-01,724
2024-01-01T00:00:00Z,IT-ROM-01,790
2024-01-01T00:00:00Z,IT-NAP-01,661
2024-01-01T00:00:00Z,IT-BAR-01,791
2024-01-01T00:00:00Z,IT-PAL-01,684
2024-01-01T00:00:00Z,IT-VER-01,765
2024-01-01T00:00:00Z,IT-WEB-01,1078
2024-01-01T00:00:00Z,IT-AMZ-01,974
2024-01-01T00:00:00Z,FR-WEB-01,1018
2024-01-01T00:00:00Z,DE-WEB-01,1077
2024-01-02T00:00:00Z,IT-MIL-01,646
2024-01-02T00:00:00Z,IT-BER-01,748
2024-01-02T00:00:00Z,IT-BRE-01,803
2024-01-02T00:00:00Z,IT-TUR-01,736
2024-01-02T00:00:00Z,IT-GEN-01,733
2024-01-02T00:00:00Z,IT-BOL-01,661
2024-01-02T00:00:00Z,IT-FIR-01,689
2024-01-02T00:00:00Z,IT-ROM-01,744
2024-01-02T00:00:00Z,IT-NAP-01,706
2024-01-02T00:00:00Z,IT-BAR-01,706
2024-01-02T00:00:00Z,IT-PAL-01,669
2024-01-02T00:00:00Z,IT-VER-01,783
2024-01-02T00:00:00Z,IT-WEB-01,1121
2024-01-02T00:00:00Z,IT-AMZ-01,1037
2024-01-02T00:00:00Z,FR-WEB-01,1029
2024-01-02T00:00:00Z,DE-WEB-01,1067
2024-01-03T00:00:00Z,IT-MIL-01,689
2024-01-03T00:00:00Z,IT-BER-01,718
2024-01-03T00:00:00Z,IT-BRE-01,765
2024-01-03T00:00:00Z,IT-TUR-01,703
2024-01-03T00:00:00Z,IT-GEN-01,686
2024-01-03T00:00:00Z,IT-BOL-01,738
2024-01-03T00:00:00Z,IT-FIR-01,670
2024-01-03T00:00:00Z,IT-ROM-01,741
2024-01-03T00:00:00Z,IT-NAP-01,651
2024-01-03T00:00:00Z,IT-BAR-01,667
2024-01-03T00:00:00Z,IT-PAL-01,762
2024-01-03T00:00:00Z,IT-VER-01,698
2024-01-03T00:00:00Z,IT-WEB-01,1041
2024-01-03T00:00:00Z,IT-AMZ-01,1044
2024-01-03T00:00:00Z,FR-WEB-01,1114
2024-01-03T00:00:00Z,DE-WEB-01,1024
2024-01-04T00:00:00Z,IT-MIL-01,791
2024-01-04T00:00:00Z,IT-BER-01,712
2024-01-04T00:00:00Z,IT-BRE-01,681
2024-01-04T00:00:00Z,IT-TUR-01,709
2024-01-04T00:00:00Z,IT-GEN-01,660
2024-01-04T00:00:00Z,IT-BOL-01,638
2024-01-04T00:00:00Z,IT-FIR-01,692
2024-01-04T00:00:00Z,IT-ROM-01,711
2024-01-04T00:00:00Z,IT-NAP-01,719
2024-01-04T00:00:00Z,IT-BAR-01,646
2024-01-04T00:00:00Z,IT-PAL-01,743
2024-01-04T00:00:00Z,IT-VER-01,713
2024-01-04T00:00:00Z,IT-WEB-01,1052
2024-01-04T00:00:00Z,IT-AMZ-01,985
2024-01-04T00:00:00Z,FR-WEB-01,1076
2024-01-04T00:00:00Z,DE-WEB-01,1011
2024-01-05T00:00:00Z,IT-MIL-01,707
2024-01-05T00:00:00Z,IT-BER-01,744
2024-01-05T00:00:00Z,IT-BRE-01,636
2024-01-05T00:00:00Z,IT-TUR-01,658
2024-01-05T00:00:00Z,IT-GEN-01,694
2024-01-05T00:00:00Z,IT-BOL-01,781
2024-01-05T00:00:00Z,IT-FIR-01,794
2024-01-05T00:00:00Z,IT-ROM-01,805
2024-01-05T00:00:00Z,IT-NAP-01,794
2024-01-05T00:00:00Z,IT-BAR-01,678
2024-01-05T00:00:00Z,IT-PAL-01,803
2024-01-05T00:00:00Z,IT-VER-01,654
2024-01-05T00:00:00Z,IT-WEB-01,1064
2024-01-05T00:00:00Z,IT-AMZ-01,1100
2024-01-05T00:00:00Z,FR-WEB-01,1076
2024-01-05T00:00:00Z,DE-WEB-01,1026
2024-01-06T00:00:00Z,IT-MIL-01,780
2024-01-06T00:00:00Z,IT-BER-01,812
2024-01-06T00:00:00Z,IT-BRE-01,730
2024-01-06T00:00:00Z,IT-TUR-01,770
2024-01-06T00:00:00Z,IT-GEN-01,861
2024-01-06T00:00:00Z,IT-BOL-01,809
2024-01-06T00:00:00Z,IT-FIR-01,853
2024-01-06T00:00:00Z,IT-ROM-01,888
2024-01-06T00:00:00Z,IT-NAP-01,796
2024-01-06T00:00:00Z,IT-BAR-01,823
2024-01-06T00:00:00Z,IT-PAL-01,817
2024-01-06T00:00:00Z,IT-VER-01,855
2024-01-06T00:00:00Z,IT-WEB-01,1073
2024-01-06T00:00:00Z,IT-AMZ-01,1064
2024-01-06T00:00:00Z,FR-WEB-01,1069
2024-01-06T00:00:00Z,DE-WEB-01,1223
2024-01-07T00:00:00Z,IT-MIL-01,812
2024-01-07T00:00:00Z,IT-BER-01,870
2024-01-07T00:00:00Z,IT-BRE-01,840
2024-01-07T00:00:00Z,IT-TUR-01,796
2024-01-07T00:00:00Z,IT-GEN-01,784
2024-01-07T00:00:00Z,IT-BOL-01,838
2024-01-07T00:00:00Z,IT-FIR-01,816
2024-01-07T00:00:00Z,IT-ROM-01,863
2024-01-07T00:00:00Z,IT-NAP-01,749
2024-01-07T00:00:00Z,IT-BAR-01,846
2024-01-07T00:00:00Z,IT-PAL-01,810
2024-01-07T00:00:00Z,IT-VER-01,812
2024-01-07T00:00:00Z,IT-WEB-01,1149
2024-01-07T00:00:00Z,IT-AMZ-01,1088
2024-01-07T00:00:00Z,FR-WEB-01,1221
2024-01-07T00:00:00Z,DE-WEB-01,1072
2024-01-08T00:00:00Z,IT-MIL-01,649
2024-01-08T00:00:00Z,IT-BER-01,734
2024-01-08T00:00:00Z,IT-BRE-01,795
2024-01-08T00:00:00Z,IT-TUR-01,653
2024-01-08T00:00:00Z,IT-GEN-01,755
2024-01-08T00:00:00Z,IT-BOL-01,665
2024-01-08T00:00:00Z,IT-FIR-01,695
2024-01-08T00:00:00Z,IT-ROM-01,670
2024-01-08T00:00:00Z,IT-NAP-01,708
2024-01-08T00:00:00Z,IT-BAR-01,768
2024-01-08T00:00:00Z,IT-PAL-01,752
2024-01-08T00:00:00Z,IT-VER-01,772
2024-01-08T00:00:00Z,IT-WEB-01,974
2024-01-08T00:00:00Z,IT-AMZ-01,982
2024-01-08T00:00:00Z,FR-WEB-01,1025
2024-01-08T00:00:00Z,DE-WEB-01,1132
2024-01-09T00:00:00Z,IT-MIL-01,768
2024-01-09T00:00:00Z,IT-BER-01,691
2024-01-09T00:00:00Z,IT-BRE-01,647
2024-01-09T00:00:00Z,IT-TUR-01,684
2024-01-09T00:00:00Z,IT-GEN-01,701
2024-01-09T00:00:00Z,IT-BOL-01,694
2024-01-09T00:00:00Z,IT-FIR-01,718
2024-01-09T00:00:00Z,IT-ROM-01,649
2024-01-09T00:00:00Z,IT-NAP-01,704
2024-01-09T00:00:00Z,IT-BAR-01,641
2024-01-09T00:00:00Z,IT-PAL-01,707
2024-01-09T00:00:00Z,IT-VER-01,702
2024-01-09T00:00:00Z,IT-WEB-01,977
2024-01-09T00:00:00Z,IT-AMZ-01,1030
2024-01-09T00:00:00Z,FR-WEB-01,985
2024-01-09T00:00:00Z,DE-WEB-01,1010
2024-01-10T00:00:00Z,IT-MIL-01,757
2024-01-10T00:00:00Z,IT-BER-01,758
2024-01-10T00:00:00Z,IT-BRE-01,798
2024-01-10T00:00:00Z,IT-TUR-01,686
2024-01-10T00:00:00Z,IT-GEN-01,638
2024-01-10T00:00:00Z,IT-BOL-01,774
2024-01-10T00:00:00Z,IT-FIR-01,768
2024-01-10T00:00:00Z,IT-ROM-01,788
2024-01-10T00:00:00Z,IT-NAP-01,757
2024-01-10T00:00:00Z,IT-BAR-01,788
2024-01-10T00:00:00Z,IT-PAL-01,710
2024-01-10T00:00:00Z,IT-VER-01,714
2024-01-10T00:00:00Z,IT-WEB-01,1079
2024-01-10T00:00:00Z,IT-AMZ-01,1099
2024-01-10T00:00:00Z,FR-WEB-01,1045
2024-01-10T00:00:00Z,DE-WEB-01,1083
2024-01-11T00:00:00Z,IT-MIL-01,697
2024-01-11T00:00:00Z,IT-BER-01,796
2024-01-11T00:00:00Z,IT-BRE-01,764
2024-01-11T00:00:00Z,IT-TUR-01,668
2024-01-11T00:00:00Z,IT-GEN-01,635
2024-01-11T00:00:00Z,IT-BOL-01,755
2024-01-11T00:00:00Z,IT-FIR-01,748
2024-01-11T00:00:00Z,IT-ROM-01,728
2024-01-11T00:00:00Z,IT-NAP-01,791
2024-01-11T00:00:00Z,IT-BAR-01,692
2024-01-11T00:00:00Z,IT-PAL-01,761
2024-01-11T00:00:00Z,IT-VER-01,797
2024-01-11T00:00:00Z,IT-WEB-01,1047
2024-01-11T00:00:00Z,IT-AMZ-01,994
2024-01-11T00:00:00Z,FR-WEB-01,1115
2024-01-11T00:00:00Z,DE-WEB-01,1063
2024-01-12T00:00:00Z,IT-MIL-01,782
2024-01-12T00:00:00Z,IT-BER-01,762
2024-01-12T00:00:00Z,IT-BRE-01,722
2024-01-12T00:00:00Z,IT-TUR-01,682
2024-01-12T00:00:00Z,IT-GEN-01,762
2024-01-12T00:00:00Z,IT-BOL-01,727
2024-01-12T00:00:00Z,IT-FIR-01,747
2024-01-12T00:00:00Z,IT-ROM-01,659
2024-01-12T00:00:00Z,IT-NAP-01,776
2024-01-12T00:00:00Z,IT-BAR-01,654
2024-01-12T00:00:00Z,IT-PAL-01,682
2024-01-12T00:00:00Z,IT-VER-01,690
2024-01-12T00:00:00Z,IT-WEB-01,1039
2024-01-12T00:00:00Z,IT-AMZ-01,1013
2024-01-12T00:00:00Z,FR-WEB-01,980
2024-01-12T00:00:00Z,DE-WEB-01,1037
2024-01-13T00:00:00Z,IT-MIL-01,848
2024-01-13T00:00:00Z,IT-BER-01,887
2024-01-13T00:00:00Z,IT-BRE-01,898
2024-01-13T00:00:00Z,IT-TUR-01,759
2024-01-13T00:00:00Z,IT-GEN-01,856
2024-01-13T00:00:00Z,IT-BOL-01,817
2024-01-13T00:00:00Z,IT-FIR-01,876
2024-01-13T00:00:00Z,IT-ROM-01,743
2024-01-13T00:00:00Z,IT-NAP-01,734
2024-01-13T00:00:00Z,IT-BAR-01,794
2024-01-13T00:00:00Z,IT-PAL-01,753
2024-01-13T00:00:00Z,IT-VER-01,817
2024-01-13T00:00:00Z,IT-WEB-01,1127
2024-01-13T00:00:00Z,IT-AMZ-01,1161
2024-01-13T00:00:00Z,FR-WEB-01,1186
2024-01-13T00:00:00Z,DE-WEB-01,1084
2024-01-14T00:00:00Z,IT-MIL-01,745
2024-01-14T00:00:00Z,IT-BER-01,771
2024-01-14T00:00:00Z,IT-BRE-01,768
2024-01-14T00:00:00Z,IT-TUR-01,803
2024-01-14T00:00:00Z,IT-GEN-01,757
2024-01-14T00:00:00Z,IT-BOL-01,872
2024-01-14T00:00:00Z,IT-FIR-01,772
2024-01-14T00:00:00Z,IT-ROM-01,790
2024-01-14T00:00:00Z,IT-NAP-01,753
2024-01-14T00:00:00Z,IT-BAR-01,821
2024-01-14T00:00:00Z,IT-PAL-01,790
2024-01-14T00:00:00Z,IT-VER-01,785
2024-01-14T00:00:00Z,IT-WEB-01,1170
2024-01-14T00:00:00Z,IT-AMZ-01,1122
2024-01-14T00:00:00Z,FR-WEB-01,1147
2024-01-14T00:00:00Z,DE-WEB-01,1107
2024-01-15T00:00:00Z,IT-MIL-01,787
2024-01-15T00:00:00Z,IT-BER-01,727
2024-01-15T00:00:00Z,IT-BRE-01,763
2024-01-15T00:00:00Z,IT-TUR-01,736
2024-01-15T00:00:00Z,IT-GEN-01,724
2024-01-15T00:00:00Z,IT-BOL-01,745
2024-01-15T00:00:00Z,IT-FIR-01,734
2024-01-15T00:00:00Z,IT-ROM-01,677
2024-01-15T00:00:00Z,IT-NAP-01,668
2024-01-15T00:00:00Z,IT-BAR-01,745
2024-01-15T00:00:00Z,IT-PAL-01,691
2024-01-15T00:00:00Z,IT-VER-01,772
2024-01-15T00:00:00Z,IT-WEB-01,1076
2024-01-15T00:00:00Z,IT-AMZ-01,986
2024-01-15T00:00:00Z,FR-WEB-01,982
2024-01-15T00:00:00Z,DE-WEB-01,1072
2024-01-16T00:00:00Z,IT-MIL-01,734
2024-01-16T00:00:00Z,IT-BER-01,792
2024-01-16T00:00:00Z,IT-BRE-01,767
2024-01-16T00:00:00Z,IT-TUR-01,710
2024-01-16T00:00:00Z,IT-GEN-01,772
2024-01-16T00:00:00Z,IT-BOL-01,713
2024-01-16T00:00:00Z,IT-FIR-01,650
2024-01-16T00:00:00Z,IT-ROM-01,670
2024-01-16T00:00:00Z,IT-NAP-01,754
2024-01-16T00:00:00Z,IT-BAR-01,789
2024-01-16T00:00:00Z,IT-PAL-01,756
2024-01-16T00:00:00Z,IT-VER-01,694
2024-01-16T00:00:00Z,IT-WEB-01,984
2024-01-16T00:00:00Z,IT-AMZ-01,1067
2024-01-16T00:00:00Z,FR-WEB-01,1024
2024-01-16T00:00:00Z,DE-WEB-01,1049
2024-01-17T00:00:00Z,IT-MIL-01,655
2024-01-17T00:00:00Z,IT-BER-01,746
2024-01-17T00:00:00Z,IT-BRE-01,713
2024-01-17T00:00:00Z,IT-TUR-01,738
2024-01-17T00:00:00Z,IT-GEN-01,680
2024-01-17T00:00:00Z,IT-BOL-01,799
2024-01-17T00:00:00Z,IT-FIR-01,670
2024-01-17T00:00:00Z,IT-ROM-01,635
2024-01-17T00:00:00Z,IT-NAP-01,761
2024-01-17T00:00:00Z,IT-BAR-01,734
2024-01-17T00:00:00Z,IT-PAL-01,735
2024-01-17T00:00:00Z,IT-VER-01,662
2024-01-17T00:00:00Z,IT-WEB-01,1028
2024-01-17T00:00:00Z,IT-AMZ-01,982
2024-01-17T00:00:00Z,FR-WEB-01,965
2024-01-17T00:00:00Z,DE-WEB-01,1044
2024-01-18T00:00:00Z,IT-MIL-01,648
2024-01-18T00:00:00Z,IT-BER-01,644
2024-01-18T00:00:00Z,IT-BRE-01,689
2024-01-18T00:00:00Z,IT-TUR-01,770
2024-01-18T00:00:00Z,IT-GEN-01,729
2024-01-18T00:00:00Z,IT-BOL-01,712
2024-01-18T00:00:00Z,IT-FIR-01,665
2024-01-18T00:00:00Z,IT-ROM-01,760
2024-01-18T00:00:00Z,IT-NAP-01,648
2024-01-18T00:00:00Z,IT-BAR-01,670
2024-01-18T00:00:00Z,IT-PAL-01,695
2024-01-18T00:00:00Z,IT-VER-01,647
2024-01-18T00:00:00Z,IT-WEB-01,1106
2024-01-18T00:00:00Z,IT-AMZ-01,1100
2024-01-18T00:00:00Z,FR-WEB-01,1015
2024-01-18T00:00:00Z,DE-WEB-01,1131
2024-01-19T00:00:00Z,IT-MIL-01,658
2024-01-19T00:00:00Z,IT-BER-01,728
2024-01-19T00:00:00Z,IT-BRE-01,697
2024-01-19T00:00:00Z,IT-TUR-01,639
2024-01-19T00:00:00Z,IT-GEN-01,697
2024-01-19T00:00:00Z,IT-BOL-01,665
2024-01-19T00:00:00Z,IT-FIR-01,664
2024-01-19T00:00:00Z,IT-ROM-01,662
2024-01-19T00:00:00Z,IT-NAP-01,794
2024-01-19T00:00:00Z,IT-BAR-01,662
2024-01-19T00:00:00Z,IT-PAL-01,743
2024-01-19T00:00:00Z,IT-VER-01,662
2024-01-19T00:00:00Z,IT-WEB-01,1116
2024-01-19T00:00:00Z,IT-AMZ-01,1053
2024-01-19T00:00:00Z,FR-WEB-01,981
2024-01-19T00:00:00Z,DE-WEB-01,997
2024-01-20T00:00:00Z,IT-MIL-01,801
2024-01-20T00:00:00Z,IT-BER-01,748
2024-01-20T00:00:00Z,IT-BRE-01,813
2024-01-20T00:00:00Z,IT-TUR-01,795
2024-01-20T00:00:00Z,IT-GEN-01,762
2024-01-20T00:00:00Z,IT-BOL-01,893
2024-01-20T00:00:00Z,IT-FIR-01,762
2024-01-20T00:00:00Z,IT-ROM-01,732
2024-01-20T00:00:00Z,IT-NAP-01,856
2024-01-20T00:00:00Z,IT-BAR-01,819
2024-01-20T00:00:00Z,IT-PAL-01,805
2024-01-20T00:00:00Z,IT-VER-01,795
2024-01-20T00:00:00Z,IT-WEB-01,1214
2024-01-20T00:00:00Z,IT-AMZ-01,1203
2024-01-20T00:00:00Z,FR-WEB-01,1146
2024-01-20T00:00:00Z,DE-WEB-01,1194
2024-01-21T00:00:00Z,IT-MIL-01,855
2024-01-21T00:00:00Z,IT-BER-01,824
2024-01-21T00:00:00Z,IT-BRE-01,842
2024-01-21T00:00:00Z,IT-TUR-01,798
2024-01-21T00:00:00Z,IT-GEN-01,880
2024-01-21T00:00:00Z,IT-BOL-01,866
2024-01-21T00:00:00Z,IT-FIR-01,754
2024-01-21T00:00:00Z,IT-ROM-01,868
2024-01-21T00:00:00Z,IT-NAP-01,900
2024-01-21T00:00:00Z,IT-BAR-01,738
2024-01-21T00:00:00Z,IT-PAL-01,829
2024-01-21T00:00:00Z,IT-VER-01,802
2024-01-21T00:00:00Z,IT-WEB-01,1189
2024-01-21T00:00:00Z,IT-AMZ-01,1102
2024-01-21T00:00:00Z,FR-WEB-01,1219
2024-01-21T00:00:00Z,DE-WEB-01,1114
2024-01-22T00:00:00Z,IT-MIL-01,717
2024-01-22T00:00:00Z,IT-BER-01,672
2024-01-22T00:00:00Z,IT-BRE-01,741
2024-01-22T00:00:00Z,IT-TUR-01,738
2024-01-22T00:00:00Z,IT-GEN-01,797
2024-01-22T00:00:00Z,IT-BOL-01,751
2024-01-22T00:00:00Z,IT-FIR-01,749
2024-01-22T00:00:00Z,IT-ROM-01,768
2024-01-22T00:00:00Z,IT-NAP-01,755
2024-01-22T00:00:00Z,IT-BAR-01,731
2024-01-22T00:00:00Z,IT-PAL-01,686
2024-01-22T00:00:00Z,IT-VER-01,723
2024-01-22T00:00:00Z,IT-WEB-01,1130
2024-01-22T00:00:00Z,IT-AMZ-01,981
2024-01-22T00:00:00Z,FR-WEB-01,1037
2024-01-22T00:00:00Z,DE-WEB-01,1030
2024-01-23T00:00:00Z,IT-MIL-01,775
2024-01-23T00:00:00Z,IT-BER-01,700
2024-01-23T00:00:00Z,IT-BRE-01,804
2024-01-23T00:00:00Z,IT-TUR-01,730
2024-01-23T00:00:00Z,IT-GEN-01,764
2024-01-23T00:00:00Z,IT-BOL-01,693
2024-01-23T00:00:00Z,IT-FIR-01,790
2024-01-23T00:00:00Z,IT-ROM-01,754
2024-01-23T00:00:00Z,IT-NAP-01,671
2024-01-23T00:00:00Z,IT-BAR-01,687
2024-01-23T00:00:00Z,IT-PAL-01,691
2024-01-23T00:00:00Z,IT-VER-01,738
2024-01-23T00:00:00Z,IT-WEB-01,999
2024-01-23T00:00:00Z,IT-AMZ-01,1053
2024-01-23T00:00:00Z,FR-WEB-01,1065
2024-01-23T00:00:00Z,DE-WEB-01,1001
2024-01-24T00:00:00Z,IT-MIL-01,648
2024-01-24T00:00:00Z,IT-BER-01,674
2024-01-24T00:00:00Z,IT-BRE-01,648
2024-01-24T00:00:00Z,IT-TUR-01,741
2024-01-24T00:00:00Z,IT-GEN-01,802
2024-01-24T00:00:00Z,IT-BOL-01,773
2024-01-24T00:00:00Z,IT-FIR-01,798
2024-01-24T00:00:00Z,IT-ROM-01,772
2024-01-24T00:00:00Z,IT-NAP-01,717
2024-01-24T00:00:00Z,IT-BAR-01,711
2024-01-24T00:00:00Z,IT-PAL-01,695
2024-01-24T00:00:00Z,IT-VER-01,730
2024-01-24T00:00:00Z,IT-WEB-01,975
2024-01-24T00:00:00Z,IT-AMZ-01,1015
2024-01-24T00:00:00Z,FR-WEB-01,1110
2024-01-24T00:00:00Z,DE-WEB-01,1095
2024-01-25T00:00:00Z,IT-MIL-01,681
2024-01-25T00:00:00Z,IT-BER-01,675
2024-01-25T00:00:00Z,IT-BRE-01,664
2024-01-25T00:00:00Z,IT-TUR-01,756
2024-01-25T00:00:00Z,IT-GEN-01,753
2024-01-25T00:00:00Z,IT-BOL-01,667
2024-01-25T00:00:00Z,IT-FIR-01,792
2024-01-25T00:00:00Z,IT-ROM-01,676
2024-01-25T00:00:00Z,IT-NAP-01,758
2024-01-25T00:00:00Z,IT-BAR-01,783
2024-01-25T00:00:00Z,IT-PAL-01,749
2024-01-25T00:00:00Z,IT-VER-01,768
2024-01-25T00:00:00Z,IT-WEB-01,977
2024-01-25T00:00:00Z,IT-AMZ-01,1111
2024-01-25T00:00:00Z,FR-WEB-01,1114
2024-01-25T00:00:00Z,DE-WEB-01,1074
2024-01-26T00:00:00Z,IT-MIL-01,693
2024-01-26T00:00:00Z,IT-BER-01,641
2024-01-26T00:00:00Z,IT-BRE-01,782
2024-01-26T00:00:00Z,IT-TUR-01,714
2024-01-26T00:00:00Z,IT-GEN-01,766
2024-01-26T00:00:00Z,IT-BOL-01,725
2024-01-26T00:00:00Z,IT-FIR-01,665
2024-01-26T00:00:00Z,IT-ROM-01,778
2024-01-26T00:00:00Z,IT-NAP-01,766
2024-01-26T00:00:00Z,IT-BAR-01,801
2024-01-26T00:00:00Z,IT-PAL-01,705
2024-01-26T00:00:00Z,IT-VER-01,739
2024-01-26T00:00:00Z,IT-WEB-01,1029
2024-01-26T00:00:00Z,IT-AMZ-01,983
2024-01-26T00:00:00Z,FR-WEB-01,1104
2024-01-26T00:00:00Z,DE-WEB-01,982
2024-01-27T00:00:00Z,IT-MIL-01,871
2024-01-27T00:00:00Z,IT-BER-01,859
2024-01-27T00:00:00Z,IT-BRE-01,887
2024-01-27T00:00:00Z,IT-TUR-01,851
2024-01-27T00:00:00Z,IT-GEN-01,737
2024-01-27T00:00:00Z,IT-BOL-01,789
2024-01-27T00:00:00Z,IT-FIR-01,793
2024-01-27T00:00:00Z,IT-ROM-01,776
2024-01-27T00:00:00Z,IT-NAP-01,817
2024-01-27T00:00:00Z,IT-BAR-01,841
2024-01-27T00:00:00Z,IT-PAL-01,848
2024-01-27T00:00:00Z,IT-VER-01,860
2024-01-27T00:00:00Z,IT-WEB-01,1065
2024-01-27T00:00:00Z,IT-AMZ-01,1097
2024-01-27T00:00:00Z,FR-WEB-01,1100
2024-01-27T00:00:00Z,DE-WEB-01,1076
2024-01-28T00:00:00Z,IT-MIL-01,749
2024-01-28T00:00:00Z,IT-BER-01,824
2024-01-28T00:00:00Z,IT-BRE-01,841
2024-01-28T00:00:00Z,IT-TUR-01,882
2024-01-28T00:00:00Z,IT-GEN-01,796
2024-01-28T00:00:00Z,IT-BOL-01,796
2024-01-28T00:00:00Z,IT-FIR-01,844
2024-01-28T00:00:00Z,IT-ROM-01,839
2024-01-28T00:00:00Z,IT-NAP-01,802
2024-01-28T00:00:00Z,IT-BAR-01,830
2024-01-28T00:00:00Z,IT-PAL-01,846
2024-01-28T00:00:00Z,IT-VER-01,869
2024-01-28T00:00:00Z,IT-WEB-01,1221
2024-01-28T00:00:00Z,IT-AMZ-01,1181
2024-01-28T00:00:00Z,FR-WEB-01,1121
2024-01-28T00:00:00Z,DE-WEB-01,1155
2024-01-29T00:00:00Z,IT-MIL-01,785
2024-01-29T00:00:00Z,IT-BER-01,763
2024-01-29T00:00:00Z,IT-BRE-01,792
2024-01-29T00:00:00Z,IT-TUR-01,722
2024-01-29T00:00:00Z,IT-GEN-01,727
2024-01-29T00:00:00Z,IT-BOL-01,785
2024-01-29T00:00:00Z,IT-FIR-01,796
2024-01-29T00:00:00Z,IT-ROM-01,701
2024-01-29T00:00:00Z,IT-NAP-01,661
2024-01-29T00:00:00Z,IT-BAR-01,744
2024-01-29T00:00:00Z,IT-PAL-01,723
2024-01-29T00:00:00Z,IT-VER-01,770
2024-01-29T00:00:00Z,IT-WEB-01,1073
2024-01-29T00:00:00Z,IT-AMZ-01,990
2024-01-29T00:00:00Z,FR-WEB-01,999
2024-01-29T00:00:00Z,DE-WEB-01,1005
2024-01-30T00:00:00Z,IT-MIL-01,790
2024-01-30T00:00:00Z,IT-BER-01,696
2024-01-30T00:00:00Z,IT-BRE-01,771
2024-01-30T00:00:00Z,IT-TUR-01,757
2024-01-30T00:00:00Z,IT-GEN-01,747
2024-01-30T00:00:00Z,IT-BOL-01,725
2024-01-30T00:00:00Z,IT-FIR-01,694
2024-01-30T00:00:00Z,IT-ROM-01,743
2024-01-30T00:00:00Z,IT-NAP-01,738
2024-01-30T00:00:00Z,IT-BAR-01,728
2024-01-30T00:00:00Z,IT-PAL-01,803
2024-01-30T00:00:00Z,IT-VER-01,744
2024-01-30T00:00:00Z,IT-WEB-01,1083
2024-01-30T00:00:00Z,IT-AMZ-01,1046
2024-01-30T00:00:00Z,FR-WEB-01,991
2024-01-30T00:00:00Z,DE-WEB-01,1027
2024-01-31T00:00:00Z,IT-MIL-01,637
2024-01-31T00:00:00Z,IT-BER-01,706
2024-01-31T00:00:00Z,IT-BRE-01,757
2024-01-31T00:00:00Z,IT-TUR-01,785
2024-01-31T00:00:00Z,IT-GEN-01,782
2024-01-31T00:00:00Z,IT-BOL-01,649
2024-01-31T00:00:00Z,IT-FIR-01,696
2024-01-31T00:00:00Z,IT-ROM-01,643
2024-01-31T00:00:00Z,IT-NAP-01,771
2024-01-31T00:00:00Z,IT-BAR-01,667
2024-01-31T00:00:00Z,IT-PAL-01,674
2024-01-31T00:00:00Z,IT-VER-01,767
2024-01-31T00:00:00Z,IT-WEB-01,990
2024-01-31T00:00:00Z,IT-AMZ-01,1117
2024-01-31T00:00:00Z,FR-WEB-01,1060
2024-01-31T00:00:00Z,DE-WEB-01,965
2024-02-01T00:00:00Z,IT-MIL-01,716
2024-02-01T00:00:00Z,IT-BER-01,782
2024-02-01T00:00:00Z,IT-BRE-01,638
2024-02-01T00:00:00Z,IT-TUR-01,720
2024-02-01T00:00:00Z,IT-GEN-01,727
2024-02-01T00:00:00Z,IT-BOL-01,667
2024-02-01T00:00:00Z,IT-FIR-01,705
2024-02-01T00:00:00Z,IT-ROM-01,714
2024-02-01T00:00:00Z,IT-NAP-01,638
2024-02-01T00:00:00Z,IT-BAR-01,642
2024-02-01T00:00:00Z,IT-PAL-01,785
2024-02-01T00:00:00Z,IT-VER-01,729
2024-02-01T00:00:00Z,IT-WEB-01,1082
2024-02-01T00:00:00Z,IT-AMZ-01,1084
2024-02-01T00:00:00Z,FR-WEB-01,1110
2024-02-01T00:00:00Z,DE-WEB-01,985
2024-02-02T00:00:00Z,IT-MIL-01,651
2024-02-02T00:00:00Z,IT-BER-01,684
2024-02-02T00:00:00Z,IT-BRE-01,719
2024-02-02T00:00:00Z,IT-TUR-01,719
2024-02-02T00:00:00Z,IT-GEN-01,647
2024-02-02T00:00:00Z,IT-BOL-01,754
2024-02-02T00:00:00Z,IT-FIR-01,645
2024-02-02T00:00:00Z,IT-ROM-01,694
2024-02-02T00:00:00Z,IT-NAP-01,671
2024-02-02T00:00:00Z,IT-BAR-01,761
2024-02-02T00:00:00Z,IT-PAL-01,783
2024-02-02T00:00:00Z,IT-VER-01,701
2024-02-02T00:00:00Z,IT-WEB-01,1069
2024-02-02T00:00:00Z,IT-AMZ-01,1061
2024-02-02T00:00:00Z,FR-WEB-01,1001
2024-02-02T00:00:00Z,DE-WEB-01,975
2024-02-03T00:00:00Z,IT-MIL-01,897
2024-02-03T00:00:00Z,IT-BER-01,762
2024-02-03T00:00:00Z,IT-BRE-01,807
2024-02-03T00:00:00Z,IT-TUR-01,820
2024-02-03T00:00:00Z,IT-GEN-01,885
2024-02-03T00:00:00Z,IT-BOL-01,897
2024-02-03T00:00:00Z,IT-FIR-01,895
2024-02-03T00:00:00Z,IT-ROM-01,843
2024-02-03T00:00:00Z,IT-NAP-01,815
2024-02-03T00:00:00Z,IT-BAR-01,833
2024-02-03T00:00:00Z,IT-PAL-01,793
2024-02-03T00:00:00Z,IT-VER-01,747
2024-02-03T00:00:00Z,IT-WEB-01,1080
2024-02-03T00:00:00Z,IT-AMZ-01,1207
2024-02-03T00:00:00Z,FR-WEB-01,1128
2024-02-03T00:00:00Z,DE-WEB-01,1221
2024-02-04T00:00:00Z,IT-MIL-01,879
2024-02-04T00:00:00Z,IT-BER-01,890
2024-02-04T00:00:00Z,IT-BRE-01,811
2024-02-04T00:00:00Z,IT-TUR-01,891
2024-02-04T00:00:00Z,IT-GEN-01,854
2024-02-04T00:00:00Z,IT-BOL-01,801
2024-02-04T00:00:00Z,IT-FIR-01,778
2024-02-04T00:00:00Z,IT-ROM-01,835
2024-02-04T00:00:00Z,IT-NAP-01,823
2024-02-04T00:00:00Z,IT-BAR-01,831
2024-02-04T00:00:00Z,IT-PAL-01,890
2024-02-04T00:00:00Z,IT-VER-01,805
2024-02-04T00:00:00Z,IT-WEB-01,1179
2024-02-04T00:00:00Z,IT-AMZ-01,1126
2024-02-04T00:00:00Z,FR-WEB-01,1151
2024-02-04T00:00:00Z,DE-WEB-01,1113
2024-02-05T00:00:00Z,IT-MIL-01,783
2024-02-05T00:00:00Z,IT-BER-01,714
2024-02-05T00:00:00Z,IT-BRE-01,693
2024-02-05T00:00:00Z,IT-TUR-01,676
2024-02-05T00:00:00Z,IT-GEN-01,741
2024-02-05T00:00:00Z,IT-BOL-01,744
2024-02-05T00:00:00Z,IT-FIR-01,773
2024-02-05T00:00:00Z,IT-ROM-01,751
2024-02-05T00:00:00Z,IT-NAP-01,667
2024-02-05T00:00:00Z,IT-BAR-01,739
2024-02-05T00:00:00Z,IT-PAL-01,684
2024-02-05T00:00:00Z,IT-VER-01,651
2024-02-05T00:00:00Z,IT-WEB-01,1114
2024-02-05T00:00:00Z,IT-AMZ-01,1073
2024-02-05T00:00:00Z,FR-WEB-01,1057
2024-02-05T00:00:00Z,DE-WEB-01,1111
2024-02-06T00:00:00Z,IT-MIL-01,714
2024-02-06T00:00:00Z,IT-BER-01,726
2024-02-06T00:00:00Z,IT-BRE-01,673
2024-02-06T00:00:00Z,IT-TUR-01,648
2024-02-06T00:00:00Z,IT-GEN-01,788
2024-02-06T00:00:00Z,IT-BOL-01,689
2024-02-06T00:00:00Z,IT-FIR-01,752
2024-02-06T00:00:00Z,IT-ROM-01,760
2024-02-06T00:00:00Z,IT-NAP-01,684
2024-02-06T00:00:00Z,IT-BAR-01,701
2024-02-06T00:00:00Z,IT-PAL-01,776
2024-02-06T00:00:00Z,IT-VER-01,752
2024-02-06T00:00:00Z,IT-WEB-01,1115
2024-02-06T00:00:00Z,IT-AMZ-01,1107
2024-02-06T00:00:00Z,FR-WEB-01,1059
2024-02-06T00:00:00Z,DE-WEB-01,1131
2024-02-07T00:00:00Z,IT-MIL-01,767
2024-02-07T00:00:00Z,IT-BER-01,804
2024-02-07T00:00:00Z,IT-BRE-01,780
2024-02-07T00:00:00Z,IT-TUR-01,765
2024-02-07T00:00:00Z,IT-GEN-01,772
2024-02-07T00:00:00Z,IT-BOL-01,651
2024-02-07T00:00:00Z,IT-FIR-01,699
2024-02-07T00:00:00Z,IT-ROM-01,668
2024-02-07T00:00:00Z,IT-NAP-01,677
2024-02-07T00:00:00Z,IT-BAR-01,641
2024-02-07T00:00:00Z,IT-PAL-01,782
2024-02-07T00:00:00Z,IT-VER-01,781
2024-02-07T00:00:00Z,IT-WEB-01,1074
2024-02-07T00:00:00Z,IT-AMZ-01,1012
2024-02-07T00:00:00Z,FR-WEB-01,1100
2024-02-07T00:00:00Z,DE-WEB-01,1115
2024-02-08T00:00:00Z,IT-MIL-01,689
2024-02-08T00:00:00Z,IT-BER-01,688
2024-02-08T00:00:00Z,IT-BRE-01,769
2024-02-08T00:00:00Z,IT-TUR-01,638
2024-02-08T00:00:00Z,IT-GEN-01,725
2024-02-08T00:00:00Z,IT-BOL-01,761
2024-02-08T00:00:00Z,IT-FIR-01,683
2024-02-08T00:00:00Z,IT-ROM-01,779
2024-02-08T00:00:00Z,IT-NAP-01,752
2024-02-08T00:00:00Z,IT-BAR-01,794
2024-02-08T00:00:00Z,IT-PAL-01,735
2024-02-08T00:00:00Z,IT-VER-01,759
2024-02-08T00:00:00Z,IT-WEB-01,991
2024-02-08T00:00:00Z,IT-AMZ-01,1098
2024-02-08T00:00:00Z,FR-WEB-01,995
2024-02-08T00:00:00Z,DE-WEB-01,999
2024-02-09T00:00:00Z,IT-MIL-01,736
2024-02-09T00:00:00Z,IT-BER-01,724
2024-02-09T00:00:00Z,IT-BRE-01,653
2024-02-09T00:00:00Z,IT-TUR-01,674
2024-02-09T00:00:00Z,IT-GEN-01,796
2024-02-09T00:00:00Z,IT-BOL-01,747
2024-02-09T00:00:00Z,IT-FIR-01,648
2024-02-09T00:00:00Z,IT-ROM-01,649
2024-02-09T00:00:00Z,IT-NAP-01,751
2024-02-09T00:00:00Z,IT-BAR-01,636
2024-02-09T00:00:00Z,IT-PAL-01,680
2024-02-09T00:00:00Z,IT-VER-01,718
2024-02-09T00:00:00Z,IT-WEB-01,1127
2024-02-09T00:00:00Z,IT-AMZ-01,1123
2024-02-09T00:00:00Z,FR-WEB-01,1022
2024-02-09T00:00:00Z,DE-WEB-01,1052
2024-02-10T00:00:00Z,IT-MIL-01,763
2024-02-10T00:00:00Z,IT-BER-01,744
2024-02-10T00:00:00Z,IT-BRE-01,832
2024-02-10T00:00:00Z,IT-TUR-01,833
2024-02-10T00:00:00Z,IT-GEN-01,863
2024-02-10T00:00:00Z,IT-BOL-01,847
2024-02-10T00:00:00Z,IT-FIR-01,758
2024-02-10T00:00:00Z,IT-ROM-01,900
2024-02-10T00:00:00Z,IT-NAP-01,764
2024-02-10T00:00:00Z,IT-BAR-01,744
2024-02-10T00:00:00Z,IT-PAL-01,739
2024-02-10T00:00:00Z,IT-VER-01,826
2024-02-10T00:00:00Z,IT-WEB-01,1118
2024-02-10T00:00:00Z,IT-AMZ-01,1185
2024-02-10T00:00:00Z,FR-WEB-01,1112
2024-02-10T00:00:00Z,DE-WEB-01,1208
2024-02-11T00:00:00Z,IT-MIL-01,868
2024-02-11T00:00:00Z,IT-BER-01,747
2024-02-11T00:00:00Z,IT-BRE-01,763
2024-02-11T00:00:00Z,IT-TUR-01,806
2024-02-11T00:00:00Z,IT-GEN-01,796
2024-02-11T00:00:00Z,IT-BOL-01,874
2024-02-11T00:00:00Z,IT-FIR-01,799
2024-02-11T00:00:00Z,IT-ROM-01,889
2024-02-11T00:00:00Z,IT-NAP-01,778
2024-02-11T00:00:00Z,IT-BAR-01,829
2024-02-11T00:00:00Z,IT-PAL-01,876
2024-02-11T00:00:00Z,IT-VER-01,821
2024-02-11T00:00:00Z,IT-WEB-01,1124
2024-02-11T00:00:00Z,IT-AMZ-01,1214
2024-02-11T00:00:00Z,FR-WEB-01,1219
2024-02-11T00:00:00Z,DE-WEB-01,1062
2024-02-12T00:00:00Z,IT-MIL-01,742
2024-02-12T00:00:00Z,IT-BER-01,805
2024-02-12T00:00:00Z,IT-BRE-01,703
2024-02-12T00:00:00Z,IT-TUR-01,723
2024-02-12T00:00:00Z,IT-GEN-01,699
2024-02-12T00:00:00Z,IT-BOL-01,646
2024-02-12T00:00:00Z,IT-FIR-01,703
2024-02-12T00:00:00Z,IT-ROM-01,730
2024-02-12T00:00:00Z,IT-NAP-01,752
2024-02-12T00:00:00Z,IT-BAR-01,692
2024-02-12T00:00:00Z,IT-PAL-01,719
2024-02-12T00:00:00Z,IT-VER-01,642
2024-02-12T00:00:00Z,IT-WEB-01,1123
2024-02-12T00:00:00Z,IT-AMZ-01,988
2024-02-12T00:00:00Z,FR-WEB-01,979
2024-02-12T00:00:00Z,DE-WEB-01,1067
2024-02-13T00:00:00Z,IT-MIL-01,731
2024-02-13T00:00:00Z,IT-BER-01,683
2024-02-13T00:00:00Z,IT-BRE-01,765
2024-02-13T00:00:00Z,IT-TUR-01,739
2024-02-13T00:00:00Z,IT-GEN-01,802
2024-02-13T00:00:00Z,IT-BOL-01,702
2024-02-13T00:00:00Z,IT-FIR-01,679
2024-02-13T00:00:00Z,IT-ROM-01,683
2024-02-13T00:00:00Z,IT-NAP-01,788
2024-02-13T00:00:00Z,IT-BAR-01,712
2024-02-13T00:00:00Z,IT-PAL-01,685
2024-02-13T00:00:00Z,IT-VER-01,786
2024-02-13T00:00:00Z,IT-WEB-01,1009
2024-02-13T00:00:00Z,IT-AMZ-01,1099
2024-02-13T00:00:00Z,FR-WEB-01,1054
2024-02-13T00:00:00Z,DE-WEB-01,1014
2024-02-14T00:00:00Z,IT-MIL-01,694
2024-02-14T00:00:00Z,IT-BER-01,635
2024-02-14T00:00:00Z,IT-BRE-01,670
2024-02-14T00:00:00Z,IT-TUR-01,669
2024-02-14T00:00:00Z,IT-GEN-01,733
2024-02-14T00:00:00Z,IT-BOL-01,648
2024-02-14T00:00:00Z,IT-FIR-01,670
2024-02-14T00:00:00Z,IT-ROM-01,754
2024-02-14T00:00:00Z,IT-NAP-01,801
2024-02-14T00:00:00Z,IT-BAR-01,754
2024-02-14T00:00:00Z,IT-PAL-01,772
2024-02-14T00:00:00Z,IT-VER-01,723
2024-02-14T00:00:00Z,IT-WEB-01,1094
2024-02-14T00:00:00Z,IT-AMZ-01,1060
2024-02-14T00:00:00Z,FR-WEB-01,1026
2024-02-14T00:00:00Z,DE-WEB-01,1093
2024-02-15T00:00:00Z,IT-MIL-01,653
2024-02-15T00:00:00Z,IT-BER-01,722
2024-02-15T00:00:00Z,IT-BRE-01,704
2024-02-15T00:00:00Z,IT-TUR-01,794
2024-02-15T00:00:00Z,IT-GEN-01,711
2024-02-15T00:00:00Z,IT-BOL-01,777
2024-02-15T00:00:00Z,IT-FIR-01,796
2024-02-15T00:00:00Z,IT-ROM-01,639
2024-02-15T00:00:00Z,IT-NAP-01,760
2024-02-15T00:00:00Z,IT-BAR-01,788
2024-02-15T00:00:00Z,IT-PAL-01,727
2024-02-15T00:00:00Z,IT-VER-01,727
2024-02-15T00:00:00Z,IT-WEB-01,1103
2024-02-15T00:00:00Z,IT-AMZ-01,1035
2024-02-15T00:00:00Z,FR-WEB-01,1113
2024-02-15T00:00:00Z,DE-WEB-01,1076
2024-02-16T00:00:00Z,IT-MIL-01,719
2024-02-16T00:00:00Z,IT-BER-01,702
2024-02-16T00:00:00Z,IT-BRE-01,693
2024-02-16T00:00:00Z,IT-TUR-01,701
2024-02-16T00:00:00Z,IT-GEN-01,805
2024-02-16T00:00:00Z,IT-BOL-01,720
2024-02-16T00:00:00Z,IT-FIR-01,687
2024-02-16T00:00:00Z,IT-ROM-01,718
2024-02-16T00:00:00Z,IT-NAP-01,656
2024-02-16T00:00:00Z,IT-BAR-01,666
2024-02-16T00:00:00Z,IT-PAL-01,694
2024-02-16T00:00:00Z,IT-VER-01,722
2024-02-16T00:00:00Z,IT-WEB-01,1122
2024-02-16T00:00:00Z,IT-AMZ-01,1127
2024-02-16T00:00:00Z,FR-WEB-01,1082
2024-02-16T00:00:00Z,DE-WEB-01,1065
2024-02-17T00:00:00Z,IT-MIL-01,778
2024-02-17T00:00:00Z,IT-BER-01,808
2024-02-17T00:00:00Z,IT-BRE-01,773
2024-02-17T00:00:00Z,IT-TUR-01,795
2024-02-17T00:00:00Z,IT-GEN-01,869
2024-02-17T00:00:00Z,IT-BOL-01,890
2024-02-17T00:00:00Z,IT-FIR-01,757
2024-02-17T00:00:00Z,IT-ROM-01,783
2024-02-17T00:00:00Z,IT-NAP-01,826
2024-02-17T00:00:00Z,IT-BAR-01,762
2024-02-17T00:00:00Z,IT-PAL-01,880
2024-02-17T00:00:00Z,IT-VER-01,759
2024-02-17T00:00:00Z,IT-WEB-01,1098
2024-02-17T00:00:00Z,IT-AMZ-01,1143
2024-02-17T00:00:00Z,FR-WEB-01,1111
2024-02-17T00:00:00Z,DE-WEB-01,1176
2024-02-18T00:00:00Z,IT-MIL-01,762
2024-02-18T00:00:00Z,IT-BER-01,851
2024-02-18T00:00:00Z,IT-BRE-01,819
2024-02-18T00:00:00Z,IT-TUR-01,764
2024-02-18T00:00:00Z,IT-GEN-01,765
2024-02-18T00:00:00Z,IT-BOL-01,900
2024-02-18T00:00:00Z,IT-FIR-01,826
2024-02-18T00:00:00Z,IT-ROM-01,885
2024-02-18T00:00:00Z,IT-NAP-01,782
2024-02-18T00:00:00Z,IT-BAR-01,890
2024-02-18T00:00:00Z,IT-PAL-01,786
2024-02-18T00:00:00Z,IT-VER-01,761
2024-02-18T00:00:00Z,IT-WEB-01,1103
2024-02-18T00:00:00Z,IT-AMZ-01,1134
2024-02-18T00:00:00Z,FR-WEB-01,1144
2024-02-18T00:00:00Z,DE-WEB-01,1195
2024-02-19T00:00:00Z,IT-MIL-01,701
2024-02-19T00:00:00Z,IT-BER-01,740
2024-02-19T00:00:00Z,IT-BRE-01,672
2024-02-19T00:00:00Z,IT-TUR-01,713
2024-02-19T00:00:00Z,IT-GEN-01,658
2024-02-19T00:00:00Z,IT-BOL-01,751
2024-02-19T00:00:00Z,IT-FIR-01,645
2024-02-19T00:00:00Z,IT-ROM-01,721
2024-02-19T00:00:00Z,IT-NAP-01,751
2024-02-19T00:00:00Z,IT-BAR-01,693
2024-02-19T00:00:00Z,IT-PAL-01,776
2024-02-19T00:00:00Z,IT-VER-01,693
2024-02-19T00:00:00Z,IT-WEB-01,997
2024-02-19T00:00:00Z,IT-AMZ-01,1069
2024-02-19T00:00:00Z,FR-WEB-01,1112
2024-02-19T00:00:00Z,DE-WEB-01,1105
2024-02-20T00:00:00Z,IT-MIL-01,677
2024-02-20T00:00:00Z,IT-BER-01,720
2024-02-20T00:00:00Z,IT-BRE-01,640
2024-02-20T00:00:00Z,IT-TUR-01,735
2024-02-20T00:00:00Z,IT-GEN-01,776
2024-02-20T00:00:00Z,IT-BOL-01,652
2024-02-20T00:00:00Z,IT-FIR-01,693
2024-02-20T00:00:00Z,IT-ROM-01,688
2024-02-20T00:00:00Z,IT-NAP-01,643
2024-02-20T00:00:00Z,IT-BAR-01,712
2024-02-20T00:00:00Z,IT-PAL-01,680
2024-02-20T00:00:00Z,IT-VER-01,669
2024-02-20T00:00:00Z,IT-WEB-01,1069
2024-02-20T00:00:00Z,IT-AMZ-01,1101
2024-02-20T00:00:00Z,FR-WEB-01,1089
2024-02-20T00:00:00Z,DE-WEB-01,1027
2024-02-21T00:00:00Z,IT-MIL-01,734
2024-02-21T00:00:00Z,IT-BER-01,744
2024-02-21T00:00:00Z,IT-BRE-01,724
2024-02-21T00:00:00Z,IT-TUR-01,772
2024-02-21T00:00:00Z,IT-GEN-01,788
2024-02-21T00:00:00Z,IT-BOL-01,766
2024-02-21T00:00:00Z,IT-FIR-01,656
2024-02-21T00:00:00Z,IT-ROM-01,665
2024-02-21T00:00:00Z,IT-NAP-01,721
2024-02-21T00:00:00Z,IT-BAR-01,713
2024-02-21T00:00:00Z,IT-PAL-01,779
2024-02-21T00:00:00Z,IT-VER-01,746
2024-02-21T00:00:00Z,IT-WEB-01,1123
2024-02-21T00:00:00Z,IT-AMZ-01,1025
2024-02-21T00:00:00Z,FR-WEB-01,1126
2024-02-21T00:00:00Z,DE-WEB-01,1079
2024-02-22T00:00:00Z,IT-MIL-01,734
2024-02-22T00:00:00Z,IT-BER-01,746
2024-02-22T00:00:00Z,IT-BRE-01,758
2024-02-22T00:00:00Z,IT-TUR-01,679
2024-02-22T00:00:00Z,IT-GEN-01,751
2024-02-22T00:00:00Z,IT-BOL-01,801
2024-02-22T00:00:00Z,IT-FIR-01,685
2024-02-22T00:00:00Z,IT-ROM-01,756
2024-02-22T00:00:00Z,IT-NAP-01,687
2024-02-22T00:00:00Z,IT-BAR-01,733
2024-02-22T00:00:00Z,IT-PAL-01,778
2024-02-22T00:00:00Z,IT-VER-01,700
2024-02-22T00:00:00Z,IT-WEB-01,1073
2024-02-22T00:00:00Z,IT-AMZ-01,1121
2024-02-22T00:00:00Z,FR-WEB-01,1093
2024-02-22T00:00:00Z,DE-WEB-01,1009
2024-02-23T00:00:00Z,IT-MIL-01,770
2024-02-23T00:00:00Z,IT-BER-01,680
2024-02-23T00:00:00Z,IT-BRE-01,763
2024-02-23T00:00:00Z,IT-TUR-01,639
2024-02-23T00:00:00Z,IT-GEN-01,651
2024-02-23T00:00:00Z,IT-BOL-01,645
2024-02-23T00:00:00Z,IT-FIR-01,736
2024-02-23T00:00:00Z,IT-ROM-01,738
2024-02-23T00:00:00Z,IT-NAP-01,639
2024-02-23T00:00:00Z,IT-BAR-01,776
2024-02-23T00:00:00Z,IT-PAL-01,750
2024-02-23T00:00:00Z,IT-VER-01,718
2024-02-23T00:00:00Z,IT-WEB-01,993
2024-02-23T00:00:00Z,IT-AMZ-01,1097
2024-02-23T00:00:00Z,FR-WEB-01,1039
2024-02-23T00:00:00Z,DE-WEB-01,1034
2024-02-24T00:00:00Z,IT-MIL-01,763
2024-02-24T00:00:00Z,IT-BER-01,742
2024-02-24T00:00:00Z,IT-BRE-01,806
2024-02-24T00:00:00Z,IT-TUR-01,895
2024-02-24T00:00:00Z,IT-GEN-01,792
2024-02-24T00:00:00Z,IT-BOL-01,775
2024-02-24T00:00:00Z,IT-FIR-01,756
2024-02-24T00:00:00Z,IT-ROM-01,830
2024-02-24T00:00:00Z,IT-NAP-01,864
2024-02-24T00:00:00Z,IT-BAR-01,896
2024-02-24T00:00:00Z,IT-PAL-01,782
2024-02-24T00:00:00Z,IT-VER-01,896
2024-02-24T00:00:00Z,IT-WEB-01,1065
2024-02-24T00:00:00Z,IT-AMZ-01,1069
2024-02-24T00:00:00Z,FR-WEB-01,1125
2024-02-24T00:00:00Z,DE-WEB-01,1161
2024-02-25T00:00:00Z,IT-MIL-01,817
2024-02-25T00:00:00Z,IT-BER-01,802
2024-02-25T00:00:00Z,IT-BRE-01,748
2024-02-25T00:00:00Z,IT-TUR-01,790
2024-02-25T00:00:00Z,IT-GEN-01,873
2024-02-25T00:00:00Z,IT-BOL-01,897
2024-02-25T00:00:00Z,IT-FIR-01,784
2024-02-25T00:00:00Z,IT-ROM-01,889
2024-02-25T00:00:00Z,IT-NAP-01,837
2024-02-25T00:00:00Z,IT-BAR-01,807
2024-02-25T00:00:00Z,IT-PAL-01,886
2024-02-25T00:00:00Z,IT-VER-01,856
2024-02-25T00:00:00Z,IT-WEB-01,1192
2024-02-25T00:00:00Z,IT-AMZ-01,1067
2024-02-25T00:00:00Z,FR-WEB-01,1076
2024-02-25T00:00:00Z,DE-WEB-01,1102
2024-02-26T00:00:00Z,IT-MIL-01,685
2024-02-26T00:00:00Z,IT-BER-01,732
2024-02-26T00:00:00Z,IT-BRE-01,656
2024-02-26T00:00:00Z,IT-TUR-01,771
2024-02-26T00:00:00Z,IT-GEN-01,781
2024-02-26T00:00:00Z,IT-BOL-01,674
2024-02-26T00:00:00Z,IT-FIR-01,770
2024-02-26T00:00:00Z,IT-ROM-01,799
2024-02-26T00:00:00Z,IT-NAP-01,798
2024-02-26T00:00:00Z,IT-BAR-01,647
2024-02-26T00:00:00Z,IT-PAL-01,669
2024-02-26T00:00:00Z,IT-VER-01,723
2024-02-26T00:00:00Z,IT-WEB-01,1019
2024-02-26T00:00:00Z,IT-AMZ-01,1096
2024-02-26T00:00:00Z,FR-WEB-01,1067
2024-02-26T00:00:00Z,DE-WEB-01,1132
2024-02-27T00:00:00Z,IT-MIL-01,750
2024-02-27T00:00:00Z,IT-BER-01,700
2024-02-27T00:00:00Z,IT-BRE-01,696
2024-02-27T00:00:00Z,IT-TUR-01,684
2024-02-27T00:00:00Z,IT-GEN-01,791
2024-02-27T00:00:00Z,IT-BOL-01,695
2024-02-27T00:00:00Z,IT-FIR-01,730
2024-02-27T00:00:00Z,IT-ROM-01,730
2024-02-27T00:00:00Z,IT-NAP-01,664
2024-02-27T00:00:00Z,IT-BAR-01,756
2024-02-27T00:00:00Z,IT-PAL-01,654
2024-02-27T00:00:00Z,IT-VER-01,705
2024-02-27T00:00:00Z,IT-WEB-01,1111
2024-02-27T00:00:00Z,IT-AMZ-01,978
2024-02-27T00:00:00Z,FR-WEB-01,1085
2024-02-27T00:00:00Z,DE-WEB-01,1107
2024-02-28T00:00:00Z,IT-MIL-01,716
2024-02-28T00:00:00Z,IT-BER-01,766
2024-02-28T00:00:00Z,IT-BRE-01,712
2024-02-28T00:00:00Z,IT-TUR-01,716
2024-02-28T00:00:00Z,IT-GEN-01,685
2024-02-28T00:00:00Z,IT-BOL-01,745
2024-02-28T00:00:00Z,IT-FIR-01,740
2024-02-28T00:00:00Z,IT-ROM-01,728
2024-02-28T00:00:00Z,IT-NAP-01,749
2024-02-28T00:00:00Z,IT-BAR-01,669
2024-02-28T00:00:00Z,IT-PAL-01,789
2024-02-28T00:00:00Z,IT-VER-01,773
2024-02-28T00:00:00Z,IT-WEB-01,1109
2024-02-28T00:00:00Z,IT-AMZ-01,1118
2024-02-28T00:00:00Z,FR-WEB-01,1034
2024-02-28T00:00:00Z,DE-WEB-01,999
2024-02-29T00:00:00Z,IT-MIL-01,724
2024-02-29T00:00:00Z,IT-BER-01,652
2024-02-29T00:00:00Z,IT-BRE-01,721
2024-02-29T00:00:00Z,IT-TUR-01,643
2024-02-29T00:00:00Z,IT-GEN-01,703
2024-02-29T00:00:00Z,IT-BOL-01,640
2024-02-29T00:00:00Z,IT-FIR-01,652
2024-02-29T00:00:00Z,IT-ROM-01,751
2024-02-29T00:00:00Z,IT-NAP-01,666
2024-02-29T00:00:00Z,IT-BAR-01,704
2024-02-29T00:00:00Z,IT-PAL-01,686
2024-02-29T00:00:00Z,IT-VER-01,688
2024-02-29T00:00:00Z,IT-WEB-01,1017
2024-02-29T00:00:00Z,IT-AMZ-01,1024
2024-02-29T00:00:00Z,FR-WEB-01,1025
2024-02-29T00:00:00Z,DE-WEB-01,1003
2024-03-01T00:00:00Z,IT-MIL-01,719
2024-03-01T00:00:00Z,IT-BER-01,635
2024-03-01T00:00:00Z,IT-BRE-01,648
2024-03-01T00:00:00Z,IT-TUR-01,653
2024-03-01T00:00:00Z,IT-GEN-01,767
2024-03-01T00:00:00Z,IT-BOL-01,647
2024-03-01T00:00:00Z,IT-FIR-01,724
2024-03-01T00:00:00Z,IT-ROM-01,748
2024-03-01T00:00:00Z,IT-NAP-01,645
2024-03-01T00:00:00Z,IT-BAR-01,723
2024-03-01T00:00:00Z,IT-PAL-01,771
2024-03-01T00:00:00Z,IT-VER-01,782
2024-03-01T00:00:00Z,IT-WEB-01,1023
2024-03-01T00:00:00Z,IT-AMZ-01,973
2024-03-01T00:00:00Z,FR-WEB-01,973
2024-03-01T00:00:00Z,DE-WEB-01,1031
2024-03-02T00:00:00Z,IT-MIL-01,893
2024-03-02T00:00:00Z,IT-BER-01,767
2024-03-02T00:00:00Z,IT-BRE-01,890
2024-03-02T00:00:00Z,IT-TUR-01,786
2024-03-02T00:00:00Z,IT-GEN-01,830
2024-03-02T00:00:00Z,IT-BOL-01,746
2024-03-02T00:00:00Z,IT-FIR-01,888
2024-03-02T00:00:00Z,IT-ROM-01,884
2024-03-02T00:00:00Z,IT-NAP-01,773
2024-03-02T00:00:00Z,IT-BAR-01,794
2024-03-02T00:00:00Z,IT-PAL-01,820
2024-03-02T00:00:00Z,IT-VER-01,850
2024-03-02T00:00:00Z,IT-WEB-01,1087
2024-03-02T00:00:00Z,IT-AMZ-01,1138
2024-03-02T00:00:00Z,FR-WEB-01,1172
2024-03-02T00:00:00Z,DE-WEB-01,1066
2024-03-03T00:00:00Z,IT-MIL-01,747
2024-03-03T00:00:00Z,IT-BER-01,750
2024-03-03T00:00:00Z,IT-BRE-01,763
2024-03-03T00:00:00Z,IT-TUR-01,804
2024-03-03T00:00:00Z,IT-GEN-01,753
2024-03-03T00:00:00Z,IT-BOL-01,816
2024-03-03T00:00:00Z,IT-FIR-01,793
2024-03-03T00:00:00Z,IT-ROM-01,855
2024-03-03T00:00:00Z,IT-NAP-01,735
2024-03-03T00:00:00Z,IT-BAR-01,738
2024-03-03T00:00:00Z,IT-PAL-01,742
2024-03-03T00:00:00Z,IT-VER-01,821
2024-03-03T00:00:00Z,IT-WEB-01,1070
2024-03-03T00:00:00Z,IT-AMZ-01,1133
2024-03-03T00:00:00Z,FR-WEB-01,1077
2024-03-03T00:00:00Z,DE-WEB-01,1196
2024-03-04T00:00:00Z,IT-MIL-01,644
2024-03-04T00:00:00Z,IT-BER-01,639
2024-03-04T00:00:00Z,IT-BRE-01,736
2024-03-04T00:00:00Z,IT-TUR-01,744
2024-03-04T00:00:00Z,IT-GEN-01,639
2024-03-04T00:00:00Z,IT-BOL-01,671
2024-03-04T00:00:00Z,IT-FIR-01,768
2024-03-04T00:00:00Z,IT-ROM-01,734
2024-03-04T00:00:00Z,IT-NAP-01,778
2024-03-04T00:00:00Z,IT-BAR-01,757
2024-03-04T00:00:00Z,IT-PAL-01,669
2024-03-04T00:00:00Z,IT-VER-01,684
2024-03-04T00:00:00Z,IT-WEB-01,986
2024-03-04T00:00:00Z,IT-AMZ-01,1035
2024-03-04T00:00:00Z,FR-WEB-01,1023
2024-03-04T00:00:00Z,DE-WEB-01,1078
2024-03-05T00:00:00Z,IT-MIL-01,654
2024-03-05T00:00:00Z,IT-BER-01,731
2024-03-05T00:00:00Z,IT-BRE-01,680
2024-03-05T00:00:00Z,IT-TUR-01,663
2024-03-05T00:00:00Z,IT-GEN-01,709
2024-03-05T00:00:00Z,IT-BOL-01,780
2024-03-05T00:00:00Z,IT-FIR-01,742
2024-03-05T00:00:00Z,IT-ROM-01,670
2024-03-05T00:00:00Z,IT-NAP-01,791
2024-03-05T00:00:00Z,IT-BAR-01,734
2024-03-05T00:00:00Z,IT-PAL-01,659
2024-03-05T00:00:00Z,IT-VER-01,768
2024-03-05T00:00:00Z,IT-WEB-01,1131
2024-03-05T00:00:00Z,IT-AMZ-01,968
2024-03-05T00:00:00Z,FR-WEB-01,1021
2024-03-05T00:00:00Z,DE-WEB-01,1100
2024-03-06T00:00:00Z,IT-MIL-01,636
2024-03-06T00:00:00Z,IT-BER-01,689
2024-03-06T00:00:00Z,IT-BRE-01,718
2024-03-06T00:00:00Z,IT-TUR-01,756
2024-03-06T00:00:00Z,IT-GEN-01,691
2024-03-06T00:00:00Z,IT-BOL-01,781
2024-03-06T00:00:00Z,IT-FIR-01,769
2024-03-06T00:00:00Z,IT-ROM-01,751
2024-03-06T00:00:00Z,IT-NAP-01,799
2024-03-06T00:00:00Z,IT-BAR-01,748
2024-03-06T00:00:00Z,IT-PAL-01,654
2024-03-06T00:00:00Z,IT-VER-01,803
2024-03-06T00:00:00Z,IT-WEB-01,1091
2024-03-06T00:00:00Z,IT-AMZ-01,974
2024-03-06T00:00:00Z,FR-WEB-01,1037
2024-03-06T00:00:00Z,DE-WEB-01,1118
2024-03-07T00:00:00Z,IT-MIL-01,642
2024-03-07T00:00:00Z,IT-BER-01,704
2024-03-07T00:00:00Z,IT-BRE-01,671
2024-03-07T00:00:00Z,IT-TUR-01,648
2024-03-07T00:00:00Z,IT-GEN-01,640
2024-03-07T00:00:00Z,IT-BOL-01,794
2024-03-07T00:00:00Z,IT-FIR-01,768
2024-03-07T00:00:00Z,IT-ROM-01,794
2024-03-07T00:00:00Z,IT-NAP-01,789
2024-03-07T00:00:00Z,IT-BAR-01,773
2024-03-07T00:00:00Z,IT-PAL-01,643
2024-03-07T00:00:00Z,IT-VER-01,763
2024-03-07T00:00:00Z,IT-WEB-01,1029
2024-03-07T00:00:00Z,IT-AMZ-01,1047
2024-03-07T00:00:00Z,FR-WEB-01,1048
2024-03-07T00:00:00Z,DE-WEB-01,1052
2024-03-08T00:00:00Z,IT-MIL-01,647
2024-03-08T00:00:00Z,IT-BER-01,781
2024-03-08T00:00:00Z,IT-BRE-01,672
2024-03-08T00:00:00Z,IT-TUR-01,711
2024-03-08T00:00:00Z,IT-GEN-01,776
2024-03-08T00:00:00Z,IT-BOL-01,801
2024-03-08T00:00:00Z,IT-FIR-01,691
2024-03-08T00:00:00Z,IT-ROM-01,728
2024-03-08T00:00:00Z,IT-NAP-01,744
2024-03-08T00:00:00Z,IT-BAR-01,678
2024-03-08T00:00:00Z,IT-PAL-01,780
2024-03-08T00:00:00Z,IT-VER-01,797
2024-03-08T00:00:00Z,IT-WEB-01,1016
2024-03-08T00:00:00Z,IT-AMZ-01,1118
2024-03-08T00:00:00Z,FR-WEB-01,1093
2024-03-08T00:00:00Z,DE-WEB-01,1030
2024-03-09T00:00:00Z,IT-MIL-01,805
2024-03-09T00:00:00Z,IT-BER-01,794
2024-03-09T00:00:00Z,IT-BRE-01,780
2024-03-09T00:00:00Z,IT-TUR-01,846
2024-03-09T00:00:00Z,IT-GEN-01,892
2024-03-09T00:00:00Z,IT-BOL-01,794
2024-03-09T00:00:00Z,IT-FIR-01,875
2024-03-09T00:00:00Z,IT-ROM-01,765
2024-03-09T00:00:00Z,IT-NAP-01,813
2024-03-09T00:00:00Z,IT-BAR-01,784
2024-03-09T00:00:00Z,IT-PAL-01,860
2024-03-09T00:00:00Z,IT-VER-01,891
2024-03-09T00:00:00Z,IT-WEB-01,1213
2024-03-09T00:00:00Z,IT-AMZ-01,1196
2024-03-09T00:00:00Z,FR-WEB-01,1223
2024-03-09T00:00:00Z,DE-WEB-01,1176
2024-03-10T00:00:00Z,IT-MIL-01,831
2024-03-10T00:00:00Z,IT-BER-01,858
2024-03-10T00:00:00Z,IT-BRE-01,862
2024-03-10T00:00:00Z,IT-TUR-01,754
2024-03-10T00:00:00Z,IT-GEN-01,809
2024-03-10T00:00:00Z,IT-BOL-01,783
2024-03-10T00:00:00Z,IT-FIR-01,858
2024-03-10T00:00:00Z,IT-ROM-01,804
2024-03-10T00:00:00Z,IT-NAP-01,899
2024-03-10T00:00:00Z,IT-BAR-01,827
2024-03-10T00:00:00Z,IT-PAL-01,756
2024-03-10T00:00:00Z,IT-VER-01,806
2024-03-10T00:00:00Z,IT-WEB-01,1071
2024-03-10T00:00:00Z,IT-AMZ-01,1100
2024-03-10T00:00:00Z,FR-WEB-01,1076
2024-03-10T00:00:00Z,DE-WEB-01,1182
2024-03-11T00:00:00Z,IT-MIL-01,676
2024-03-11T00:00:00Z,IT-BER-01,695
2024-03-11T00:00:00Z,IT-BRE-01,681
2024-03-11T00:00:00Z,IT-TUR-01,709
2024-03-11T00:00:00Z,IT-GEN-01,760
2024-03-11T00:00:00Z,IT-BOL-01,666
2024-03-11T00:00:00Z,IT-FIR-01,721
2024-03-11T00:00:00Z,IT-ROM-01,739
2024-03-11T00:00:00Z,IT-NAP-01,637
2024-03-11T00:00:00Z,IT-BAR-01,763
2024-03-11T00:00:00Z,IT-PAL-01,686
2024-03-11T00:00:00Z,IT-VER-01,654
2024-03-11T00:00:00Z,IT-WEB-01,1038
2024-03-11T00:00:00Z,IT-AMZ-01,1115
2024-03-11T00:00:00Z,FR-WEB-01,1012
2024-03-11T00:00:00Z,DE-WEB-01,1133
2024-03-12T00:00:00Z,IT-MIL-01,679
2024-03-12T00:00:00Z,IT-BER-01,686
2024-03-12T00:00:00Z,IT-BRE-01,687
2024-03-12T00:00:00Z,IT-TUR-01,795
2024-03-12T00:00:00Z,IT-GEN-01,696
2024-03-12T00:00:00Z,IT-BOL-01,751
2024-03-12T00:00:00Z,IT-FIR-01,705
2024-03-12T00:00:00Z,IT-ROM-01,726
2024-03-12T00:00:00Z,IT-NAP-01,769
2024-03-12T00:00:00Z,IT-BAR-01,766
2024-03-12T00:00:00Z,IT-PAL-01,727
2024-03-12T00:00:00Z,IT-VER-01,729
2024-03-12T00:00:00Z,IT-WEB-01,1080
2024-03-12T00:00:00Z,IT-AMZ-01,1065
2024-03-12T00:00:00Z,FR-WEB-01,1129
2024-03-12T00:00:00Z,DE-WEB-01,1061
2024-03-13T00:00:00Z,IT-MIL-01,687
2024-03-13T00:00:00Z,IT-BER-01,720
2024-03-13T00:00:00Z,IT-BRE-01,768
2024-03-13T00:00:00Z,IT-TUR-01,666
2024-03-13T00:00:00Z,IT-GEN-01,737
2024-03-13T00:00:00Z,IT-BOL-01,784
2024-03-13T00:00:00Z,IT-FIR-01,677
2024-03-13T00:00:00Z,IT-ROM-01,671
2024-03-13T00:00:00Z,IT-NAP-01,748
2024-03-13T00:00:00Z,IT-BAR-01,781
2024-03-13T00:00:00Z,IT-PAL-01,800
2024-03-13T00:00:00Z,IT-VER-01,656
2024-03-13T00:00:00Z,IT-WEB-01,967
2024-03-13T00:00:00Z,IT-AMZ-01,992
2024-03-13T00:00:00Z,FR-WEB-01,1127
2024-03-13T00:00:00Z,DE-WEB-01,976
2024-03-14T00:00:00Z,IT-MIL-01,690
2024-03-14T00:00:00Z,IT-BER-01,689
2024-03-14T00:00:00Z,IT-BRE-01,691
2024-03-14T00:00:00Z,IT-TUR-01,751
2024-03-14T00:00:00Z,IT-GEN-01,773
2024-03-14T00:00:00Z,IT-BOL-01,655
2024-03-14T00:00:00Z,IT-FIR-01,790
2024-03-14T00:00:00Z,IT-ROM-01,736
2024-03-14T00:00:00Z,IT-NAP-01,784
2024-03-14T00:00:00Z,IT-BAR-01,729
2024-03-14T00:00:00Z,IT-PAL-01,680
2024-03-14T00:00:00Z,IT-VER-01,707
2024-03-14T00:00:00Z,IT-WEB-01,1012
2024-03-14T00:00:00Z,IT-AMZ-01,1093
2024-03-14T00:00:00Z,FR-WEB-01,965
2024-03-14T00:00:00Z,DE-WEB-01,1043
2024-03-15T00:00:00Z,IT-MIL-01,697
2024-03-15T00:00:00Z,IT-BER-01,711
2024-03-15T00:00:00Z,IT-BRE-01,787
2024-03-15T00:00:00Z,IT-TUR-01,750
2024-03-15T00:00:00Z,IT-GEN-01,703
2024-03-15T00:00:00Z,IT-BOL-01,669
2024-03-15T00:00:00Z,IT-FIR-01,641
2024-03-15T00:00:00Z,IT-ROM-01,668
2024-03-15T00:00:00Z,IT-NAP-01,727
2024-03-15T00:00:00Z,IT-BAR-01,678
2024-03-15T00:00:00Z,IT-PAL-01,709
2024-03-15T00:00:00Z,IT-VER-01,729
2024-03-15T00:00:00Z,IT-WEB-01,1021
2024-03-15T00:00:00Z,IT-AMZ-01,1002
2024-03-15T00:00:00Z,FR-WEB-01,984
2024-03-15T00:00:00Z,DE-WEB-01,1112
2024-03-16T00:00:00Z,IT-MIL-01,855
2024-03-16T00:00:00Z,IT-BER-01,810
2024-03-16T00:00:00Z,IT-BRE-01,843
2024-03-16T00:00:00Z,IT-TUR-01,816
2024-03-16T00:00:00Z,IT-GEN-01,816
2024-03-16T00:00:00Z,IT-BOL-01,731
2024-03-16T00:00:00Z,IT-FIR-01,769
2024-03-16T00:00:00Z,IT-ROM-01,810
2024-03-16T00:00:00Z,IT-NAP-01,887
2024-03-16T00:00:00Z,IT-BAR-01,778
2024-03-16T00:00:00Z,IT-PAL-01,802
2024-03-16T00:00:00Z,IT-VER-01,879
2024-03-16T00:00:00Z,IT-WEB-01,1109
2024-03-16T00:00:00Z,IT-AMZ-01,1198
2024-03-16T00:00:00Z,FR-WEB-01,1228
2024-03-16T00:00:00Z,DE-WEB-01,1092
2024-03-17T00:00:00Z,IT-MIL-01,756
2024-03-17T00:00:00Z,IT-BER-01,893
2024-03-17T00:00:00Z,IT-BRE-01,787
2024-03-17T00:00:00Z,IT-TUR-01,879
2024-03-17T00:00:00Z,IT-GEN-01,816
2024-03-17T00:00:00Z,IT-BOL-01,875
2024-03-17T00:00:00Z,IT-FIR-01,874
2024-03-17T00:00:00Z,IT-ROM-01,780
2024-03-17T00:00:00Z,IT-NAP-01,792
2024-03-17T00:00:00Z,IT-BAR-01,836
2024-03-17T00:00:00Z,IT-PAL-01,823
2024-03-17T00:00:00Z,IT-VER-01,795
2024-03-17T00:00:00Z,IT-WEB-01,1126
2024-03-17T00:00:00Z,IT-AMZ-01,1126
2024-03-17T00:00:00Z,FR-WEB-01,1177
2024-03-17T00:00:00Z,DE-WEB-01,1091
2024-03-18T00:00:00Z,IT-MIL-01,637
2024-03-18T00:00:00Z,IT-BER-01,805
2024-03-18T00:00:00Z,IT-BRE-01,765
2024-03-18T00:00:00Z,IT-TUR-01,635
2024-03-18T00:00:00Z,IT-GEN-01,737
2024-03-18T00:00:00Z,IT-BOL-01,745
2024-03-18T00:00:00Z,IT-FIR-01,793
2024-03-18T00:00:00Z,IT-ROM-01,639
2024-03-18T00:00:00Z,IT-NAP-01,759
2024-03-18T00:00:00Z,IT-BAR-01,790
2024-03-18T00:00:00Z,IT-PAL-01,729
2024-03-18T00:00:00Z,IT-VER-01,716
2024-03-18T00:00:00Z,IT-WEB-01,983
2024-03-18T00:00:00Z,IT-AMZ-01,1027
2024-03-18T00:00:00Z,FR-WEB-01,973
2024-03-18T00:00:00Z,DE-WEB-01,1081
2024-03-19T00:00:00Z,IT-MIL-01,731
2024-03-19T00:00:00Z,IT-BER-01,790
2024-03-19T00:00:00Z,IT-BRE-01,738
2024-03-19T00:00:00Z,IT-TUR-01,726
2024-03-19T00:00:00Z,IT-GEN-01,736
2024-03-19T00:00:00Z,IT-BOL-01,747
2024-03-19T00:00:00Z,IT-FIR-01,771
2024-03-19T00:00:00Z,IT-ROM-01,660
2024-03-19T00:00:00Z,IT-NAP-01,644
2024-03-19T00:00:00Z,IT-BAR-01,733
2024-03-19T00:00:00Z,IT-PAL-01,737
2024-03-19T00:00:00Z,IT-VER-01,659
2024-03-19T00:00:00Z,IT-WEB-01,991
2024-03-19T00:00:00Z,IT-AMZ-01,1023
2024-03-19T00:00:00Z,FR-WEB-01,1013
2024-03-19T00:00:00Z,DE-WEB-01,1057
2024-03-20T00:00:00Z,IT-MIL-01,696
2024-03-20T00:00:00Z,IT-BER-01,803
2024-03-20T00:00:00Z,IT-BRE-01,792
2024-03-20T00:00:00Z,IT-TUR-01,686
2024-03-20T00:00:00Z,IT-GEN-01,676
2024-03-20T00:00:00Z,IT-BOL-01,638
2024-03-20T00:00:00Z,IT-FIR-01,795
2024-03-20T00:00:00Z,IT-ROM-01,699
2024-03-20T00:00:00Z,IT-NAP-01,747
2024-03-20T00:00:00Z,IT-BAR-01,671
2024-03-20T00:00:00Z,IT-PAL-01,700
2024-03-20T00:00:00Z,IT-VER-01,805
2024-03-20T00:00:00Z,IT-WEB-01,1018
2024-03-20T00:00:00Z,IT-AMZ-01,976
2024-03-20T00:00:00Z,FR-WEB-01,1064
2024-03-20T00:00:00Z,DE-WEB-01,1118
2024-03-21T00:00:00Z,IT-MIL-01,758
2024-03-21T00:00:00Z,IT-BER-01,688
2024-03-21T00:00:00Z,IT-BRE-01,643
2024-03-21T00:00:00Z,IT-TUR-01,718
2024-03-21T00:00:00Z,IT-GEN-01,708
2024-03-21T00:00:00Z,IT-BOL-01,672
2024-03-21T00:00:00Z,IT-FIR-01,727
2024-03-21T00:00:00Z,IT-ROM-01,693
2024-03-21T00:00:00Z,IT-NAP-01,685
2024-03-21T00:00:00Z,IT-BAR-01,676
2024-03-21T00:00:00Z,IT-PAL-01,754
2024-03-21T00:00:00Z,IT-VER-01,725
2024-03-21T00:00:00Z,IT-WEB-01,1105
2024-03-21T00:00:00Z,IT-AMZ-01,1081
2024-03-21T00:00:00Z,FR-WEB-01,1023
2024-03-21T00:00:00Z,DE-WEB-01,1048
2024-03-22T00:00:00Z,IT-MIL-01,794
2024-03-22T00:00:00Z,IT-BER-01,682
2024-03-22T00:00:00Z,IT-BRE-01,750
2024-03-22T00:00:00Z,IT-TUR-01,753
2024-03-22T00:00:00Z,IT-GEN-01,768
2024-03-22T00:00:00Z,IT-BOL-01,760
2024-03-22T00:00:00Z,IT-FIR-01,729
2024-03-22T00:00:00Z,IT-ROM-01,717
2024-03-22T00:00:00Z,IT-NAP-01,657
2024-03-22T00:00:00Z,IT-BAR-01,761
2024-03-22T00:00:00Z,IT-PAL-01,688
2024-03-22T00:00:00Z,IT-VER-01,739
2024-03-22T00:00:00Z,IT-WEB-01,972
2024-03-22T00:00:00Z,IT-AMZ-01,1005
2024-03-22T00:00:00Z,FR-WEB-01,974
2024-03-22T00:00:00Z,DE-WEB-01,1110
2024-03-23T00:00:00Z,IT-MIL-01,812
2024-03-23T00:00:00Z,IT-BER-01,774
2024-03-23T00:00:00Z,IT-BRE-01,773
2024-03-23T00:00:00Z,IT-TUR-01,748
2024-03-23T00:00:00Z,IT-GEN-01,822
2024-03-23T00:00:00Z,IT-BOL-01,857
2024-03-23T00:00:00Z,IT-FIR-01,880
2024-03-23T00:00:00Z,IT-ROM-01,754
2024-03-23T00:00:00Z,IT-NAP-01,752
2024-03-23T00:00:00Z,IT-BAR-01,879
2024-03-23T00:00:00Z,IT-PAL-01,845
2024-03-23T00:00:00Z,IT-VER-01,832
2024-03-23T00:00:00Z,IT-WEB-01,1123
2024-03-23T00:00:00Z,IT-AMZ-01,1063
2024-03-23T00:00:00Z,FR-WEB-01,1176
2024-03-23T00:00:00Z,DE-WEB-01,1083
2024-03-24T00:00:00Z,IT-MIL-01,852
2024-03-24T00:00:00Z,IT-BER-01,879
2024-03-24T00:00:00Z,IT-BRE-01,886
2024-03-24T00:00:00Z,IT-TUR-01,799
2024-03-24T00:00:00Z,IT-GEN-01,750
2024-03-24T00:00:00Z,IT-BOL-01,897
2024-03-24T00:00:00Z,IT-FIR-01,735
2024-03-24T00:00:00Z,IT-ROM-01,886
2024-03-24T00:00:00Z,IT-NAP-01,834
2024-03-24T00:00:00Z,IT-BAR-01,869
2024-03-24T00:00:00Z,IT-PAL-01,895
2024-03-24T00:00:00Z,IT-VER-01,822
2024-03-24T00:00:00Z,IT-WEB-01,1119
2024-03-24T00:00:00Z,IT-AMZ-01,1068
2024-03-24T00:00:00Z,FR-WEB-01,1132
2024-03-24T00:00:00Z,DE-WEB-01,1207
2024-03-25T00:00:00Z,IT-MIL-01,753
2024-03-25T00:00:00Z,IT-BER-01,734
2024-03-25T00:00:00Z,IT-BRE-01,805
2024-03-25T00:00:00Z,IT-TUR-01,654
2024-03-25T00:00:00Z,IT-GEN-01,736
2024-03-25T00:00:00Z,IT-BOL-01,795
2024-03-25T00:00:00Z,IT-FIR-01,702
2024-03-25T00:00:00Z,IT-ROM-01,753
2024-03-25T00:00:00Z,IT-NAP-01,671
2024-03-25T00:00:00Z,IT-BAR-01,655
2024-03-25T00:00:00Z,IT-PAL-01,764
2024-03-25T00:00:00Z,IT-VER-01,638
2024-03-25T00:00:00Z,IT-WEB-01,1030
2024-03-25T00:00:00Z,IT-AMZ-01,1059
2024-03-25T00:00:00Z,FR-WEB-01,1121
2024-03-25T00:00:00Z,DE-WEB-01,994
2024-03-26T00:00:00Z,IT-MIL-01,676
2024-03-26T00:00:00Z,IT-BER-01,670
2024-03-26T00:00:00Z,IT-BRE-01,673
2024-03-26T00:00:00Z,IT-TUR-01,737
2024-03-26T00:00:00Z,IT-GEN-01,766
2024-03-26T00:00:00Z,IT-BOL-01,666
2024-03-26T00:00:00Z,IT-FIR-01,804
2024-03-26T00:00:00Z,IT-ROM-01,717
2024-03-26T00:00:00Z,IT-NAP-01,767
2024-03-26T00:00:00Z,IT-BAR-01,778
2024-03-26T00:00:00Z,IT-PAL-01,759
2024-03-26T00:00:00Z,IT-VER-01,683
2024-03-26T00:00:00Z,IT-WEB-01,1026
2024-03-26T00:00:00Z,IT-AMZ-01,1085
2024-03-26T00:00:00Z,FR-WEB-01,1036
2024-03-26T00:00:00Z,DE-WEB-01,1118
2024-03-27T00:00:00Z,IT-MIL-01,766
2024-03-27T00:00:00Z,IT-BER-01,780
2024-03-27T00:00:00Z,IT-BRE-01,707
2024-03-27T00:00:00Z,IT-TUR-01,647
2024-03-27T00:00:00Z,IT-GEN-01,786
2024-03-27T00:00:00Z,IT-BOL-01,647
2024-03-27T00:00:00Z,IT-FIR-01,771
2024-03-27T00:00:00Z,IT-ROM-01,648
2024-03-27T00:00:00Z,IT-NAP-01,792
2024-03-27T00:00:00Z,IT-BAR-01,738
2024-03-27T00:00:00Z,IT-PAL-01,659
2024-03-27T00:00:00Z,IT-VER-01,726
2024-03-27T00:00:00Z,IT-WEB-01,1098
2024-03-27T00:00:00Z,IT-AMZ-01,1114
2024-03-27T00:00:00Z,FR-WEB-01,1043
2024-03-27T00:00:00Z,DE-WEB-01,1043
2024-03-28T00:00:00Z,IT-MIL-01,671
2024-03-28T00:00:00Z,IT-BER-01,636
2024-03-28T00:00:00Z,IT-BRE-01,772
2024-03-28T00:00:00Z,IT-TUR-01,700
2024-03-28T00:00:00Z,IT-GEN-01,716
2024-03-28T00:00:00Z,IT-BOL-01,684
2024-03-28T00:00:00Z,IT-FIR-01,752
2024-03-28T00:00:00Z,IT-ROM-01,789
2024-03-28T00:00:00Z,IT-NAP-01,798
2024-03-28T00:00:00Z,IT-BAR-01,730
2024-03-28T00:00:00Z,IT-PAL-01,709
2024-03-28T00:00:00Z,IT-VER-01,719
2024-03-28T00:00:00Z,IT-WEB-01,1108
2024-03-28T00:00:00Z,IT-AMZ-01,973
2024-03-28T00:00:00Z,FR-WEB-01,991
2024-03-28T00:00:00Z,DE-WEB-01,1094
2024-03-29T00:00:00Z,IT-MIL-01,721
2024-03-29T00:00:00Z,IT-BER-01,714
2024-03-29T00:00:00Z,IT-BRE-01,690
2024-03-29T00:00:00Z,IT-TUR-01,743
2024-03-29T00:00:00Z,IT-GEN-01,762
2024-03-29T00:00:00Z,IT-BOL-01,709
2024-03-29T00:00:00Z,IT-FIR-01,670
2024-03-29T00:00:00Z,IT-ROM-01,774
2024-03-29T00:00:00Z,IT-NAP-01,798
2024-03-29T00:00:00Z,IT-BAR-01,653
2024-03-29T00:00:00Z,IT-PAL-01,755
2024-03-29T00:00:00Z,IT-VER-01,665
2024-03-29T00:00:00Z,IT-WEB-01,990
2024-03-29T00:00:00Z,IT-AMZ-01,986
2024-03-29T00:00:00Z,FR-WEB-01,1107
2024-03-29T00:00:00Z,DE-WEB-01,1092
2024-03-30T00:00:00Z,IT-MIL-01,883
2024-03-30T00:00:00Z,IT-BER-01,753
2024-03-30T00:00:00Z,IT-BRE-01,841
2024-03-30T00:00:00Z,IT-TUR-01,776
2024-03-30T00:00:00Z,IT-GEN-01,865
2024-03-30T00:00:00Z,IT-BOL-01,880
2024-03-30T00:00:00Z,IT-FIR-01,882
2024-03-30T00:00:00Z,IT-ROM-01,750
2024-03-30T00:00:00Z,IT-NAP-01,771
2024-03-30T00:00:00Z,IT-BAR-01,766
2024-03-30T00:00:00Z,IT-PAL-01,851
2024-03-30T00:00:00Z,IT-VER-01,782
2024-03-30T00:00:00Z,IT-WEB-01,1116
2024-03-30T00:00:00Z,IT-AMZ-01,1152
2024-03-30T00:00:00Z,FR-WEB-01,1100
2024-03-30T00:00:00Z,DE-WEB-01,1160
2024-03-31T00:00:00Z,IT-MIL-01,850
2024-03-31T00:00:00Z,IT-BER-01,763
2024-03-31T00:00:00Z,IT-BRE-01,743
2024-03-31T00:00:00Z,IT-TUR-01,855
2024-03-31T00:00:00Z,IT-GEN-01,773
2024-03-31T00:00:00Z,IT-BOL-01,763
2024-03-31T00:00:00Z,IT-FIR-01,769
2024-03-31T00:00:00Z,IT-ROM-01,870
2024-03-31T00:00:00Z,IT-NAP-01,770
2024-03-31T00:00:00Z,IT-BAR-01,841
2024-03-31T00:00:00Z,IT-PAL-01,873
2024-03-31T00:00:00Z,IT-VER-01,778
2024-03-31T00:00:00Z,IT-WEB-01,1061
2024-03-31T00:00:00Z,IT-AMZ-01,1115
2024-03-31T00:00:00Z,FR-WEB-01,1211
2024-03-31T00:00:00Z,DE-WEB-01,1112
2024-04-01T00:00:00Z,IT-MIL-01,711
2024-04-01T00:00:00Z,IT-BER-01,653
2024-04-01T00:00:00Z,IT-BRE-01,712
2024-04-01T00:00:00Z,IT-TUR-01,638
2024-04-01T00:00:00Z,IT-GEN-01,795
2024-04-01T00:00:00Z,IT-BOL-01,759
2024-04-01T00:00:00Z,IT-FIR-01,706
2024-04-01T00:00:00Z,IT-ROM-01,727
2024-04-01T00:00:00Z,IT-NAP-01,676
2024-04-01T00:00:00Z,IT-BAR-01,689
2024-04-01T00:00:00Z,IT-PAL-01,729
2024-04-01T00:00:00Z,IT-VER-01,769
2024-04-01T00:00:00Z,IT-WEB-01,1045
2024-04-01T00:00:00Z,IT-AMZ-01,1063
2024-04-01T00:00:00Z,FR-WEB-01,1018
2024-04-01T00:00:00Z,DE-WEB-01,1055
2024-04-02T00:00:00Z,IT-MIL-01,688
2024-04-02T00:00:00Z,IT-BER-01,802
2024-04-02T00:00:00Z,IT-BRE-01,696
2024-04-02T00:00:00Z,IT-TUR-01,688
2024-04-02T00:00:00Z,IT-GEN-01,703
2024-04-02T00:00:00Z,IT-BOL-01,781
2024-04-02T00:00:00Z,IT-FIR-01,797
2024-04-02T00:00:00Z,IT-ROM-01,764
2024-04-02T00:00:00Z,IT-NAP-01,755
2024-04-02T00:00:00Z,IT-BAR-01,700
2024-04-02T00:00:00Z,IT-PAL-01,728
2024-04-02T00:00:00Z,IT-VER-01,649
2024-04-02T00:00:00Z,IT-WEB-01,1092
2024-04-02T00:00:00Z,IT-AMZ-01,1099
2024-04-02T00:00:00Z,FR-WEB-01,1091
2024-04-02T00:00:00Z,DE-WEB-01,987
2024-04-03T00:00:00Z,IT-MIL-01,654
2024-04-03T00:00:00Z,IT-BER-01,647
2024-04-03T00:00:00Z,IT-BRE-01,724
2024-04-03T00:00:00Z,IT-TUR-01,757
2024-04-03T00:00:00Z,IT-GEN-01,661
2024-04-03T00:00:00Z,IT-BOL-01,722
2024-04-03T00:00:00Z,IT-FIR-01,694
2024-04-03T00:00:00Z,IT-ROM-01,693
2024-04-03T00:00:00Z,IT-NAP-01,693
2024-04-03T00:00:00Z,IT-BAR-01,780
2024-04-03T00:00:00Z,IT-PAL-01,708
2024-04-03T00:00:00Z,IT-VER-01,675
2024-04-03T00:00:00Z,IT-WEB-01,1070
2024-04-03T00:00:00Z,IT-AMZ-01,1098
2024-04-03T00:00:00Z,FR-WEB-01,981
2024-04-03T00:00:00Z,DE-WEB-01,1085
2024-04-04T00:00:00Z,IT-MIL-01,768
2024-04-04T00:00:00Z,IT-BER-01,660
2024-04-04T00:00:00Z,IT-BRE-01,693
2024-04-04T00:00:00Z,IT-TUR-01,790
2024-04-04T00:00:00Z,IT-GEN-01,720
2024-04-04T00:00:00Z,IT-BOL-01,754
2024-04-04T00:00:00Z,IT-FIR-01,640
2024-04-04T00:00:00Z,IT-ROM-01,726
2024-04-04T00:00:00Z,IT-NAP-01,641
2024-04-04T00:00:00Z,IT-BAR-01,771
2024-04-04T00:00:00Z,IT-PAL-01,736
2024-04-04T00:00:00Z,IT-VER-01,660
2024-04-04T00:00:00Z,IT-WEB-01,1075
2024-04-04T00:00:00Z,IT-AMZ-01,1009
2024-04-04T00:00:00Z,FR-WEB-01,1075
2024-04-04T00:00:00Z,DE-WEB-01,1080
2024-04-05T00:00:00Z,IT-MIL-01,694
2024-04-05T00:00:00Z,IT-BER-01,691
2024-04-05T00:00:00Z,IT-BRE-01,791
2024-04-05T00:00:00Z,IT-TUR-01,728
2024-04-05T00:00:00Z,IT-GEN-01,796
2024-04-05T00:00:00Z,IT-BOL-01,736
2024-04-05T00:00:00Z,IT-FIR-01,677
2024-04-05T00:00:00Z,IT-ROM-01,722
2024-04-05T00:00:00Z,IT-NAP-01,725
2024-04-05T00:00:00Z,IT-BAR-01,735
2024-04-05T00:00:00Z,IT-PAL-01,764
2024-04-05T00:00:00Z,IT-VER-01,701
2024-04-05T00:00:00Z,IT-WEB-01,1052
2024-04-05T00:00:00Z,IT-AMZ-01,1034
2024-04-05T00:00:00Z,FR-WEB-01,1088
2024-04-05T00:00:00Z,DE-WEB-01,1060
2024-04-06T00:00:00Z,IT-MIL-01,864
2024-04-06T00:00:00Z,IT-BER-01,852
2024-04-06T00:00:00Z,IT-BRE-01,828
2024-04-06T00:00:00Z,IT-TUR-01,797
2024-04-06T00:00:00Z,IT-GEN-01,870
2024-04-06T00:00:00Z,IT-BOL-01,781
2024-04-06T00:00:00Z,IT-FIR-01,896
2024-04-06T00:00:00Z,IT-ROM-01,792
2024-04-06T00:00:00Z,IT-NAP-01,763
2024-04-06T00:00:00Z,IT-BAR-01,764
2024-04-06T00:00:00Z,IT-PAL-01,824
2024-04-06T00:00:00Z,IT-VER-01,805
2024-04-06T00:00:00Z,IT-WEB-01,1107
2024-04-06T00:00:00Z,IT-AMZ-01,1102
2024-04-06T00:00:00Z,FR-WEB-01,1136
2024-04-06T00:00:00Z,DE-WEB-01,1206
2024-04-07T00:00:00Z,IT-MIL-01,797
2024-04-07T00:00:00Z,IT-BER-01,734
2024-04-07T00:00:00Z,IT-BRE-01,834
2024-04-07T00:00:00Z,IT-TUR-01,757
2024-04-07T00:00:00Z,IT-GEN-01,744
2024-04-07T00:00:00Z,IT-BOL-01,866
2024-04-07T00:00:00Z,IT-FIR-01,900
2024-04-07T00:00:00Z,IT-ROM-01,870
2024-04-07T00:00:00Z,IT-NAP-01,754
2024-04-07T00:00:00Z,IT-BAR-01,871
2024-04-07T00:00:00Z,IT-PAL-01,871
2024-04-07T00:00:00Z,IT-VER-01,855
2024-04-07T00:00:00Z,IT-WEB-01,1132
2024-04-07T00:00:00Z,IT-AMZ-01,1183
2024-04-07T00:00:00Z,FR-WEB-01,1198
2024-04-07T00:00:00Z,DE-WEB-01,1125
2024-04-08T00:00:00Z,IT-MIL-01,770
2024-04-08T00:00:00Z,IT-BER-01,771
2024-04-08T00:00:00Z,IT-BRE-01,662
2024-04-08T00:00:00Z,IT-TUR-01,664
2024-04-08T00:00:00Z,IT-GEN-01,758
2024-04-08T00:00:00Z,IT-BOL-01,778
2024-04-08T00:00:00Z,IT-FIR-01,746
2024-04-08T00:00:00Z,IT-ROM-01,704
2024-04-08T00:00:00Z,IT-NAP-01,704
2024-04-08T00:00:00Z,IT-BAR-01,774
2024-04-08T00:00:00Z,IT-PAL-01,698
2024-04-08T00:00:00Z,IT-VER-01,766
2024-04-08T00:00:00Z,IT-WEB-01,1021
2024-04-08T00:00:00Z,IT-AMZ-01,1131
2024-04-08T00:00:00Z,FR-WEB-01,1100
2024-04-08T00:00:00Z,DE-WEB-01,1120
2024-04-09T00:00:00Z,IT-MIL-01,749
2024-04-09T00:00:00Z,IT-BER-01,737
2024-04-09T00:00:00Z,IT-BRE-01,701
2024-04-09T00:00:00Z,IT-TUR-01,668
2024-04-09T00:00:00Z,IT-GEN-01,740
2024-04-09T00:00:00Z,IT-BOL-01,655
2024-04-09T00:00:00Z,IT-FIR-01,736
2024-04-09T00:00:00Z,IT-ROM-01,791
2024-04-09T00:00:00Z,IT-NAP-01,750
2024-04-09T00:00:00Z,IT-BAR-01,695
2024-04-09T00:00:00Z,IT-PAL-01,776
2024-04-09T00:00:00Z,IT-VER-01,733
2024-04-09T00:00:00Z,IT-WEB-01,1003
2024-04-09T00:00:00Z,IT-AMZ-01,1029
2024-04-09T00:00:00Z,FR-WEB-01,1051
2024-04-09T00:00:00Z,DE-WEB-01,1095
2024-04-10T00:00:00Z,IT-MIL-01,660
2024-04-10T00:00:00Z,IT-BER-01,800
2024-04-10T00:00:00Z,IT-BRE-01,747
2024-04-10T00:00:00Z,IT-TUR-01,673
2024-04-10T00:00:00Z,IT-GEN-01,638
2024-04-10T00:00:00Z,IT-BOL-01,645
2024-04-10T00:00:00Z,IT-FIR-01,671
2024-04-10T00:00:00Z,IT-ROM-01,701
2024-04-10T00:00:00Z,IT-NAP-01,671
2024-04-10T00:00:00Z,IT-BAR-01,680
2024-04-10T00:00:00Z,IT-PAL-01,803
2024-04-10T00:00:00Z,IT-VER-01,691
2024-04-10T00:00:00Z,IT-WEB-01,1009
2024-04-10T00:00:00Z,IT-AMZ-01,1086
2024-04-10T00:00:00Z,FR-WEB-01,1038
2024-04-10T00:00:00Z,DE-WEB-01,1019
2024-04-11T00:00:00Z,IT-MIL-01,805
2024-04-11T00:00:00Z,IT-BER-01,665
2024-04-11T00:00:00Z,IT-BRE-01,735
2024-04-11T00:00:00Z,IT-TUR-01,790
2024-04-11T00:00:00Z,IT-GEN-01,745
2024-04-11T00:00:00Z,IT-BOL-01,684
2024-04-11T00:00:00Z,IT-FIR-01,695
2024-04-11T00:00:00Z,IT-ROM-01,733
2024-04-11T00:00:00Z,IT-NAP-01,678
2024-04-11T00:00:00Z,IT-BAR-01,725
2024-04-11T00:00:00Z,IT-PAL-01,748
2024-04-11T00:00:00Z,IT-VER-01,693
2024-04-11T00:00:00Z,IT-WEB-01,1013
2024-04-11T00:00:00Z,IT-AMZ-01,1000
2024-04-11T00:00:00Z,FR-WEB-01,1128
2024-04-11T00:00:00Z,DE-WEB-01,998
2024-04-12T00:00:00Z,IT-MIL-01,688
2024-04-12T00:00:00Z,IT-BER-01,803
2024-04-12T00:00:00Z,IT-BRE-01,692
2024-04-12T00:00:00Z,IT-TUR-01,707
2024-04-12T00:00:00Z,IT-GEN-01,793
2024-04-12T00:00:00Z,IT-BOL-01,684
2024-04-12T00:00:00Z,IT-FIR-01,711
2024-04-12T00:00:00Z,IT-ROM-01,730
2024-04-12T00:00:00Z,IT-NAP-01,674
2024-04-12T00:00:00Z,IT-BAR-01,734
2024-04-12T00:00:00Z,IT-PAL-01,784
2024-04-12T00:00:00Z,IT-VER-01,763
2024-04-12T00:00:00Z,IT-WEB-01,996
2024-04-12T00:00:00Z,IT-AMZ-01,1032
2024-04-12T00:00:00Z,FR-WEB-01,992
2024-04-12T00:00:00Z,DE-WEB-01,1129
2024-04-13T00:00:00Z,IT-MIL-01,858
2024-04-13T00:00:00Z,IT-BER-01,885
2024-04-13T00:00:00Z,IT-BRE-01,832
2024-04-13T00:00:00Z,IT-TUR-01,891
2024-04-13T00:00:00Z,IT-GEN-01,884
2024-04-13T00:00:00Z,IT-BOL-01,880
2024-04-13T00:00:00Z,IT-FIR-01,764
2024-04-13T00:00:00Z,IT-ROM-01,796
2024-04-13T00:00:00Z,IT-NAP-01,750
2024-04-13T00:00:00Z,IT-BAR-01,872
2024-04-13T00:00:00Z,IT-PAL-01,757
2024-04-13T00:00:00Z,IT-VER-01,896
2024-04-13T00:00:00Z,IT-WEB-01,1111
2024-04-13T00:00:00Z,IT-AMZ-01,1121
2024-04-13T00:00:00Z,FR-WEB-01,1149
2024-04-13T00:00:00Z,DE-WEB-01,1158
2024-04-14T00:00:00Z,IT-MIL-01,759
2024-04-14T00:00:00Z,IT-BER-01,873
2024-04-14T00:00:00Z,IT-BRE-01,860
2024-04-14T00:00:00Z,IT-TUR-01,838
2024-04-14T00:00:00Z,IT-GEN-01,899
2024-04-14T00:00:00Z,IT-BOL-01,816
2024-04-14T00:00:00Z,IT-FIR-01,867
2024-04-14T00:00:00Z,IT-ROM-01,777
2024-04-14T00:00:00Z,IT-NAP-01,866
2024-04-14T00:00:00Z,IT-BAR-01,810
2024-04-14T00:00:00Z,IT-PAL-01,771
2024-04-14T00:00:00Z,IT-VER-01,762
2024-04-14T00:00:00Z,IT-WEB-01,1093
2024-04-14T00:00:00Z,IT-AMZ-01,1090
2024-04-14T00:00:00Z,FR-WEB-01,1108
2024-04-14T00:00:00Z,DE-WEB-01,1194
2024-04-15T00:00:00Z,IT-MIL-01,692
2024-04-15T00:00:00Z,IT-BER-01,654
2024-04-15T00:00:00Z,IT-BRE-01,705
2024-04-15T00:00:00Z,IT-TUR-01,722
2024-04-15T00:00:00Z,IT-GEN-01,735
2024-04-15T00:00:00Z,IT-BOL-01,731
2024-04-15T00:00:00Z,IT-FIR-01,725
2024-04-15T00:00:00Z,IT-ROM-01,761
2024-04-15T00:00:00Z,IT-NAP-01,761
2024-04-15T00:00:00Z,IT-BAR-01,641
2024-04-15T00:00:00Z,IT-PAL-01,640
2024-04-15T00:00:00Z,IT-VER-01,733
2024-04-15T00:00:00Z,IT-WEB-01,1042
2024-04-15T00:00:00Z,IT-AMZ-01,1061
2024-04-15T00:00:00Z,FR-WEB-01,1032
2024-04-15T00:00:00Z,DE-WEB-01,1008
2024-04-16T00:00:00Z,IT-MIL-01,764
2024-04-16T00:00:00Z,IT-BER-01,674
2024-04-16T00:00:00Z,IT-BRE-01,725
2024-04-16T00:00:00Z,IT-TUR-01,753
2024-04-16T00:00:00Z,IT-GEN-01,653
2024-04-16T00:00:00Z,IT-BOL-01,716
2024-04-16T00:00:00Z,IT-FIR-01,768
2024-04-16T00:00:00Z,IT-ROM-01,760
2024-04-16T00:00:00Z,IT-NAP-01,725
2024-04-16T00:00:00Z,IT-BAR-01,687
2024-04-16T00:00:00Z,IT-PAL-01,652
2024-04-16T00:00:00Z,IT-VER-01,675
2024-04-16T00:00:00Z,IT-WEB-01,1129
2024-04-16T00:00:00Z,IT-AMZ-01,1119
2024-04-16T00:00:00Z,FR-WEB-01,1058
2024-04-16T00:00:00Z,DE-WEB-01,1092
2024-04-17T00:00:00Z,IT-MIL-01,801
2024-04-17T00:00:00Z,IT-BER-01,703
2024-04-17T00:00:00Z,IT-BRE-01,781
2024-04-17T00:00:00Z,IT-TUR-01,752
2024-04-17T00:00:00Z,IT-GEN-01,675
2024-04-17T00:00:00Z,IT-BOL-01,776
2024-04-17T00:00:00Z,IT-FIR-01,639
2024-04-17T00:00:00Z,IT-ROM-01,648
2024-04-17T00:00:00Z,IT-NAP-01,732
2024-04-17T00:00:00Z,IT-BAR-01,777
2024-04-17T00:00:00Z,IT-PAL-01,796
2024-04-17T00:00:00Z,IT-VER-01,663
2024-04-17T00:00:00Z,IT-WEB-01,1047
2024-04-17T00:00:00Z,IT-AMZ-01,980
2024-04-17T00:00:00Z,FR-WEB-01,1020
2024-04-17T00:00:00Z,DE-WEB-01,1006
2024-04-18T00:00:00Z,IT-MIL-01,769
2024-04-18T00:00:00Z,IT-BER-01,681
2024-04-18T00:00:00Z,IT-BRE-01,646
2024-04-18T00:00:00Z,IT-TUR-01,714
2024-04-18T00:00:00Z,IT-GEN-01,764
2024-04-18T00:00:00Z,IT-BOL-01,725
2024-04-18T00:00:00Z,IT-FIR-01,689
2024-04-18T00:00:00Z,IT-ROM-01,764
2024-04-18T00:00:00Z,IT-NAP-01,680
2024-04-18T00:00:00Z,IT-BAR-01,775
2024-04-18T00:00:00Z,IT-PAL-01,735
2024-04-18T00:00:00Z,IT-VER-01,696
2024-04-18T00:00:00Z,IT-WEB-01,1067
2024-04-18T00:00:00Z,IT-AMZ-01,972
2024-04-18T00:00:00Z,FR-WEB-01,977
2024-04-18T00:00:00Z,DE-WEB-01,1006
2024-04-19T00:00:00Z,IT-MIL-01,640
2024-04-19T00:00:00Z,IT-BER-01,705
2024-04-19T00:00:00Z,IT-BRE-01,796
2024-04-19T00:00:00Z,IT-TUR-01,781
2024-04-19T00:00:00Z,IT-GEN-01,637
2024-04-19T00:00:00Z,IT-BOL-01,693
2024-04-19T00:00:00Z,IT-FIR-01,730
2024-04-19T00:00:00Z,IT-ROM-01,688
2024-04-19T00:00:00Z,IT-NAP-01,781
2024-04-19T00:00:00Z,IT-BAR-01,770
2024-04-19T00:00:00Z,IT-PAL-01,694
2024-04-19T00:00:00Z,IT-VER-01,663
2024-04-19T00:00:00Z,IT-WEB-01,1024
2024-04-19T00:00:00Z,IT-AMZ-01,1043
2024-04-19T00:00:00Z,FR-WEB-01,1086
2024-04-19T00:00:00Z,DE-WEB-01,1124
2024-04-20T00:00:00Z,IT-MIL-01,890
2024-04-20T00:00:00Z,IT-BER-01,823
2024-04-20T00:00:00Z,IT-BRE-01,786
2024-04-20T00:00:00Z,IT-TUR-01,769
2024-04-20T00:00:00Z,IT-GEN-01,883
2024-04-20T00:00:00Z,IT-BOL-01,830
2024-04-20T00:00:00Z,IT-FIR-01,797
2024-04-20T00:00:00Z,IT-ROM-01,774
2024-04-20T00:00:00Z,IT-NAP-01,823
2024-04-20T00:00:00Z,IT-BAR-01,807
2024-04-20T00:00:00Z,IT-PAL-01,898
2024-04-20T00:00:00Z,IT-VER-01,806
2024-04-20T00:00:00Z,IT-WEB-01,1137
2024-04-20T00:00:00Z,IT-AMZ-01,1148
2024-04-20T00:00:00Z,FR-WEB-01,1112
2024-04-20T00:00:00Z,DE-WEB-01,1203
2024-04-21T00:00:00Z,IT-MIL-01,863
2024-04-21T00:00:00Z,IT-BER-01,741
2024-04-21T00:00:00Z,IT-BRE-01,792
2024-04-21T00:00:00Z,IT-TUR-01,752
2024-04-21T00:00:00Z,IT-GEN-01,775
2024-04-21T00:00:00Z,IT-BOL-01,817
2024-04-21T00:00:00Z,IT-FIR-01,840
2024-04-21T00:00:00Z,IT-ROM-01,866
2024-04-21T00:00:00Z,IT-NAP-01,866
2024-04-21T00:00:00Z,IT-BAR-01,751
2024-04-21T00:00:00Z,IT-PAL-01,733
2024-04-21T00:00:00Z,IT-VER-01,798
2024-04-21T00:00:00Z,IT-WEB-01,1188
2024-04-21T00:00:00Z,IT-AMZ-01,1207
2024-04-21T00:00:00Z,FR-WEB-01,1194
2024-04-21T00:00:00Z,DE-WEB-01,1134
2024-04-22T00:00:00Z,IT-MIL-01,794
2024-04-22T00:00:00Z,IT-BER-01,649
2024-04-22T00:00:00Z,IT-BRE-01,780
2024-04-22T00:00:00Z,IT-TUR-01,685
2024-04-22T00:00:00Z,IT-GEN-01,786
2024-04-22T00:00:00Z,IT-BOL-01,741
2024-04-22T00:00:00Z,IT-FIR-01,642
2024-04-22T00:00:00Z,IT-ROM-01,662
2024-04-22T00:00:00Z,IT-NAP-01,750
2024-04-22T00:00:00Z,IT-BAR-01,636
2024-04-22T00:00:00Z,IT-PAL-01,747
2024-04-22T00:00:00Z,IT-VER-01,671
2024-04-22T00:00:00Z,IT-WEB-01,1078
2024-04-22T00:00:00Z,IT-AMZ-01,972
2024-04-22T00:00:00Z,FR-WEB-01,1107
2024-04-22T00:00:00Z,DE-WEB-01,994
2024-04-23T00:00:00Z,IT-MIL-01,773
2024-04-23T00:00:00Z,IT-BER-01,783
2024-04-23T00:00:00Z,IT-BRE-01,738
2024-04-23T00:00:00Z,IT-TUR-01,732
2024-04-23T00:00:00Z,IT-GEN-01,730
2024-04-23T00:00:00Z,IT-BOL-01,693
2024-04-23T00:00:00Z,IT-FIR-01,753
2024-04-23T00:00:00Z,IT-ROM-01,746
2024-04-23T00:00:00Z,IT-NAP-01,692
2024-04-23T00:00:00Z,IT-BAR-01,674
2024-04-23T00:00:00Z,IT-PAL-01,752
2024-04-23T00:00:00Z,IT-VER-01,660
2024-04-23T00:00:00Z,IT-WEB-01,1095
2024-04-23T00:00:00Z,IT-AMZ-01,1080
2024-04-23T00:00:00Z,FR-WEB-01,1054
2024-04-23T00:00:00Z,DE-WEB-01,1084
2024-04-24T00:00:00Z,IT-MIL-01,780
2024-04-24T00:00:00Z,IT-BER-01,795
2024-04-24T00:00:00Z,IT-BRE-01,666
2024-04-24T00:00:00Z,IT-TUR-01,747
2024-04-24T00:00:00Z,IT-GEN-01,687
2024-04-24T00:00:00Z,IT-BOL-01,662
2024-04-24T00:00:00Z,IT-FIR-01,697
2024-04-24T00:00:00Z,IT-ROM-01,716
2024-04-24T00:00:00Z,IT-NAP-01,790
2024-04-24T00:00:00Z,IT-BAR-01,645
2024-04-24T00:00:00Z,IT-PAL-01,800
2024-04-24T00:00:00Z,IT-VER-01,775
2024-04-24T00:00:00Z,IT-WEB-01,985
2024-04-24T00:00:00Z,IT-AMZ-01,1048
2024-04-24T00:00:00Z,FR-WEB-01,1051
2024-04-24T00:00:00Z,DE-WEB-01,1052
2024-04-25T00:00:00Z,IT-MIL-01,699
2024-04-25T00:00:00Z,IT-BER-01,725
2024-04-25T00:00:00Z,IT-BRE-01,638
2024-04-25T00:00:00Z,IT-TUR-01,773
2024-04-25T00:00:00Z,IT-GEN-01,668
2024-04-25T00:00:00Z,IT-BOL-01,694
2024-04-25T00:00:00Z,IT-FIR-01,738
2024-04-25T00:00:00Z,IT-ROM-01,679
2024-04-25T00:00:00Z,IT-NAP-01,671
2024-04-25T00:00:00Z,IT-BAR-01,722
2024-04-25T00:00:00Z,IT-PAL-01,760
2024-04-25T00:00:00Z,IT-VER-01,692
2024-04-25T00:00:00Z,IT-WEB-01,1108
2024-04-25T00:00:00Z,IT-AMZ-01,1059
2024-04-25T00:00:00Z,FR-WEB-01,980
2024-04-25T00:00:00Z,DE-WEB-01,1068
2024-04-26T00:00:00Z,IT-MIL-01,663
2024-04-26T00:00:00Z,IT-BER-01,767
2024-04-26T00:00:00Z,IT-BRE-01,750
2024-04-26T00:00:00Z,IT-TUR-01,718
2024-04-26T00:00:00Z,IT-GEN-01,648
2024-04-26T00:00:00Z,IT-BOL-01,765
2024-04-26T00:00:00Z,IT-FIR-01,744
2024-04-26T00:00:00Z,IT-ROM-01,720
2024-04-26T00:00:00Z,IT-NAP-01,784
2024-04-26T00:00:00Z,IT-BAR-01,728
2024-04-26T00:00:00Z,IT-PAL-01,698
2024-04-26T00:00:00Z,IT-VER-01,716
2024-04-26T00:00:00Z,IT-WEB-01,980
2024-04-26T00:00:00Z,IT-AMZ-01,1052
2024-04-26T00:00:00Z,FR-WEB-01,1044
2024-04-26T00:00:00Z,DE-WEB-01,996
2024-04-27T00:00:00Z,IT-MIL-01,875
2024-04-27T00:00:00Z,IT-BER-01,871
2024-04-27T00:00:00Z,IT-BRE-01,845
2024-04-27T00:00:00Z,IT-TUR-01,860
2024-04-27T00:00:00Z,IT-GEN-01,857
2024-04-27T00:00:00Z,IT-BOL-01,805
2024-04-27T00:00:00Z,IT-FIR-01,817
2024-04-27T00:00:00Z,IT-ROM-01,820
2024-04-27T00:00:00Z,IT-NAP-01,774
2024-04-27T00:00:00Z,IT-BAR-01,830
2024-04-27T00:00:00Z,IT-PAL-01,817
2024-04-27T00:00:00Z,IT-VER-01,831
2024-04-27T00:00:00Z,IT-WEB-01,1128
2024-04-27T00:00:00Z,IT-AMZ-01,1103
2024-04-27T00:00:00Z,FR-WEB-01,1191
2024-04-27T00:00:00Z,DE-WEB-01,1066
2024-04-28T00:00:00Z,IT-MIL-01,752
2024-04-28T00:00:00Z,IT-BER-01,890
2024-04-28T00:00:00Z,IT-BRE-01,831
2024-04-28T00:00:00Z,IT-TUR-01,757
2024-04-28T00:00:00Z,IT-GEN-01,833
2024-04-28T00:00:00Z,IT-BOL-01,730
2024-04-28T00:00:00Z,IT-FIR-01,735
2024-04-28T00:00:00Z,IT-ROM-01,779
2024-04-28T00:00:00Z,IT-NAP-01,810
2024-04-28T00:00:00Z,IT-BAR-01,811
2024-04-28T00:00:00Z,IT-PAL-01,743
2024-04-28T00:00:00Z,IT-VER-01,837
2024-04-28T00:00:00Z,IT-WEB-01,1120
2024-04-28T00:00:00Z,IT-AMZ-01,1112
2024-04-28T00:00:00Z,FR-WEB-01,1068
2024-04-28T00:00:00Z,DE-WEB-01,1195
2024-04-29T00:00:00Z,IT-MIL-01,685
2024-04-29T00:00:00Z,IT-BER-01,787
2024-04-29T00:00:00Z,IT-BRE-01,716
2024-04-29T00:00:00Z,IT-TUR-01,770
2024-04-29T00:00:00Z,IT-GEN-01,701
2024-04-29T00:00:00Z,IT-BOL-01,731
2024-04-29T00:00:00Z,IT-FIR-01,758
2024-04-29T00:00:00Z,IT-ROM-01,679
2024-04-29T00:00:00Z,IT-NAP-01,661
2024-04-29T00:00:00Z,IT-BAR-01,674
2024-04-29T00:00:00Z,IT-PAL-01,645
2024-04-29T00:00:00Z,IT-VER-01,688
2024-04-29T00:00:00Z,IT-WEB-01,1026
2024-04-29T00:00:00Z,IT-AMZ-01,1026
2024-04-29T00:00:00Z,FR-WEB-01,1035
2024-04-29T00:00:00Z,DE-WEB-01,991
2024-04-30T00:00:00Z,IT-MIL-01,756
2024-04-30T00:00:00Z,IT-BER-01,636
2024-04-30T00:00:00Z,IT-BRE-01,755
2024-04-30T00:00:00Z,IT-TUR-01,719
2024-04-30T00:00:00Z,IT-GEN-01,796
2024-04-30T00:00:00Z,IT-BOL-01,671
2024-04-30T00:00:00Z,IT-FIR-01,685
2024-04-30T00:00:00Z,IT-ROM-01,726
2024-04-30T00:00:00Z,IT-NAP-01,799
2024-04-30T00:00:00Z,IT-BAR-01,755
2024-04-30T00:00:00Z,IT-PAL-01,797
2024-04-30T00:00:00Z,IT-VER-01,752
2024-04-30T00:00:00Z,IT-WEB-01,1021
2024-04-30T00:00:00Z,IT-AMZ-01,1045
2024-04-30T00:00:00Z,FR-WEB-01,1133
2024-04-30T00:00:00Z,DE-WEB-01,1025
2024-05-01T00:00:00Z,IT-MIL-01,699
2024-05-01T00:00:00Z,IT-BER-01,769
2024-05-01T00:00:00Z,IT-BRE-01,688
2024-05-01T00:00:00Z,IT-TUR-01,662
2024-05-01T00:00:00Z,IT-GEN-01,658
2024-05-01T00:00:00Z,IT-BOL-01,677
2024-05-01T00:00:00Z,IT-FIR-01,799
2024-05-01T00:00:00Z,IT-ROM-01,805
2024-05-01T00:00:00Z,IT-NAP-01,701
2024-05-01T00:00:00Z,IT-BAR-01,670
2024-05-01T00:00:00Z,IT-PAL-01,721
2024-05-01T00:00:00Z,IT-VER-01,787
2024-05-01T00:00:00Z,IT-WEB-01,1083
2024-05-01T00:00:00Z,IT-AMZ-01,986
2024-05-01T00:00:00Z,FR-WEB-01,999
2024-05-01T00:00:00Z,DE-WEB-01,1083
2024-05-02T00:00:00Z,IT-MIL-01,688
2024-05-02T00:00:00Z,IT-BER-01,799
2024-05-02T00:00:00Z,IT-BRE-01,671
2024-05-02T00:00:00Z,IT-TUR-01,778
2024-05-02T00:00:00Z,IT-GEN-01,640
2024-05-02T00:00:00Z,IT-BOL-01,722
2024-05-02T00:00:00Z,IT-FIR-01,771
2024-05-02T00:00:00Z,IT-ROM-01,757
2024-05-02T00:00:00Z,IT-NAP-01,775
2024-05-02T00:00:00Z,IT-BAR-01,787
2024-05-02T00:00:00Z,IT-PAL-01,724
2024-05-02T00:00:00Z,IT-VER-01,794
2024-05-02T00:00:00Z,IT-WEB-01,981
2024-05-02T00:00:00Z,IT-AMZ-01,1015
2024-05-02T00:00:00Z,FR-WEB-01,1109
2024-05-02T00:00:00Z,DE-WEB-01,1090
2024-05-03T00:00:00Z,IT-MIL-01,699
2024-05-03T00:00:00Z,IT-BER-01,731
2024-05-03T00:00:00Z,IT-BRE-01,798
2024-05-03T00:00:00Z,IT-TUR-01,770
2024-05-03T00:00:00Z,IT-GEN-01,773
2024-05-03T00:00:00Z,IT-BOL-01,714
2024-05-03T00:00:00Z,IT-FIR-01,635
2024-05-03T00:00:00Z,IT-ROM-01,643
2024-05-03T00:00:00Z,IT-NAP-01,802
2024-05-03T00:00:00Z,IT-BAR-01,752
2024-05-03T00:00:00Z,IT-PAL-01,649
2024-05-03T00:00:00Z,IT-VER-01,704
2024-05-03T00:00:00Z,IT-WEB-01,992
2024-05-03T00:00:00Z,IT-AMZ-01,1067
2024-05-03T00:00:00Z,FR-WEB-01,981
2024-05-03T00:00:00Z,DE-WEB-01,1115
2024-05-04T00:00:00Z,IT-MIL-01,784
2024-05-04T00:00:00Z,IT-BER-01,894
2024-05-04T00:00:00Z,IT-BRE-01,898
2024-05-04T00:00:00Z,IT-TUR-01,860
2024-05-04T00:00:00Z,IT-GEN-01,732
2024-05-04T00:00:00Z,IT-BOL-01,792
2024-05-04T00:00:00Z,IT-FIR-01,798
2024-05-04T00:00:00Z,IT-ROM-01,736
2024-05-04T00:00:00Z,IT-NAP-01,823
2024-05-04T00:00:00Z,IT-BAR-01,865
2024-05-04T00:00:00Z,IT-PAL-01,807
2024-05-04T00:00:00Z,IT-VER-01,835
2024-05-04T00:00:00Z,IT-WEB-01,1077
2024-05-04T00:00:00Z,IT-AMZ-01,1154
2024-05-04T00:00:00Z,FR-WEB-01,1104
2024-05-04T00:00:00Z,DE-WEB-01,1169
2024-05-05T00:00:00Z,IT-MIL-01,876
2024-05-05T00:00:00Z,IT-BER-01,769
2024-05-05T00:00:00Z,IT-BRE-01,855
2024-05-05T00:00:00Z,IT-TUR-01,814
2024-05-05T00:00:00Z,IT-GEN-01,787
2024-05-05T00:00:00Z,IT-BOL-01,834
2024-05-05T00:00:00Z,IT-FIR-01,786
2024-05-05T00:00:00Z,IT-ROM-01,736
2024-05-05T00:00:00Z,IT-NAP-01,740
2024-05-05T00:00:00Z,IT-BAR-01,846
2024-05-05T00:00:00Z,IT-PAL-01,744
2024-05-05T00:00:00Z,IT-VER-01,787
2024-05-05T00:00:00Z,IT-WEB-01,1178
2024-05-05T00:00:00Z,IT-AMZ-01,1127
2024-05-05T00:00:00Z,FR-WEB-01,1156
2024-05-05T00:00:00Z,DE-WEB-01,1199
2024-05-06T00:00:00Z,IT-MIL-01,691
2024-05-06T00:00:00Z,IT-BER-01,776
2024-05-06T00:00:00Z,IT-BRE-01,678
2024-05-06T00:00:00Z,IT-TUR-01,684
2024-05-06T00:00:00Z,IT-GEN-01,710
2024-05-06T00:00:00Z,IT-BOL-01,782
2024-05-06T00:00:00Z,IT-FIR-01,651
2024-05-06T00:00:00Z,IT-ROM-01,726
2024-05-06T00:00:00Z,IT-NAP-01,759
2024-05-06T00:00:00Z,IT-BAR-01,732
2024-05-06T00:00:00Z,IT-PAL-01,636
2024-05-06T00:00:00Z,IT-VER-01,690
2024-05-06T00:00:00Z,IT-WEB-01,973
2024-05-06T00:00:00Z,IT-AMZ-01,1118
2024-05-06T00:00:00Z,FR-WEB-01,1086
2024-05-06T00:00:00Z,DE-WEB-01,1000
2024-05-07T00:00:00Z,IT-MIL-01,686
2024-05-07T00:00:00Z,IT-BER-01,691
2024-05-07T00:00:00Z,IT-BRE-01,804
2024-05-07T00:00:00Z,IT-TUR-01,752
2024-05-07T00:00:00Z,IT-GEN-01,659
2024-05-07T00:00:00Z,IT-BOL-01,690
2024-05-07T00:00:00Z,IT-FIR-01,667
2024-05-07T00:00:00Z,IT-ROM-01,777
2024-05-07T00:00:00Z,IT-NAP-01,732
2024-05-07T00:00:00Z,IT-BAR-01,694
2024-05-07T00:00:00Z,IT-PAL-01,720
2024-05-07T00:00:00Z,IT-VER-01,648
2024-05-07T00:00:00Z,IT-WEB-01,1004
2024-05-07T00:00:00Z,IT-AMZ-01,1008
2024-05-07T00:00:00Z,FR-WEB-01,1084
2024-05-07T00:00:00Z,DE-WEB-01,1126
2024-05-08T00:00:00Z,IT-MIL-01,779
2024-05-08T00:00:00Z,IT-BER-01,663
2024-05-08T00:00:00Z,IT-BRE-01,711
2024-05-08T00:00:00Z,IT-TUR-01,706
2024-05-08T00:00:00Z,IT-GEN-01,704
2024-05-08T00:00:00Z,IT-BOL-01,764
2024-05-08T00:00:00Z,IT-FIR-01,762
2024-05-08T00:00:00Z,IT-ROM-01,735
2024-05-08T00:00:00Z,IT-NAP-01,705
2024-05-08T00:00:00Z,IT-BAR-01,635
2024-05-08T00:00:00Z,IT-PAL-01,693
2024-05-08T00:00:00Z,IT-VER-01,685
2024-05-08T00:00:00Z,IT-WEB-01,998
2024-05-08T00:00:00Z,IT-AMZ-01,1045
2024-05-08T00:00:00Z,FR-WEB-01,1032
2024-05-08T00:00:00Z,DE-WEB-01,988
2024-05-09T00:00:00Z,IT-MIL-01,789
2024-05-09T00:00:00Z,IT-BER-01,661
2024-05-09T00:00:00Z,IT-BRE-01,678
2024-05-09T00:00:00Z,IT-TUR-01,774
2024-05-09T00:00:00Z,IT-GEN-01,705
2024-05-09T00:00:00Z,IT-BOL-01,793
2024-05-09T00:00:00Z,IT-FIR-01,712
2024-05-09T00:00:00Z,IT-ROM-01,636
2024-05-09T00:00:00Z,IT-NAP-01,734
2024-05-09T00:00:00Z,IT-BAR-01,786
2024-05-09T00:00:00Z,IT-PAL-01,742
2024-05-09T00:00:00Z,IT-VER-01,787
2024-05-09T00:00:00Z,IT-WEB-01,1043
2024-05-09T00:00:00Z,IT-AMZ-01,1043
2024-05-09T00:00:00Z,FR-WEB-01,1057
2024-05-09T00:00:00Z,DE-WEB-01,1012
2024-05-10T00:00:00Z,IT-MIL-01,719
2024-05-10T00:00:00Z,IT-BER-01,668
2024-05-10T00:00:00Z,IT-BRE-01,663
2024-05-10T00:00:00Z,IT-TUR-01,715
2024-05-10T00:00:00Z,IT-GEN-01,661
2024-05-10T00:00:00Z,IT-BOL-01,782
2024-05-10T00:00:00Z,IT-FIR-01,694
2024-05-10T00:00:00Z,IT-ROM-01,707
2024-05-10T00:00:00Z,IT-NAP-01,736
2024-05-10T00:00:00Z,IT-BAR-01,640
2024-05-10T00:00:00Z,IT-PAL-01,730
2024-05-10T00:00:00Z,IT-VER-01,690
2024-05-10T00:00:00Z,IT-WEB-01,1025
2024-05-10T00:00:00Z,IT-AMZ-01,1027
2024-05-10T00:00:00Z,FR-WEB-01,992
2024-05-10T00:00:00Z,DE-WEB-01,1058
2024-05-11T00:00:00Z,IT-MIL-01,761
2024-05-11T00:00:00Z,IT-BER-01,798
2024-05-11T00:00:00Z,IT-BRE-01,879
2024-05-11T00:00:00Z,IT-TUR-01,735
2024-05-11T00:00:00Z,IT-GEN-01,760
2024-05-11T00:00:00Z,IT-BOL-01,736
2024-05-11T00:00:00Z,IT-FIR-01,896
2024-05-11T00:00:00Z,IT-ROM-01,856
2024-05-11T00:00:00Z,IT-NAP-01,776
2024-05-11T00:00:00Z,IT-BAR-01,848
2024-05-11T00:00:00Z,IT-PAL-01,878
2024-05-11T00:00:00Z,IT-VER-01,786
2024-05-11T00:00:00Z,IT-WEB-01,1121
2024-05-11T00:00:00Z,IT-AMZ-01,1109
2024-05-11T00:00:00Z,FR-WEB-01,1211
2024-05-11T00:00:00Z,DE-WEB-01,1082
2024-05-12T00:00:00Z,IT-MIL-01,829
2024-05-12T00:00:00Z,IT-BER-01,758
2024-05-12T00:00:00Z,IT-BRE-01,743
2024-05-12T00:00:00Z,IT-TUR-01,755
2024-05-12T00:00:00Z,IT-GEN-01,897
2024-05-12T00:00:00Z,IT-BOL-01,890
2024-05-12T00:00:00Z,IT-FIR-01,801
2024-05-12T00:00:00Z,IT-ROM-01,732
2024-05-12T00:00:00Z,IT-NAP-01,882
2024-05-12T00:00:00Z,IT-BAR-01,884
2024-05-12T00:00:00Z,IT-PAL-01,738
2024-05-12T00:00:00Z,IT-VER-01,758
2024-05-12T00:00:00Z,IT-WEB-01,1169
2024-05-12T00:00:00Z,IT-AMZ-01,1103
2024-05-12T00:00:00Z,FR-WEB-01,1082
2024-05-12T00:00:00Z,DE-WEB-01,1063
2024-05-13T00:00:00Z,IT-MIL-01,668
2024-05-13T00:00:00Z,IT-BER-01,683
2024-05-13T00:00:00Z,IT-BRE-01,741
2024-05-13T00:00:00Z,IT-TUR-01,636
2024-05-13T00:00:00Z,IT-GEN-01,708
2024-05-13T00:00:00Z,IT-BOL-01,706
2024-05-13T00:00:00Z,IT-FIR-01,697
2024-05-13T00:00:00Z,IT-ROM-01,756
2024-05-13T00:00:00Z,IT-NAP-01,661
2024-05-13T00:00:00Z,IT-BAR-01,647
2024-05-13T00:00:00Z,IT-PAL-01,712
2024-05-13T00:00:00Z,IT-VER-01,794
2024-05-13T00:00:00Z,IT-WEB-01,1032
2024-05-13T00:00:00Z,IT-AMZ-01,1124
2024-05-13T00:00:00Z,FR-WEB-01,1115
2024-05-13T00:00:00Z,DE-WEB-01,1003
2024-05-14T00:00:00Z,IT-MIL-01,719
2024-05-14T00:00:00Z,IT-BER-01,662
2024-05-14T00:00:00Z,IT-BRE-01,723
2024-05-14T00:00:00Z,IT-TUR-01,742
2024-05-14T00:00:00Z,IT-GEN-01,716
2024-05-14T00:00:00Z,IT-BOL-01,782
2024-05-14T00:00:00Z,IT-FIR-01,638
2024-05-14T00:00:00Z,IT-ROM-01,637
2024-05-14T00:00:00Z,IT-NAP-01,648
2024-05-14T00:00:00Z,IT-BAR-01,760
2024-05-14T00:00:00Z,IT-PAL-01,662
2024-05-14T00:00:00Z,IT-VER-01,683
2024-05-14T00:00:00Z,IT-WEB-01,1078
2024-05-14T00:00:00Z,IT-AMZ-01,1046
2024-05-14T00:00:00Z,FR-WEB-01,1080
2024-05-14T00:00:00Z,DE-WEB-01,1077
2024-05-15T00:00:00Z,IT-MIL-01,639
2024-05-15T00:00:00Z,IT-BER-01,752
2024-05-15T00:00:00Z,IT-BRE-01,728
2024-05-15T00:00:00Z,IT-TUR-01,636
2024-05-15T00:00:00Z,IT-GEN-01,791
2024-05-15T00:00:00Z,IT-BOL-01,791
2024-05-15T00:00:00Z,IT-FIR-01,713
2024-05-15T00:00:00Z,IT-ROM-01,751
2024-05-15T00:00:00Z,IT-NAP-01,738
2024-05-15T00:00:00Z,IT-BAR-01,758
2024-05-15T00:00:00Z,IT-PAL-01,654
2024-05-15T00:00:00Z,IT-VER-01,788
2024-05-15T00:00:00Z,IT-WEB-01,972
2024-05-15T00:00:00Z,IT-AMZ-01,1081
2024-05-15T00:00:00Z,FR-WEB-01,979
2024-05-15T00:00:00Z,DE-WEB-01,978
2024-05-16T00:00:00Z,IT-MIL-01,637
2024-05-16T00:00:00Z,IT-BER-01,669
2024-05-16T00:00:00Z,IT-BRE-01,780
2024-05-16T00:00:00Z,IT-TUR-01,660
2024-05-16T00:00:00Z,IT-GEN-01,730
2024-05-16T00:00:00Z,IT-BOL-01,710
2024-05-16T00:00:00Z,IT-FIR-01,748
2024-05-16T00:00:00Z,IT-ROM-01,742
2024-05-16T00:00:00Z,IT-NAP-01,669
2024-05-16T00:00:00Z,IT-BAR-01,732
2024-05-16T00:00:00Z,IT-PAL-01,775
2024-05-16T00:00:00Z,IT-VER-01,706
2024-05-16T00:00:00Z,IT-WEB-01,1119
2024-05-16T00:00:00Z,IT-AMZ-01,1025
2024-05-16T00:00:00Z,FR-WEB-01,1101
2024-05-16T00:00:00Z,DE-WEB-01,1040
2024-05-17T00:00:00Z,IT-MIL-01,756
2024-05-17T00:00:00Z,IT-BER-01,680
2024-05-17T00:00:00Z,IT-BRE-01,646
2024-05-17T00:00:00Z,IT-TUR-01,792
2024-05-17T00:00:00Z,IT-GEN-01,689
2024-05-17T00:00:00Z,IT-BOL-01,781
2024-05-17T00:00:00Z,IT-FIR-01,649
2024-05-17T00:00:00Z,IT-ROM-01,768
2024-05-17T00:00:00Z,IT-NAP-01,643
2024-05-17T00:00:00Z,IT-BAR-01,684
2024-05-17T00:00:00Z,IT-PAL-01,643
2024-05-17T00:00:00Z,IT-VER-01,771
2024-05-17T00:00:00Z,IT-WEB-01,1037
2024-05-17T00:00:00Z,IT-AMZ-01,1075
2024-05-17T00:00:00Z,FR-WEB-01,1100
2024-05-17T00:00:00Z,DE-WEB-01,1091
2024-05-18T00:00:00Z,IT-MIL-01,850
2024-05-18T00:00:00Z,IT-BER-01,797
2024-05-18T00:00:00Z,IT-BRE-01,760
2024-05-18T00:00:00Z,IT-TUR-01,838
2024-05-18T00:00:00Z,IT-GEN-01,736
2024-05-18T00:00:00Z,IT-BOL-01,763
2024-05-18T00:00:00Z,IT-FIR-01,890
2024-05-18T00:00:00Z,IT-ROM-01,856
2024-05-18T00:00:00Z,IT-NAP-01,878
2024-05-18T00:00:00Z,IT-BAR-01,766
2024-05-18T00:00:00Z,IT-PAL-01,854
2024-05-18T00:00:00Z,IT-VER-01,805
2024-05-18T00:00:00Z,IT-WEB-01,1118
2024-05-18T00:00:00Z,IT-AMZ-01,1174
2024-05-18T00:00:00Z,FR-WEB-01,1133
2024-05-18T00:00:00Z,DE-WEB-01,1088
2024-05-19T00:00:00Z,IT-MIL-01,881
2024-05-19T00:00:00Z,IT-BER-01,857
2024-05-19T00:00:00Z,IT-BRE-01,782
2024-05-19T00:00:00Z,IT-TUR-01,793
2024-05-19T00:00:00Z,IT-GEN-01,797
2024-05-19T00:00:00Z,IT-BOL-01,841
2024-05-19T00:00:00Z,IT-FIR-01,809
2024-05-19T00:00:00Z,IT-ROM-01,771
2024-05-19T00:00:00Z,IT-NAP-01,731
2024-05-19T00:00:00Z,IT-BAR-01,793
2024-05-19T00:00:00Z,IT-PAL-01,806
2024-05-19T00:00:00Z,IT-VER-01,789
2024-05-19T00:00:00Z,IT-WEB-01,1216
2024-05-19T00:00:00Z,IT-AMZ-01,1206
2024-05-19T00:00:00Z,FR-WEB-01,1171
2024-05-19T00:00:00Z,DE-WEB-01,1061
2024-05-20T00:00:00Z,IT-MIL-01,763
2024-05-20T00:00:00Z,IT-BER-01,740
2024-05-20T00:00:00Z,IT-BRE-01,643
2024-05-20T00:00:00Z,IT-TUR-01,717
2024-05-20T00:00:00Z,IT-GEN-01,777
2024-05-20T00:00:00Z,IT-BOL-01,692
2024-05-20T00:00:00Z,IT-FIR-01,759
2024-05-20T00:00:00Z,IT-ROM-01,706
2024-05-20T00:00:00Z,IT-NAP-01,784
2024-05-20T00:00:00Z,IT-BAR-01,669
2024-05-20T00:00:00Z,IT-PAL-01,766
2024-05-20T00:00:00Z,IT-VER-01,651
2024-05-20T00:00:00Z,IT-WEB-01,1049
2024-05-20T00:00:00Z,IT-AMZ-01,1011
2024-05-20T00:00:00Z,FR-WEB-01,996
2024-05-20T00:00:00Z,DE-WEB-01,982
2024-05-21T00:00:00Z,IT-MIL-01,653
2024-05-21T00:00:00Z,IT-BER-01,769
2024-05-21T00:00:00Z,IT-BRE-01,790
2024-05-21T00:00:00Z,IT-TUR-01,711
2024-05-21T00:00:00Z,IT-GEN-01,660
2024-05-21T00:00:00Z,IT-BOL-01,778
2024-05-21T00:00:00Z,IT-FIR-01,663
2024-05-21T00:00:00Z,IT-ROM-01,786
2024-05-21T00:00:00Z,IT-NAP-01,665
2024-05-21T00:00:00Z,IT-BAR-01,752
2024-05-21T00:00:00Z,IT-PAL-01,721
2024-05-21T00:00:00Z,IT-VER-01,698
2024-05-21T00:00:00Z,IT-WEB-01,1078
2024-05-21T00:00:00Z,IT-AMZ-01,1024
2024-05-21T00:00:00Z,FR-WEB-01,1062
2024-05-21T00:00:00Z,DE-WEB-01,1045
2024-05-22T00:00:00Z,IT-MIL-01,797
2024-05-22T00:00:00Z,IT-BER-01,777
2024-05-22T00:00:00Z,IT-BRE-01,770
2024-05-22T00:00:00Z,IT-TUR-01,779
2024-05-22T00:00:00Z,IT-GEN-01,709
2024-05-22T00:00:00Z,IT-BOL-01,794
2024-05-22T00:00:00Z,IT-FIR-01,714
2024-05-22T00:00:00Z,IT-ROM-01,658
2024-05-22T00:00:00Z,IT-NAP-01,663
2024-05-22T00:00:00Z,IT-BAR-01,796
2024-05-22T00:00:00Z,IT-PAL-01,649
2024-05-22T00:00:00Z,IT-VER-01,801
2024-05-22T00:00:00Z,IT-WEB-01,974
2024-05-22T00:00:00Z,IT-AMZ-01,1036
2024-05-22T00:00:00Z,FR-WEB-01,1085
2024-05-22T00:00:00Z,DE-WEB-01,1059
2024-05-23T00:00:00Z,IT-MIL-01,740
2024-05-23T00:00:00Z,IT-BER-01,746
2024-05-23T00:00:00Z,IT-BRE-01,742
2024-05-23T00:00:00Z,IT-TUR-01,716
2024-05-23T00:00:00Z,IT-GEN-01,793
2024-05-23T00:00:00Z,IT-BOL-01,736
2024-05-23T00:00:00Z,IT-FIR-01,744
2024-05-23T00:00:00Z,IT-ROM-01,765
2024-05-23T00:00:00Z,IT-NAP-01,785
2024-05-23T00:00:00Z,IT-BAR-01,794
2024-05-23T00:00:00Z,IT-PAL-01,750
2024-05-23T00:00:00Z,IT-VER-01,665
2024-05-23T00:00:00Z,IT-WEB-01,1055
2024-05-23T00:00:00Z,IT-AMZ-01,1059
2024-05-23T00:00:00Z,FR-WEB-01,1080
2024-05-23T00:00:00Z,DE-WEB-01,1049
2024-05-24T00:00:00Z,IT-MIL-01,653
2024-05-24T00:00:00Z,IT-BER-01,794
2024-05-24T00:00:00Z,IT-BRE-01,685
2024-05-24T00:00:00Z,IT-TUR-01,791
2024-05-24T00:00:00Z,IT-GEN-01,672
2024-05-24T00:00:00Z,IT-BOL-01,720
2024-05-24T00:00:00Z,IT-FIR-01,771
2024-05-24T00:00:00Z,IT-ROM-01,673
2024-05-24T00:00:00Z,IT-NAP-01,687
2024-05-24T00:00:00Z,IT-BAR-01,745
2024-05-24T00:00:00Z,IT-PAL-01,730
2024-05-24T00:00:00Z,IT-VER-01,646
2024-05-24T00:00:00Z,IT-WEB-01,1104
2024-05-24T00:00:00Z,IT-AMZ-01,1085
2024-05-24T00:00:00Z,FR-WEB-01,1019
2024-05-24T00:00:00Z,DE-WEB-01,1068
2024-05-25T00:00:00Z,IT-MIL-01,795
2024-05-25T00:00:00Z,IT-BER-01,732
2024-05-25T00:00:00Z,IT-BRE-01,754
2024-05-25T00:00:00Z,IT-TUR-01,847
2024-05-25T00:00:00Z,IT-GEN-01,816
2024-05-25T00:00:00Z,IT-BOL-01,854
2024-05-25T00:00:00Z,IT-FIR-01,826
2024-05-25T00:00:00Z,IT-ROM-01,745
2024-05-25T00:00:00Z,IT-NAP-01,807
2024-05-25T00:00:00Z,IT-BAR-01,734
2024-05-25T00:00:00Z,IT-PAL-01,790
2024-05-25T00:00:00Z,IT-VER-01,842
2024-05-25T00:00:00Z,IT-WEB-01,1112
2024-05-25T00:00:00Z,IT-AMZ-01,1153
2024-05-25T00:00:00Z,FR-WEB-01,1087
2024-05-25T00:00:00Z,DE-WEB-01,1120
2024-05-26T00:00:00Z,IT-MIL-01,772
2024-05-26T00:00:00Z,IT-BER-01,872
2024-05-26T00:00:00Z,IT-BRE-01,883
2024-05-26T00:00:00Z,IT-TUR-01,762
2024-05-26T00:00:00Z,IT-GEN-01,798
2024-05-26T00:00:00Z,IT-BOL-01,779
2024-05-26T00:00:00Z,IT-FIR-01,858
2024-05-26T00:00:00Z,IT-ROM-01,883
2024-05-26T00:00:00Z,IT-NAP-01,795
2024-05-26T00:00:00Z,IT-BAR-01,868
2024-05-26T00:00:00Z,IT-PAL-01,848
2024-05-26T00:00:00Z,IT-VER-01,891
2024-05-26T00:00:00Z,IT-WEB-01,1102
2024-05-26T00:00:00Z,IT-AMZ-01,1219
2024-05-26T00:00:00Z,FR-WEB-01,1061
2024-05-26T00:00:00Z,DE-WEB-01,1142
2024-05-27T00:00:00Z,IT-MIL-01,764
2024-05-27T00:00:00Z,IT-BER-01,654
2024-05-27T00:00:00Z,IT-BRE-01,742
2024-05-27T00:00:00Z,IT-TUR-01,781
2024-05-27T00:00:00Z,IT-GEN-01,667
2024-05-27T00:00:00Z,IT-BOL-01,657
2024-05-27T00:00:00Z,IT-FIR-01,783
2024-05-27T00:00:00Z,IT-ROM-01,757
2024-05-27T00:00:00Z,IT-NAP-01,763
2024-05-27T00:00:00Z,IT-BAR-01,639
2024-05-27T00:00:00Z,IT-PAL-01,798
2024-05-27T00:00:00Z,IT-VER-01,741
2024-05-27T00:00:00Z,IT-WEB-01,1027
2024-05-27T00:00:00Z,IT-AMZ-01,1104
2024-05-27T00:00:00Z,FR-WEB-01,1024
2024-05-27T00:00:00Z,DE-WEB-01,1071
2024-05-28T00:00:00Z,IT-MIL-01,710
2024-05-28T00:00:00Z,IT-BER-01,778
2024-05-28T00:00:00Z,IT-BRE-01,654
2024-05-28T00:00:00Z,IT-TUR-01,712
2024-05-28T00:00:00Z,IT-GEN-01,782
2024-05-28T00:00:00Z,IT-BOL-01,730
2024-05-28T00:00:00Z,IT-FIR-01,659
2024-05-28T00:00:00Z,IT-ROM-01,791
2024-05-28T00:00:00Z,IT-NAP-01,683
2024-05-28T00:00:00Z,IT-BAR-01,651
2024-05-28T00:00:00Z,IT-PAL-01,684
2024-05-28T00:00:00Z,IT-VER-01,636
2024-05-28T00:00:00Z,IT-WEB-01,973
2024-05-28T00:00:00Z,IT-AMZ-01,1122
2024-05-28T00:00:00Z,FR-WEB-01,1010
2024-05-28T00:00:00Z,DE-WEB-01,1005
2024-05-29T00:00:00Z,IT-MIL-01,738
2024-05-29T00:00:00Z,IT-BER-01,792
2024-05-29T00:00:00Z,IT-BRE-01,645
2024-05-29T00:00:00Z,IT-TUR-01,764
2024-05-29T00:00:00Z,IT-GEN-01,741
2024-05-29T00:00:00Z,IT-BOL-01,754
2024-05-29T00:00:00Z,IT-FIR-01,772
2024-05-29T00:00:00Z,IT-ROM-01,672
2024-05-29T00:00:00Z,IT-NAP-01,683
2024-05-29T00:00:00Z,IT-BAR-01,731
2024-05-29T00:00:00Z,IT-PAL-01,643
2024-05-29T00:00:00Z,IT-VER-01,665
2024-05-29T00:00:00Z,IT-WEB-01,1110
2024-05-29T00:00:00Z,IT-AMZ-01,968
2024-05-29T00:00:00Z,FR-WEB-01,1010
2024-05-29T00:00:00Z,DE-WEB-01,1071
2024-05-30T00:00:00Z,IT-MIL-01,744
2024-05-30T00:00:00Z,IT-BER-01,771
2024-05-30T00:00:00Z,IT-BRE-01,735
2024-05-30T00:00:00Z,IT-TUR-01,731
2024-05-30T00:00:00Z,IT-GEN-01,675
2024-05-30T00:00:00Z,IT-BOL-01,753
2024-05-30T00:00:00Z,IT-FIR-01,661
2024-05-30T00:00:00Z,IT-ROM-01,787
2024-05-30T00:00:00Z,IT-NAP-01,732
2024-05-30T00:00:00Z,IT-BAR-01,660
2024-05-30T00:00:00Z,IT-PAL-01,794
2024-05-30T00:00:00Z,IT-VER-01,700
2024-05-30T00:00:00Z,IT-WEB-01,1111
2024-05-30T00:00:00Z,IT-AMZ-01,1000
2024-05-30T00:00:00Z,FR-WEB-01,1052
2024-05-30T00:00:00Z,DE-WEB-01,1055
2024-05-31T00:00:00Z,IT-MIL-01,721
2024-05-31T00:00:00Z,IT-BER-01,762
2024-05-31T00:00:00Z,IT-BRE-01,789
2024-05-31T00:00:00Z,IT-TUR-01,662
2024-05-31T00:00:00Z,IT-GEN-01,792
2024-05-31T00:00:00Z,IT-BOL-01,668
2024-05-31T00:00:00Z,IT-FIR-01,675
2024-05-31T00:00:00Z,IT-ROM-01,646
2024-05-31T00:00:00Z,IT-NAP-01,784
2024-05-31T00:00:00Z,IT-BAR-01,762
2024-05-31T00:00:00Z,IT-PAL-01,792
2024-05-31T00:00:00Z,IT-VER-01,661
2024-05-31T00:00:00Z,IT-WEB-01,1125
2024-05-31T00:00:00Z,IT-AMZ-01,1107
2024-05-31T00:00:00Z,FR-WEB-01,1052
2024-05-31T00:00:00Z,DE-WEB-01,1083
2024-06-01T00:00:00Z,IT-MIL-01,785
2024-06-01T00:00:00Z,IT-BER-01,811
2024-06-01T00:00:00Z,IT-BRE-01,835
2024-06-01T00:00:00Z,IT-TUR-01,768
2024-06-01T00:00:00Z,IT-GEN-01,802
2024-06-01T00:00:00Z,IT-BOL-01,821
2024-06-01T00:00:00Z,IT-FIR-01,873
2024-06-01T00:00:00Z,IT-ROM-01,879
2024-06-01T00:00:00Z,IT-NAP-01,752
2024-06-01T00:00:00Z,IT-BAR-01,838
2024-06-01T00:00:00Z,IT-PAL-01,758
2024-06-01T00:00:00Z,IT-VER-01,794
2024-06-01T00:00:00Z,IT-WEB-01,1106
2024-06-01T00:00:00Z,IT-AMZ-01,1148
2024-06-01T00:00:00Z,FR-WEB-01,1167
2024-06-01T00:00:00Z,DE-WEB-01,1104
2024-06-02T00:00:00Z,IT-MIL-01,794
2024-06-02T00:00:00Z,IT-BER-01,843
2024-06-02T00:00:00Z,IT-BRE-01,756
2024-06-02T00:00:00Z,IT-TUR-01,828
2024-06-02T00:00:00Z,IT-GEN-01,847
2024-06-02T00:00:00Z,IT-BOL-01,844
2024-06-02T00:00:00Z,IT-FIR-01,883
2024-06-02T00:00:00Z,IT-ROM-01,790
2024-06-02T00:00:00Z,IT-NAP-01,735
2024-06-02T00:00:00Z,IT-BAR-01,895
2024-06-02T00:00:00Z,IT-PAL-01,737
2024-06-02T00:00:00Z,IT-VER-01,801
2024-06-02T00:00:00Z,IT-WEB-01,1108
2024-06-02T00:00:00Z,IT-AMZ-01,1121
2024-06-02T00:00:00Z,FR-WEB-01,1178
2024-06-02T00:00:00Z,DE-WEB-01,1070
2024-06-03T00:00:00Z,IT-MIL-01,793
2024-06-03T00:00:00Z,IT-BER-01,778
2024-06-03T00:00:00Z,IT-BRE-01,737
2024-06-03T00:00:00Z,IT-TUR-01,717
2024-06-03T00:00:00Z,IT-GEN-01,681
2024-06-03T00:00:00Z,IT-BOL-01,677
2024-06-03T00:00:00Z,IT-FIR-01,799
2024-06-03T00:00:00Z,IT-ROM-01,666
2024-06-03T00:00:00Z,IT-NAP-01,764
2024-06-03T00:00:00Z,IT-BAR-01,678
2024-06-03T00:00:00Z,IT-PAL-01,641
2024-06-03T00:00:00Z,IT-VER-01,789
2024-06-03T00:00:00Z,IT-WEB-01,966
2024-06-03T00:00:00Z,IT-AMZ-01,1025
2024-06-03T00:00:00Z,FR-WEB-01,1002
2024-06-03T00:00:00Z,DE-WEB-01,1135
2024-06-04T00:00:00Z,IT-MIL-01,772
2024-06-04T00:00:00Z,IT-BER-01,697
2024-06-04T00:00:00Z,IT-BRE-01,740
2024-06-04T00:00:00Z,IT-TUR-01,685
2024-06-04T00:00:00Z,IT-GEN-01,671
2024-06-04T00:00:00Z,IT-BOL-01,682
2024-06-04T00:00:00Z,IT-FIR-01,638
2024-06-04T00:00:00Z,IT-ROM-01,661
2024-06-04T00:00:00Z,IT-NAP-01,763
2024-06-04T00:00:00Z,IT-BAR-01,745
2024-06-04T00:00:00Z,IT-PAL-01,735
2024-06-04T00:00:00Z,IT-VER-01,799
2024-06-04T00:00:00Z,IT-WEB-01,1010
2024-06-04T00:00:00Z,IT-AMZ-01,1092
2024-06-04T00:00:00Z,FR-WEB-01,973
2024-06-04T00:00:00Z,DE-WEB-01,1101
2024-06-05T00:00:00Z,IT-MIL-01,712
2024-06-05T00:00:00Z,IT-BER-01,751
2024-06-05T00:00:00Z,IT-BRE-01,685
2024-06-05T00:00:00Z,IT-TUR-01,747
2024-06-05T00:00:00Z,IT-GEN-01,665
2024-06-05T00:00:00Z,IT-BOL-01,766
2024-06-05T00:00:00Z,IT-FIR-01,759
2024-06-05T00:00:00Z,IT-ROM-01,745
2024-06-05T00:00:00Z,IT-NAP-01,746
2024-06-05T00:00:00Z,IT-BAR-01,791
2024-06-05T00:00:00Z,IT-PAL-01,795
2024-06-05T00:00:00Z,IT-VER-01,790
2024-06-05T00:00:00Z,IT-WEB-01,1073
2024-06-05T00:00:00Z,IT-AMZ-01,1036
2024-06-05T00:00:00Z,FR-WEB-01,1117
2024-06-05T00:00:00Z,DE-WEB-01,1100
2024-06-06T00:00:00Z,IT-MIL-01,736
2024-06-06T00:00:00Z,IT-BER-01,699
2024-06-06T00:00:00Z,IT-BRE-01,694
2024-06-06T00:00:00Z,IT-TUR-01,668
2024-06-06T00:00:00Z,IT-GEN-01,742
2024-06-06T00:00:00Z,IT-BOL-01,718
2024-06-06T00:00:00Z,IT-FIR-01,754
2024-06-06T00:00:00Z,IT-ROM-01,746
2024-06-06T00:00:00Z,IT-NAP-01,729
2024-06-06T00:00:00Z,IT-BAR-01,741
2024-06-06T00:00:00Z,IT-PAL-01,786
2024-06-06T00:00:00Z,IT-VER-01,805
2024-06-06T00:00:00Z,IT-WEB-01,1088
2024-06-06T00:00:00Z,IT-AMZ-01,1027
2024-06-06T00:00:00Z,FR-WEB-01,1065
2024-06-06T00:00:00Z,DE-WEB-01,1083
2024-06-07T00:00:00Z,IT-MIL-01,637
2024-06-07T00:00:00Z,IT-BER-01,700
2024-06-07T00:00:00Z,IT-BRE-01,709
2024-06-07T00:00:00Z,IT-TUR-01,737
2024-06-07T00:00:00Z,IT-GEN-01,656
2024-06-07T00:00:00Z,IT-BOL-01,798
2024-06-07T00:00:00Z,IT-FIR-01,769
2024-06-07T00:00:00Z,IT-ROM-01,757
2024-06-07T00:00:00Z,IT-NAP-01,697
2024-06-07T00:00:00Z,IT-BAR-01,700
2024-06-07T00:00:00Z,IT-PAL-01,758
2024-06-07T00:00:00Z,IT-VER-01,705
2024-06-07T00:00:00Z,IT-WEB-01,1056
2024-06-07T00:00:00Z,IT-AMZ-01,970
2024-06-07T00:00:00Z,FR-WEB-01,979
2024-06-07T00:00:00Z,DE-WEB-01,1098
2024-06-08T00:00:00Z,IT-MIL-01,777
2024-06-08T00:00:00Z,IT-BER-01,747
2024-06-08T00:00:00Z,IT-BRE-01,886
2024-06-08T00:00:00Z,IT-TUR-01,857
2024-06-08T00:00:00Z,IT-GEN-01,893
2024-06-08T00:00:00Z,IT-BOL-01,845
2024-06-08T00:00:00Z,IT-FIR-01,802
2024-06-08T00:00:00Z,IT-ROM-01,749
2024-06-08T00:00:00Z,IT-NAP-01,741
2024-06-08T00:00:00Z,IT-BAR-01,748
2024-06-08T00:00:00Z,IT-PAL-01,886
2024-06-08T00:00:00Z,IT-VER-01,752
2024-06-08T00:00:00Z,IT-WEB-01,1095
2024-06-08T00:00:00Z,IT-AMZ-01,1229
2024-06-08T00:00:00Z,FR-WEB-01,1178
2024-06-08T00:00:00Z,DE-WEB-01,1188
2024-06-09T00:00:00Z,IT-MIL-01,881
2024-06-09T00:00:00Z,IT-BER-01,881
2024-06-09T00:00:00Z,IT-BRE-01,890
2024-06-09T00:00:00Z,IT-TUR-01,746
2024-06-09T00:00:00Z,IT-GEN-01,784
2024-06-09T00:00:00Z,IT-BOL-01,764
2024-06-09T00:00:00Z,IT-FIR-01,757
2024-06-09T00:00:00Z,IT-ROM-01,807
2024-06-09T00:00:00Z,IT-NAP-01,766
2024-06-09T00:00:00Z,IT-BAR-01,835
2024-06-09T00:00:00Z,IT-PAL-01,820
2024-06-09T00:00:00Z,IT-VER-01,887
2024-06-09T00:00:00Z,IT-WEB-01,1090
2024-06-09T00:00:00Z,IT-AMZ-01,1158
2024-06-09T00:00:00Z,FR-WEB-01,1081
2024-06-09T00:00:00Z,DE-WEB-01,1162
2024-06-10T00:00:00Z,IT-MIL-01,672
2024-06-10T00:00:00Z,IT-BER-01,783
2024-06-10T00:00:00Z,IT-BRE-01,675
2024-06-10T00:00:00Z,IT-TUR-01,670
2024-06-10T00:00:00Z,IT-GEN-01,703
2024-06-10T00:00:00Z,IT-BOL-01,793
2024-06-10T00:00:00Z,IT-FIR-01,703
2024-06-10T00:00:00Z,IT-ROM-01,651
2024-06-10T00:00:00Z,IT-NAP-01,635
2024-06-10T00:00:00Z,IT-BAR-01,798
2024-06-10T00:00:00Z,IT-PAL-01,799
2024-06-10T00:00:00Z,IT-VER-01,712
2024-06-10T00:00:00Z,IT-WEB-01,1047
2024-06-10T00:00:00Z,IT-AMZ-01,1075
2024-06-10T00:00:00Z,FR-WEB-01,971
2024-06-10T00:00:00Z,DE-WEB-01,968
2024-06-11T00:00:00Z,IT-MIL-01,740
2024-06-11T00:00:00Z,IT-BER-01,659
2024-06-11T00:00:00Z,IT-BRE-01,733
2024-06-11T00:00:00Z,IT-TUR-01,748
2024-06-11T00:00:00Z,IT-GEN-01,765
2024-06-11T00:00:00Z,IT-BOL-01,734
2024-06-11T00:00:00Z,IT-FIR-01,680
2024-06-11T00:00:00Z,IT-ROM-01,700
2024-06-11T00:00:00Z,IT-NAP-01,671
2024-06-11T00:00:00Z,IT-BAR-01,727
2024-06-11T00:00:00Z,IT-PAL-01,737
2024-06-11T00:00:00Z,IT-VER-01,705
2024-06-11T00:00:00Z,IT-WEB-01,1116
2024-06-11T00:00:00Z,IT-AMZ-01,1082
2024-06-11T00:00:00Z,FR-WEB-01,1086
2024-06-11T00:00:00Z,DE-WEB-01,1036
2024-06-12T00:00:00Z,IT-MIL-01,734
2024-06-12T00:00:00Z,IT-BER-01,708
2024-06-12T00:00:00Z,IT-BRE-01,776
2024-06-12T00:00:00Z,IT-TUR-01,651
2024-06-12T00:00:00Z,IT-GEN-01,766
2024-06-12T00:00:00Z,IT-BOL-01,789
2024-06-12T00:00:00Z,IT-FIR-01,705
2024-06-12T00:00:00Z,IT-ROM-01,805
2024-06-12T00:00:00Z,IT-NAP-01,784
2024-06-12T00:00:00Z,IT-BAR-01,799
2024-06-12T00:00:00Z,IT-PAL-01,719
2024-06-12T00:00:00Z,IT-VER-01,735
2024-06-12T00:00:00Z,IT-WEB-01,1077
2024-06-12T00:00:00Z,IT-AMZ-01,980
2024-06-12T00:00:00Z,FR-WEB-01,973
2024-06-12T00:00:00Z,DE-WEB-01,1071
2024-06-13T00:00:00Z,IT-MIL-01,717
2024-06-13T00:00:00Z,IT-BER-01,661
2024-06-13T00:00:00Z,IT-BRE-01,641
2024-06-13T00:00:00Z,IT-TUR-01,716
2024-06-13T00:00:00Z,IT-GEN-01,793
2024-06-13T00:00:00Z,IT-BOL-01,707
2024-06-13T00:00:00Z,IT-FIR-01,710
2024-06-13T00:00:00Z,IT-ROM-01,735
2024-06-13T00:00:00Z,IT-NAP-01,795
2024-06-13T00:00:00Z,IT-BAR-01,677
2024-06-13T00:00:00Z,IT-PAL-01,735
2024-06-13T00:00:00Z,IT-VER-01,784
2024-06-13T00:00:00Z,IT-WEB-01,1117
2024-06-13T00:00:00Z,IT-AMZ-01,1055
2024-06-13T00:00:00Z,FR-WEB-01,991
2024-06-13T00:00:00Z,DE-WEB-01,1105
2024-06-14T00:00:00Z,IT-MIL-01,755
2024-06-14T00:00:00Z,IT-BER-01,723
2024-06-14T00:00:00Z,IT-BRE-01,743
2024-06-14T00:00:00Z,IT-TUR-01,743
2024-06-14T00:00:00Z,IT-GEN-01,689
2024-06-14T00:00:00Z,IT-BOL-01,711
2024-06-14T00:00:00Z,IT-FIR-01,671
2024-06-14T00:00:00Z,IT-ROM-01,643
2024-06-14T00:00:00Z,IT-NAP-01,675
2024-06-14T00:00:00Z,IT-BAR-01,685
2024-06-14T00:00:00Z,IT-PAL-01,738
2024-06-14T00:00:00Z,IT-VER-01,782
2024-06-14T00:00:00Z,IT-WEB-01,1009
2024-06-14T00:00:00Z,IT-AMZ-01,1035
2024-06-14T00:00:00Z,FR-WEB-01,1043
2024-06-14T00:00:00Z,DE-WEB-01,1077
2024-06-15T00:00:00Z,IT-MIL-01,896
2024-06-15T00:00:00Z,IT-BER-01,861
2024-06-15T00:00:00Z,IT-BRE-01,832
2024-06-15T00:00:00Z,IT-TUR-01,808
2024-06-15T00:00:00Z,IT-GEN-01,859
2024-06-15T00:00:00Z,IT-BOL-01,844
2024-06-15T00:00:00Z,IT-FIR-01,893
2024-06-15T00:00:00Z,IT-ROM-01,749
2024-06-15T00:00:00Z,IT-NAP-01,731
2024-06-15T00:00:00Z,IT-BAR-01,825
2024-06-15T00:00:00Z,IT-PAL-01,789
2024-06-15T00:00:00Z,IT-VER-01,780
2024-06-15T00:00:00Z,IT-WEB-01,1182
2024-06-15T00:00:00Z,IT-AMZ-01,1196
2024-06-15T00:00:00Z,FR-WEB-01,1130
2024-06-15T00:00:00Z,DE-WEB-01,1184
2024-06-16T00:00:00Z,IT-MIL-01,744
2024-06-16T00:00:00Z,IT-BER-01,740
2024-06-16T00:00:00Z,IT-BRE-01,821
2024-06-16T00:00:00Z,IT-TUR-01,737
2024-06-16T00:00:00Z,IT-GEN-01,800
2024-06-16T00:00:00Z,IT-BOL-01,828
2024-06-16T00:00:00Z,IT-FIR-01,751
2024-06-16T00:00:00Z,IT-ROM-01,759
2024-06-16T00:00:00Z,IT-NAP-01,760
2024-06-16T00:00:00Z,IT-BAR-01,869
2024-06-16T00:00:00Z,IT-PAL-01,885
2024-06-16T00:00:00Z,IT-VER-01,782
2024-06-16T00:00:00Z,IT-WEB-01,1161
2024-06-16T00:00:00Z,IT-AMZ-01,1108
2024-06-16T00:00:00Z,FR-WEB-01,1118
2024-06-16T00:00:00Z,DE-WEB-01,1199
2024-06-17T00:00:00Z,IT-MIL-01,727
2024-06-17T00:00:00Z,IT-BER-01,753
2024-06-17T00:00:00Z,IT-BRE-01,710
2024-06-17T00:00:00Z,IT-TUR-01,805
2024-06-17T00:00:00Z,IT-GEN-01,766
2024-06-17T00:00:00Z,IT-BOL-01,734
2024-06-17T00:00:00Z,IT-FIR-01,679
2024-06-17T00:00:00Z,IT-ROM-01,664
2024-06-17T00:00:00Z,IT-NAP-01,653
2024-06-17T00:00:00Z,IT-BAR-01,668
2024-06-17T00:00:00Z,IT-PAL-01,764
2024-06-17T00:00:00Z,IT-VER-01,789
2024-06-17T00:00:00Z,IT-WEB-01,1037
2024-06-17T00:00:00Z,IT-AMZ-01,974
2024-06-17T00:00:00Z,FR-WEB-01,1134
2024-06-17T00:00:00Z,DE-WEB-01,1017
2024-06-18T00:00:00Z,IT-MIL-01,788
2024-06-18T00:00:00Z,IT-BER-01,652
2024-06-18T00:00:00Z,IT-BRE-01,662
2024-06-18T00:00:00Z,IT-TUR-01,760
2024-06-18T00:00:00Z,IT-GEN-01,670
2024-06-18T00:00:00Z,IT-BOL-01,643
2024-06-18T00:00:00Z,IT-FIR-01,635
2024-06-18T00:00:00Z,IT-ROM-01,715
2024-06-18T00:00:00Z,IT-NAP-01,732
2024-06-18T00:00:00Z,IT-BAR-01,745
2024-06-18T00:00:00Z,IT-PAL-01,705
2024-06-18T00:00:00Z,IT-VER-01,760
2024-06-18T00:00:00Z,IT-WEB-01,1016
2024-06-18T00:00:00Z,IT-AMZ-01,1036
2024-06-18T00:00:00Z,FR-WEB-01,1096
2024-06-18T00:00:00Z,DE-WEB-01,1115
2024-06-19T00:00:00Z,IT-MIL-01,798
2024-06-19T00:00:00Z,IT-BER-01,689
2024-06-19T00:00:00Z,IT-BRE-01,717
2024-06-19T00:00:00Z,IT-TUR-01,684
2024-06-19T00:00:00Z,IT-GEN-01,752
2024-06-19T00:00:00Z,IT-BOL-01,766
2024-06-19T00:00:00Z,IT-FIR-01,661
2024-06-19T00:00:00Z,IT-ROM-01,766
2024-06-19T00:00:00Z,IT-NAP-01,653
2024-06-19T00:00:00Z,IT-BAR-01,660
2024-06-19T00:00:00Z,IT-PAL-01,727
2024-06-19T00:00:00Z,IT-VER-01,736
2024-06-19T00:00:00Z,IT-WEB-01,1108
2024-06-19T00:00:00Z,IT-AMZ-01,1022
2024-06-19T00:00:00Z,FR-WEB-01,1135
2024-06-19T00:00:00Z,DE-WEB-01,987
2024-06-20T00:00:00Z,IT-MIL-01,760
2024-06-20T00:00:00Z,IT-BER-01,773
2024-06-20T00:00:00Z,IT-BRE-01,794
2024-06-20T00:00:00Z,IT-TUR-01,805
2024-06-20T00:00:00Z,IT-GEN-01,660
2024-06-20T00:00:00Z,IT-BOL-01,680
2024-06-20T00:00:00Z,IT-FIR-01,655
2024-06-20T00:00:00Z,IT-ROM-01,777
2024-06-20T00:00:00Z,IT-NAP-01,720
2024-06-20T00:00:00Z,IT-BAR-01,655
2024-06-20T00:00:00Z,IT-PAL-01,782
2024-06-20T00:00:00Z,IT-VER-01,784
2024-06-20T00:00:00Z,IT-WEB-01,1081
2024-06-20T00:00:00Z,IT-AMZ-01,1119
2024-06-20T00:00:00Z,FR-WEB-01,1013
2024-06-20T00:00:00Z,DE-WEB-01,1038
2024-06-21T00:00:00Z,IT-MIL-01,650
2024-06-21T00:00:00Z,IT-BER-01,673
2024-06-21T00:00:00Z,IT-BRE-01,748
2024-06-21T00:00:00Z,IT-TUR-01,670
2024-06-21T00:00:00Z,IT-GEN-01,796
2024-06-21T00:00:00Z,IT-BOL-01,687
2024-06-21T00:00:00Z,IT-FIR-01,735
2024-06-21T00:00:00Z,IT-ROM-01,785
2024-06-21T00:00:00Z,IT-NAP-01,792
2024-06-21T00:00:00Z,IT-BAR-01,707
2024-06-21T00:00:00Z,IT-PAL-01,742
2024-06-21T00:00:00Z,IT-VER-01,682
2024-06-21T00:00:00Z,IT-WEB-01,1048
2024-06-21T00:00:00Z,IT-AMZ-01,1119
2024-06-21T00:00:00Z,FR-WEB-01,991
2024-06-21T00:00:00Z,DE-WEB-01,1135
2024-06-22T00:00:00Z,IT-MIL-01,743
2024-06-22T00:00:00Z,IT-BER-01,778
2024-06-22T00:00:00Z,IT-BRE-01,823
2024-06-22T00:00:00Z,IT-TUR-01,844
2024-06-22T00:00:00Z,IT-GEN-01,731
2024-06-22T00:00:00Z,IT-BOL-01,775
2024-06-22T00:00:00Z,IT-FIR-01,898
2024-06-22T00:00:00Z,IT-ROM-01,775
2024-06-22T00:00:00Z,IT-NAP-01,763
2024-06-22T00:00:00Z,IT-BAR-01,848
2024-06-22T00:00:00Z,IT-PAL-01,816
2024-06-22T00:00:00Z,IT-VER-01,801
2024-06-22T00:00:00Z,IT-WEB-01,1149
2024-06-22T00:00:00Z,IT-AMZ-01,1212
2024-06-22T00:00:00Z,FR-WEB-01,1211
2024-06-22T00:00:00Z,DE-WEB-01,1116
2024-06-23T00:00:00Z,IT-MIL-01,775
2024-06-23T00:00:00Z,IT-BER-01,897
2024-06-23T00:00:00Z,IT-BRE-01,757
2024-06-23T00:00:00Z,IT-TUR-01,878
2024-06-23T00:00:00Z,IT-GEN-01,846
2024-06-23T00:00:00Z,IT-BOL-01,849
2024-06-23T00:00:00Z,IT-FIR-01,775
2024-06-23T00:00:00Z,IT-ROM-01,822
2024-06-23T00:00:00Z,IT-NAP-01,877
2024-06-23T00:00:00Z,IT-BAR-01,892
2024-06-23T00:00:00Z,IT-PAL-01,899
2024-06-23T00:00:00Z,IT-VER-01,816
2024-06-23T00:00:00Z,IT-WEB-01,1093
2024-06-23T00:00:00Z,IT-AMZ-01,1163
2024-06-23T00:00:00Z,FR-WEB-01,1071
2024-06-23T00:00:00Z,DE-WEB-01,1091
2024-06-24T00:00:00Z,IT-MIL-01,767
2024-06-24T00:00:00Z,IT-BER-01,697
2024-06-24T00:00:00Z,IT-BRE-01,762
2024-06-24T00:00:00Z,IT-TUR-01,678
2024-06-24T00:00:00Z,IT-GEN-01,657
2024-06-24T00:00:00Z,IT-BOL-01,737
2024-06-24T00:00:00Z,IT-FIR-01,711
2024-06-24T00:00:00Z,IT-ROM-01,690
2024-06-24T00:00:00Z,IT-NAP-01,778
2024-06-24T00:00:00Z,IT-BAR-01,747
2024-06-24T00:00:00Z,IT-PAL-01,726
2024-06-24T00:00:00Z,IT-VER-01,770
2024-06-24T00:00:00Z,IT-WEB-01,1037
2024-06-24T00:00:00Z,IT-AMZ-01,1099
2024-06-24T00:00:00Z,FR-WEB-01,1099
2024-06-24T00:00:00Z,DE-WEB-01,966
2024-06-25T00:00:00Z,IT-MIL-01,698
2024-06-25T00:00:00Z,IT-BER-01,762
2024-06-25T00:00:00Z,IT-BRE-01,642
2024-06-25T00:00:00Z,IT-TUR-01,786
2024-06-25T00:00:00Z,IT-GEN-01,645
2024-06-25T00:00:00Z,IT-BOL-01,780
2024-06-25T00:00:00Z,IT-FIR-01,789
2024-06-25T00:00:00Z,IT-ROM-01,760
2024-06-25T00:00:00Z,IT-NAP-01,715
2024-06-25T00:00:00Z,IT-BAR-01,669
2024-06-25T00:00:00Z,IT-PAL-01,761
2024-06-25T00:00:00Z,IT-VER-01,786
2024-06-25T00:00:00Z,IT-WEB-01,1058
2024-06-25T00:00:00Z,IT-AMZ-01,1112
2024-06-25T00:00:00Z,FR-WEB-01,1116
2024-06-25T00:00:00Z,DE-WEB-01,1133
2024-06-26T00:00:00Z,IT-MIL-01,794
2024-06-26T00:00:00Z,IT-BER-01,739
2024-06-26T00:00:00Z,IT-BRE-01,803
2024-06-26T00:00:00Z,IT-TUR-01,649
2024-06-26T00:00:00Z,IT-GEN-01,679
2024-06-26T00:00:00Z,IT-BOL-01,654
2024-06-26T00:00:00Z,IT-FIR-01,748
2024-06-26T00:00:00Z,IT-ROM-01,802
2024-06-26T00:00:00Z,IT-NAP-01,710
2024-06-26T00:00:00Z,IT-BAR-01,780
2024-06-26T00:00:00Z,IT-PAL-01,698
2024-06-26T00:00:00Z,IT-VER-01,708
2024-06-26T00:00:00Z,IT-WEB-01,1036
2024-06-26T00:00:00Z,IT-AMZ-01,1061
2024-06-26T00:00:00Z,FR-WEB-01,1060
2024-06-26T00:00:00Z,DE-WEB-01,1023
2024-06-27T00:00:00Z,IT-MIL-01,707
2024-06-27T00:00:00Z,IT-BER-01,691
2024-06-27T00:00:00Z,IT-BRE-01,692
2024-06-27T00:00:00Z,IT-TUR-01,762
2024-06-27T00:00:00Z,IT-GEN-01,708
2024-06-27T00:00:00Z,IT-BOL-01,752
2024-06-27T00:00:00Z,IT-FIR-01,665
2024-06-27T00:00:00Z,IT-ROM-01,800
2024-06-27T00:00:00Z,IT-NAP-01,705
2024-06-27T00:00:00Z,IT-BAR-01,735
2024-06-27T00:00:00Z,IT-PAL-01,668
2024-06-27T00:00:00Z,IT-VER-01,685
2024-06-27T00:00:00Z,IT-WEB-01,1031
2024-06-27T00:00:00Z,IT-AMZ-01,1096
2024-06-27T00:00:00Z,FR-WEB-01,1031
2024-06-27T00:00:00Z,DE-WEB-01,997
2024-06-28T00:00:00Z,IT-MIL-01,774
2024-06-28T00:00:00Z,IT-BER-01,778
2024-06-28T00:00:00Z,IT-BRE-01,672
2024-06-28T00:00:00Z,IT-TUR-01,764
2024-06-28T00:00:00Z,IT-GEN-01,757
2024-06-28T00:00:00Z,IT-BOL-01,766
2024-06-28T00:00:00Z,IT-FIR-01,727
2024-06-28T00:00:00Z,IT-ROM-01,779
2024-06-28T00:00:00Z,IT-NAP-01,787
2024-06-28T00:00:00Z,IT-BAR-01,720
2024-06-28T00:00:00Z,IT-PAL-01,771
2024-06-28T00:00:00Z,IT-VER-01,712
2024-06-28T00:00:00Z,IT-WEB-01,1006
2024-06-28T00:00:00Z,IT-AMZ-01,985
2024-06-28T00:00:00Z,FR-WEB-01,998
2024-06-28T00:00:00Z,DE-WEB-01,1041
2024-06-29T00:00:00Z,IT-MIL-01,789
2024-06-29T00:00:00Z,IT-BER-01,761
2024-06-29T00:00:00Z,IT-BRE-01,779
2024-06-29T00:00:00Z,IT-TUR-01,758
2024-06-29T00:00:00Z,IT-GEN-01,820
2024-06-29T00:00:00Z,IT-BOL-01,811
2024-06-29T00:00:00Z,IT-FIR-01,857
2024-06-29T00:00:00Z,IT-ROM-01,734
2024-06-29T00:00:00Z,IT-NAP-01,831
2024-06-29T00:00:00Z,IT-BAR-01,739
2024-06-29T00:00:00Z,IT-PAL-01,887
2024-06-29T00:00:00Z,IT-VER-01,870
2024-06-29T00:00:00Z,IT-WEB-01,1206
2024-06-29T00:00:00Z,IT-AMZ-01,1155
2024-06-29T00:00:00Z,FR-WEB-01,1192
2024-06-29T00:00:00Z,DE-WEB-01,1218
2024-06-30T00:00:00Z,IT-MIL-01,811
2024-06-30T00:00:00Z,IT-BER-01,786
2024-06-30T00:00:00Z,IT-BRE-01,822
2024-06-30T00:00:00Z,IT-TUR-01,856
2024-06-30T00:00:00Z,IT-GEN-01,775
2024-06-30T00:00:00Z,IT-BOL-01,806
2024-06-30T00:00:00Z,IT-FIR-01,776
2024-06-30T00:00:00Z,IT-ROM-01,751
2024-06-30T00:00:00Z,IT-NAP-01,808
2024-06-30T00:00:00Z,IT-BAR-01,782
2024-06-30T00:00:00Z,IT-PAL-01,754
2024-06-30T00:00:00Z,IT-VER-01,826
2024-06-30T00:00:00Z,IT-WEB-01,1229
2024-06-30T00:00:00Z,IT-AMZ-01,1100
2024-06-30T00:00:00Z,FR-WEB-01,1206
2024-06-30T00:00:00Z,DE-WEB-01,1124
2024-07-01T00:00:00Z,IT-MIL-01,649
2024-07-01T00:00:00Z,IT-BER-01,636
2024-07-01T00:00:00Z,IT-BRE-01,651
2024-07-01T00:00:00Z,IT-TUR-01,659
2024-07-01T00:00:00Z,IT-GEN-01,687
2024-07-01T00:00:00Z,IT-BOL-01,701
2024-07-01T00:00:00Z,IT-FIR-01,685
2024-07-01T00:00:00Z,IT-ROM-01,765
2024-07-01T00:00:00Z,IT-NAP-01,660
2024-07-01T00:00:00Z,IT-BAR-01,669
2024-07-01T00:00:00Z,IT-PAL-01,775
2024-07-01T00:00:00Z,IT-VER-01,780
2024-07-01T00:00:00Z,IT-WEB-01,1032
2024-07-01T00:00:00Z,IT-AMZ-01,1095
2024-07-01T00:00:00Z,FR-WEB-01,989
2024-07-01T00:00:00Z,DE-WEB-01,992
2024-07-02T00:00:00Z,IT-MIL-01,706
2024-07-02T00:00:00Z,IT-BER-01,677
2024-07-02T00:00:00Z,IT-BRE-01,649
2024-07-02T00:00:00Z,IT-TUR-01,759
2024-07-02T00:00:00Z,IT-GEN-01,663
2024-07-02T00:00:00Z,IT-BOL-01,694
2024-07-02T00:00:00Z,IT-FIR-01,645
2024-07-02T00:00:00Z,IT-ROM-01,664
2024-07-02T00:00:00Z,IT-NAP-01,774
2024-07-02T00:00:00Z,IT-BAR-01,699
2024-07-02T00:00:00Z,IT-PAL-01,773
2024-07-02T00:00:00Z,IT-VER-01,711
2024-07-02T00:00:00Z,IT-WEB-01,1066
2024-07-02T00:00:00Z,IT-AMZ-01,1084
2024-07-02T00:00:00Z,FR-WEB-01,1026
2024-07-02T00:00:00Z,DE-WEB-01,1002
2024-07-03T00:00:00Z,IT-MIL-01,719
2024-07-03T00:00:00Z,IT-BER-01,742
2024-07-03T00:00:00Z,IT-BRE-01,736
2024-07-03T00:00:00Z,IT-TUR-01,689
2024-07-03T00:00:00Z,IT-GEN-01,637
2024-07-03T00:00:00Z,IT-BOL-01,772
2024-07-03T00:00:00Z,IT-FIR-01,706
2024-07-03T00:00:00Z,IT-ROM-01,730
2024-07-03T00:00:00Z,IT-NAP-01,637
2024-07-03T00:00:00Z,IT-BAR-01,650
2024-07-03T00:00:00Z,IT-PAL-01,648
2024-07-03T00:00:00Z,IT-VER-01,698
2024-07-03T00:00:00Z,IT-WEB-01,1017
2024-07-03T00:00:00Z,IT-AMZ-01,1063
2024-07-03T00:00:00Z,FR-WEB-01,1067
2024-07-03T00:00:00Z,DE-WEB-01,1082
2024-07-04T00:00:00Z,IT-MIL-01,805
2024-07-04T00:00:00Z,IT-BER-01,769
2024-07-04T00:00:00Z,IT-BRE-01,738
2024-07-04T00:00:00Z,IT-TUR-01,695
2024-07-04T00:00:00Z,IT-GEN-01,663
2024-07-04T00:00:00Z,IT-BOL-01,685
2024-07-04T00:00:00Z,IT-FIR-01,665
2024-07-04T00:00:00Z,IT-ROM-01,644
2024-07-04T00:00:00Z,IT-NAP-01,798
2024-07-04T00:00:00Z,IT-BAR-01,770
2024-07-04T00:00:00Z,IT-PAL-01,689
2024-07-04T00:00:00Z,IT-VER-01,639
2024-07-04T00:00:00Z,IT-WEB-01,1104
2024-07-04T00:00:00Z,IT-AMZ-01,1042
2024-07-04T00:00:00Z,FR-WEB-01,998
2024-07-04T00:00:00Z,DE-WEB-01,1021
2024-07-05T00:00:00Z,IT-MIL-01,659
2024-07-05T00:00:00Z,IT-BER-01,738
2024-07-05T00:00:00Z,IT-BRE-01,651
2024-07-05T00:00:00Z,IT-TUR-01,643
2024-07-05T00:00:00Z,IT-GEN-01,756
2024-07-05T00:00:00Z,IT-BOL-01,805
2024-07-05T00:00:00Z,IT-FIR-01,693
2024-07-05T00:00:00Z,IT-ROM-01,696
2024-07-05T00:00:00Z,IT-NAP-01,644
2024-07-05T00:00:00Z,IT-BAR-01,776
2024-07-05T00:00:00Z,IT-PAL-01,637
2024-07-05T00:00:00Z,IT-VER-01,763
2024-07-05T00:00:00Z,IT-WEB-01,1021
2024-07-05T00:00:00Z,IT-AMZ-01,1099
2024-07-05T00:00:00Z,FR-WEB-01,1058
2024-07-05T00:00:00Z,DE-WEB-01,1041
2024-07-06T00:00:00Z,IT-MIL-01,827
2024-07-06T00:00:00Z,IT-BER-01,743
2024-07-06T00:00:00Z,IT-BRE-01,730
2024-07-06T00:00:00Z,IT-TUR-01,767
2024-07-06T00:00:00Z,IT-GEN-01,897
2024-07-06T00:00:00Z,IT-BOL-01,843
2024-07-06T00:00:00Z,IT-FIR-01,801
2024-07-06T00:00:00Z,IT-ROM-01,898
2024-07-06T00:00:00Z,IT-NAP-01,821
2024-07-06T00:00:00Z,IT-BAR-01,839
2024-07-06T00:00:00Z,IT-PAL-01,745
2024-07-06T00:00:00Z,IT-VER-01,753
2024-07-06T00:00:00Z,IT-WEB-01,1174
2024-07-06T00:00:00Z,IT-AMZ-01,1209
2024-07-06T00:00:00Z,FR-WEB-01,1113
2024-07-06T00:00:00Z,DE-WEB-01,1158
2024-07-07T00:00:00Z,IT-MIL-01,881
2024-07-07T00:00:00Z,IT-BER-01,898
2024-07-07T00:00:00Z,IT-BRE-01,877
2024-07-07T00:00:00Z,IT-TUR-01,838
2024-07-07T00:00:00Z,IT-GEN-01,811
2024-07-07T00:00:00Z,IT-BOL-01,784
2024-07-07T00:00:00Z,IT-FIR-01,837
2024-07-07T00:00:00Z,IT-ROM-01,896
2024-07-07T00:00:00Z,IT-NAP-01,875
2024-07-07T00:00:00Z,IT-BAR-01,804
2024-07-07T00:00:00Z,IT-PAL-01,737
2024-07-07T00:00:00Z,IT-VER-01,769
2024-07-07T00:00:00Z,IT-WEB-01,1137
2024-07-07T00:00:00Z,IT-AMZ-01,1227
2024-07-07T00:00:00Z,FR-WEB-01,1134
2024-07-07T00:00:00Z,DE-WEB-01,1222
2024-07-08T00:00:00Z,IT-MIL-01,747
2024-07-08T00:00:00Z,IT-BER-01,747
2024-07-08T00:00:00Z,IT-BRE-01,730
2024-07-08T00:00:00Z,IT-TUR-01,737
2024-07-08T00:00:00Z,IT-GEN-01,745
2024-07-08T00:00:00Z,IT-BOL-01,638
2024-07-08T00:00:00Z,IT-FIR-01,788
2024-07-08T00:00:00Z,IT-ROM-01,754
2024-07-08T00:00:00Z,IT-NAP-01,669
2024-07-08T00:00:00Z,IT-BAR-01,652
2024-07-08T00:00:00Z,IT-PAL-01,724
2024-07-08T00:00:00Z,IT-VER-01,651
2024-07-08T00:00:00Z,IT-WEB-01,1021
2024-07-08T00:00:00Z,IT-AMZ-01,1132
2024-07-08T00:00:00Z,FR-WEB-01,991
2024-07-08T00:00:00Z,DE-WEB-01,1094
2024-07-09T00:00:00Z,IT-MIL-01,797
2024-07-09T00:00:00Z,IT-BER-01,699
2024-07-09T00:00:00Z,IT-BRE-01,800
2024-07-09T00:00:00Z,IT-TUR-01,695
2024-07-09T00:00:00Z,IT-GEN-01,776
2024-07-09T00:00:00Z,IT-BOL-01,661
2024-07-09T00:00:00Z,IT-FIR-01,718
2024-07-09T00:00:00Z,IT-ROM-01,790
2024-07-09T00:00:00Z,IT-NAP-01,723
2024-07-09T00:00:00Z,IT-BAR-01,737
2024-07-09T00:00:00Z,IT-PAL-01,744
2024-07-09T00:00:00Z,IT-VER-01,779
2024-07-09T00:00:00Z,IT-WEB-01,1104
2024-07-09T00:00:00Z,IT-AMZ-01,1061
2024-07-09T00:00:00Z,FR-WEB-01,1076
2024-07-09T00:00:00Z,DE-WEB-01,1045
2024-07-10T00:00:00Z,IT-MIL-01,705
2024-07-10T00:00:00Z,IT-BER-01,777
2024-07-10T00:00:00Z,IT-BRE-01,805
2024-07-10T00:00:00Z,IT-TUR-01,738
2024-07-10T00:00:00Z,IT-GEN-01,637
2024-07-10T00:00:00Z,IT-BOL-01,662
2024-07-10T00:00:00Z,IT-FIR-01,706
2024-07-10T00:00:00Z,IT-ROM-01,784
2024-07-10T00:00:00Z,IT-NAP-01,772
2024-07-10T00:00:00Z,IT-BAR-01,784
2024-07-10T00:00:00Z,IT-PAL-01,726
2024-07-10T00:00:00Z,IT-VER-01,684
2024-07-10T00:00:00Z,IT-WEB-01,1121
2024-07-10T00:00:00Z,IT-AMZ-01,1011
2024-07-10T00:00:00Z,FR-WEB-01,1035
2024-07-10T00:00:00Z,DE-WEB-01,1040
2024-07-11T00:00:00Z,IT-MIL-01,643
2024-07-11T00:00:00Z,IT-BER-01,703
2024-07-11T00:00:00Z,IT-BRE-01,727
2024-07-11T00:00:00Z,IT-TUR-01,635
2024-07-11T00:00:00Z,IT-GEN-01,798
2024-07-11T00:00:00Z,IT-BOL-01,797
2024-07-11T00:00:00Z,IT-FIR-01,805
2024-07-11T00:00:00Z,IT-ROM-01,678
2024-07-11T00:00:00Z,IT-NAP-01,723
2024-07-11T00:00:00Z,IT-BAR-01,798
2024-07-11T00:00:00Z,IT-PAL-01,781
2024-07-11T00:00:00Z,IT-VER-01,760
2024-07-11T00:00:00Z,IT-WEB-01,1029
2024-07-11T00:00:00Z,IT-AMZ-01,1019
2024-07-11T00:00:00Z,FR-WEB-01,992
2024-07-11T00:00:00Z,DE-WEB-01,1045
2024-07-12T00:00:00Z,IT-MIL-01,722
2024-07-12T00:00:00Z,IT-BER-01,745
2024-07-12T00:00:00Z,IT-BRE-01,657
2024-07-12T00:00:00Z,IT-TUR-01,717
2024-07-12T00:00:00Z,IT-GEN-01,783
2024-07-12T00:00:00Z,IT-BOL-01,685
2024-07-12T00:00:00Z,IT-FIR-01,755
2024-07-12T00:00:00Z,IT-ROM-01,754
2024-07-12T00:00:00Z,IT-NAP-01,782
2024-07-12T00:00:00Z,IT-BAR-01,643
2024-07-12T00:00:00Z,IT-PAL-01,648
2024-07-12T00:00:00Z,IT-VER-01,742
2024-07-12T00:00:00Z,IT-WEB-01,974
2024-07-12T00:00:00Z,IT-AMZ-01,1025
2024-07-12T00:00:00Z,FR-WEB-01,1112
2024-07-12T00:00:00Z,DE-WEB-01,1117
2024-07-13T00:00:00Z,IT-MIL-01,810
2024-07-13T00:00:00Z,IT-BER-01,869
2024-07-13T00:00:00Z,IT-BRE-01,819
2024-07-13T00:00:00Z,IT-TUR-01,812
2024-07-13T00:00:00Z,IT-GEN-01,762
2024-07-13T00:00:00Z,IT-BOL-01,747
2024-07-13T00:00:00Z,IT-FIR-01,739
2024-07-13T00:00:00Z,IT-ROM-01,776
2024-07-13T00:00:00Z,IT-NAP-01,820
2024-07-13T00:00:00Z,IT-BAR-01,826
2024-07-13T00:00:00Z,IT-PAL-01,877
2024-07-13T00:00:00Z,IT-VER-01,770
2024-07-13T00:00:00Z,IT-WEB-01,1109
2024-07-13T00:00:00Z,IT-AMZ-01,1211
2024-07-13T00:00:00Z,FR-WEB-01,1159
2024-07-13T00:00:00Z,DE-WEB-01,1191
2024-07-14T00:00:00Z,IT-MIL-01,789
2024-07-14T00:00:00Z,IT-BER-01,741
2024-07-14T00:00:00Z,IT-BRE-01,800
2024-07-14T00:00:00Z,IT-TUR-01,883
2024-07-14T00:00:00Z,IT-GEN-01,804
2024-07-14T00:00:00Z,IT-BOL-01,802
2024-07-14T00:00:00Z,IT-FIR-01,762
2024-07-14T00:00:00Z,IT-ROM-01,784
2024-07-14T00:00:00Z,IT-NAP-01,742
2024-07-14T00:00:00Z,IT-BAR-01,876
2024-07-14T00:00:00Z,IT-PAL-01,763
2024-07-14T00:00:00Z,IT-VER-01,737
2024-07-14T00:00:00Z,IT-WEB-01,1204
2024-07-14T00:00:00Z,IT-AMZ-01,1176
2024-07-14T00:00:00Z,FR-WEB-01,1102
2024-07-14T00:00:00Z,DE-WEB-01,1094
2024-07-15T00:00:00Z,IT-MIL-01,693
2024-07-15T00:00:00Z,IT-BER-01,655
2024-07-15T00:00:00Z,IT-BRE-01,803
2024-07-15T00:00:00Z,IT-TUR-01,752
2024-07-15T00:00:00Z,IT-GEN-01,745
2024-07-15T00:00:00Z,IT-BOL-01,660
2024-07-15T00:00:00Z,IT-FIR-01,744
2024-07-15T00:00:00Z,IT-ROM-01,753
2024-07-15T00:00:00Z,IT-NAP-01,698
2024-07-15T00:00:00Z,IT-BAR-01,783
2024-07-15T00:00:00Z,IT-PAL-01,786
2024-07-15T00:00:00Z,IT-VER-01,757
2024-07-15T00:00:00Z,IT-WEB-01,1058
2024-07-15T00:00:00Z,IT-AMZ-01,1054
2024-07-15T00:00:00Z,FR-WEB-01,1030
2024-07-15T00:00:00Z,DE-WEB-01,1036
2024-07-16T00:00:00Z,IT-MIL-01,656
2024-07-16T00:00:00Z,IT-BER-01,654
2024-07-16T00:00:00Z,IT-BRE-01,723
2024-07-16T00:00:00Z,IT-TUR-01,689
2024-07-16T00:00:00Z,IT-GEN-01,762
2024-07-16T00:00:00Z,IT-BOL-01,756
2024-07-16T00:00:00Z,IT-FIR-01,720
2024-07-16T00:00:00Z,IT-ROM-01,753
2024-07-16T00:00:00Z,IT-NAP-01,687
2024-07-16T00:00:00Z,IT-BAR-01,638
2024-07-16T00:00:00Z,IT-PAL-01,697
2024-07-16T00:00:00Z,IT-VER-01,696
2024-07-16T00:00:00Z,IT-WEB-01,989
2024-07-16T00:00:00Z,IT-AMZ-01,1086
2024-07-16T00:00:00Z,FR-WEB-01,1070
2024-07-16T00:00:00Z,DE-WEB-01,976
2024-07-17T00:00:00Z,IT-MIL-01,714
2024-07-17T00:00:00Z,IT-BER-01,683
2024-07-17T00:00:00Z,IT-BRE-01,735
2024-07-17T00:00:00Z,IT-TUR-01,660
2024-07-17T00:00:00Z,IT-GEN-01,698
2024-07-17T00:00:00Z,IT-BOL-01,774
2024-07-17T00:00:00Z,IT-FIR-01,749
2024-07-17T00:00:00Z,IT-ROM-01,772
2024-07-17T00:00:00Z,IT-NAP-01,784
2024-07-17T00:00:00Z,IT-BAR-01,770
2024-07-17T00:00:00Z,IT-PAL-01,677
2024-07-17T00:00:00Z,IT-VER-01,673
2024-07-17T00:00:00Z,IT-WEB-01,1074
2024-07-17T00:00:00Z,IT-AMZ-01,1092
2024-07-17T00:00:00Z,FR-WEB-01,1120
2024-07-17T00:00:00Z,DE-WEB-01,1003
2024-07-18T00:00:00Z,IT-MIL-01,781
2024-07-18T00:00:00Z,IT-BER-01,693
2024-07-18T00:00:00Z,IT-BRE-01,683
2024-07-18T00:00:00Z,IT-TUR-01,636
2024-07-18T00:00:00Z,IT-GEN-01,775
2024-07-18T00:00:00Z,IT-BOL-01,773
2024-07-18T00:00:00Z,IT-FIR-01,703
2024-07-18T00:00:00Z,IT-ROM-01,650
2024-07-18T00:00:00Z,IT-NAP-01,734
2024-07-18T00:00:00Z,IT-BAR-01,728
2024-07-18T00:00:00Z,IT-PAL-01,755
2024-07-18T00:00:00Z,IT-VER-01,737
2024-07-18T00:00:00Z,IT-WEB-01,975
2024-07-18T00:00:00Z,IT-AMZ-01,1074
2024-07-18T00:00:00Z,FR-WEB-01,1088
2024-07-18T00:00:00Z,DE-WEB-01,1105
2024-07-19T00:00:00Z,IT-MIL-01,763
2024-07-19T00:00:00Z,IT-BER-01,780
2024-07-19T00:00:00Z,IT-BRE-01,756
2024-07-19T00:00:00Z,IT-TUR-01,752
2024-07-19T00:00:00Z,IT-GEN-01,716
2024-07-19T00:00:00Z,IT-BOL-01,655
2024-07-19T00:00:00Z,IT-FIR-01,636
2024-07-19T00:00:00Z,IT-ROM-01,763
2024-07-19T00:00:00Z,IT-NAP-01,737
2024-07-19T00:00:00Z,IT-BAR-01,789
2024-07-19T00:00:00Z,IT-PAL-01,796
2024-07-19T00:00:00Z,IT-VER-01,760
2024-07-19T00:00:00Z,IT-WEB-01,1015
2024-07-19T00:00:00Z,IT-AMZ-01,1028
2024-07-19T00:00:00Z,FR-WEB-01,1022
2024-07-19T00:00:00Z,DE-WEB-01,1036
2024-07-20T00:00:00Z,IT-MIL-01,835
2024-07-20T00:00:00Z,IT-BER-01,750
2024-07-20T00:00:00Z,IT-BRE-01,877
2024-07-20T00:00:00Z,IT-TUR-01,819
2024-07-20T00:00:00Z,IT-GEN-01,812
2024-07-20T00:00:00Z,IT-BOL-01,867
2024-07-20T00:00:00Z,IT-FIR-01,739
2024-07-20T00:00:00Z,IT-ROM-01,885
2024-07-20T00:00:00Z,IT-NAP-01,882
2024-07-20T00:00:00Z,IT-BAR-01,896
2024-07-20T00:00:00Z,IT-PAL-01,838
2024-07-20T00:00:00Z,IT-VER-01,827
2024-07-20T00:00:00Z,IT-WEB-01,1091
2024-07-20T00:00:00Z,IT-AMZ-01,1176
2024-07-20T00:00:00Z,FR-WEB-01,1091
2024-07-20T00:00:00Z,DE-WEB-01,1214
2024-07-21T00:00:00Z,IT-MIL-01,880
2024-07-21T00:00:00Z,IT-BER-01,812
2024-07-21T00:00:00Z,IT-BRE-01,865
2024-07-21T00:00:00Z,IT-TUR-01,774
2024-07-21T00:00:00Z,IT-GEN-01,824
2024-07-21T00:00:00Z,IT-BOL-01,824
2024-07-21T00:00:00Z,IT-FIR-01,877
2024-07-21T00:00:00Z,IT-ROM-01,849
2024-07-21T00:00:00Z,IT-NAP-01,844
2024-07-21T00:00:00Z,IT-BAR-01,771
2024-07-21T00:00:00Z,IT-PAL-01,855
2024-07-21T00:00:00Z,IT-VER-01,767
2024-07-21T00:00:00Z,IT-WEB-01,1090
2024-07-21T00:00:00Z,IT-AMZ-01,1107
2024-07-21T00:00:00Z,FR-WEB-01,1200
2024-07-21T00:00:00Z,DE-WEB-01,1173
2024-07-22T00:00:00Z,IT-MIL-01,647
2024-07-22T00:00:00Z,IT-BER-01,794
2024-07-22T00:00:00Z,IT-BRE-01,667
2024-07-22T00:00:00Z,IT-TUR-01,656
2024-07-22T00:00:00Z,IT-GEN-01,639
2024-07-22T00:00:00Z,IT-BOL-01,756
2024-07-22T00:00:00Z,IT-FIR-01,715
2024-07-22T00:00:00Z,IT-ROM-01,735
2024-07-22T00:00:00Z,IT-NAP-01,774
2024-07-22T00:00:00Z,IT-BAR-01,753
2024-07-22T00:00:00Z,IT-PAL-01,672
2024-07-22T00:00:00Z,IT-VER-01,674
2024-07-22T00:00:00Z,IT-WEB-01,1072
2024-07-22T00:00:00Z,IT-AMZ-01,1056
2024-07-22T00:00:00Z,FR-WEB-01,1043
2024-07-22T00:00:00Z,DE-WEB-01,1103
2024-07-23T00:00:00Z,IT-MIL-01,690
2024-07-23T00:00:00Z,IT-BER-01,718
2024-07-23T00:00:00Z,IT-BRE-01,751
2024-07-23T00:00:00Z,IT-TUR-01,799
2024-07-23T00:00:00Z,IT-GEN-01,680
2024-07-23T00:00:00Z,IT-BOL-01,783
2024-07-23T00:00:00Z,IT-FIR-01,739
2024-07-23T00:00:00Z,IT-ROM-01,652
2024-07-23T00:00:00Z,IT-NAP-01,689
2024-07-23T00:00:00Z,IT-BAR-01,727
2024-07-23T00:00:00Z,IT-PAL-01,724
2024-07-23T00:00:00Z,IT-VER-01,728
2024-07-23T00:00:00Z,IT-WEB-01,1124
2024-07-23T00:00:00Z,IT-AMZ-01,979
2024-07-23T00:00:00Z,FR-WEB-01,979
2024-07-23T00:00:00Z,DE-WEB-01,1032
2024-07-24T00:00:00Z,IT-MIL-01,721
2024-07-24T00:00:00Z,IT-BER-01,755
2024-07-24T00:00:00Z,IT-BRE-01,681
2024-07-24T00:00:00Z,IT-TUR-01,770
2024-07-24T00:00:00Z,IT-GEN-01,742
2024-07-24T00:00:00Z,IT-BOL-01,695
2024-07-24T00:00:00Z,IT-FIR-01,782
2024-07-24T00:00:00Z,IT-ROM-01,640
2024-07-24T00:00:00Z,IT-NAP-01,713
2024-07-24T00:00:00Z,IT-BAR-01,711
2024-07-24T00:00:00Z,IT-PAL-01,637
2024-07-24T00:00:00Z,IT-VER-01,655
2024-07-24T00:00:00Z,IT-WEB-01,1014
2024-07-24T00:00:00Z,IT-AMZ-01,1055
2024-07-24T00:00:00Z,FR-WEB-01,1024
2024-07-24T00:00:00Z,DE-WEB-01,1023
2024-07-25T00:00:00Z,IT-MIL-01,780
2024-07-25T00:00:00Z,IT-BER-01,746
2024-07-25T00:00:00Z,IT-BRE-01,794
2024-07-25T00:00:00Z,IT-TUR-01,650
2024-07-25T00:00:00Z,IT-GEN-01,725
2024-07-25T00:00:00Z,IT-BOL-01,748
2024-07-25T00:00:00Z,IT-FIR-01,756
2024-07-25T00:00:00Z,IT-ROM-01,697
2024-07-25T00:00:00Z,IT-NAP-01,668
2024-07-25T00:00:00Z,IT-BAR-01,692
2024-07-25T00:00:00Z,IT-PAL-01,644
2024-07-25T00:00:00Z,IT-VER-01,754
2024-07-25T00:00:00Z,IT-WEB-01,1101
2024-07-25T00:00:00Z,IT-AMZ-01,1068
2024-07-25T00:00:00Z,FR-WEB-01,1090
2024-07-25T00:00:00Z,DE-WEB-01,1103
2024-07-26T00:00:00Z,IT-MIL-01,805
2024-07-26T00:00:00Z,IT-BER-01,670
2024-07-26T00:00:00Z,IT-BRE-01,698
2024-07-26T00:00:00Z,IT-TUR-01,665
2024-07-26T00:00:00Z,IT-GEN-01,666
2024-07-26T00:00:00Z,IT-BOL-01,760
2024-07-26T00:00:00Z,IT-FIR-01,793
2024-07-26T00:00:00Z,IT-ROM-01,643
2024-07-26T00:00:00Z,IT-NAP-01,753
2024-07-26T00:00:00Z,IT-BAR-01,794
2024-07-26T00:00:00Z,IT-PAL-01,793
2024-07-26T00:00:00Z,IT-VER-01,791
2024-07-26T00:00:00Z,IT-WEB-01,1090
2024-07-26T00:00:00Z,IT-AMZ-01,1089
2024-07-26T00:00:00Z,FR-WEB-01,1080
2024-07-26T00:00:00Z,DE-WEB-01,1027
2024-07-27T00:00:00Z,IT-MIL-01,885
2024-07-27T00:00:00Z,IT-BER-01,739
2024-07-27T00:00:00Z,IT-BRE-01,780
2024-07-27T00:00:00Z,IT-TUR-01,812
2024-07-27T00:00:00Z,IT-GEN-01,735
2024-07-27T00:00:00Z,IT-BOL-01,733
2024-07-27T00:00:00Z,IT-FIR-01,746
2024-07-27T00:00:00Z,IT-ROM-01,891
2024-07-27T00:00:00Z,IT-NAP-01,769
2024-07-27T00:00:00Z,IT-BAR-01,773
2024-07-27T00:00:00Z,IT-PAL-01,833
2024-07-27T00:00:00Z,IT-VER-01,734
2024-07-27T00:00:00Z,IT-WEB-01,1195
2024-07-27T00:00:00Z,IT-AMZ-01,1122
2024-07-27T00:00:00Z,FR-WEB-01,1165
2024-07-27T00:00:00Z,DE-WEB-01,1188
2024-07-28T00:00:00Z,IT-MIL-01,735
2024-07-28T00:00:00Z,IT-BER-01,771
2024-07-28T00:00:00Z,IT-BRE-01,858
2024-07-28T00:00:00Z,IT-TUR-01,743
2024-07-28T00:00:00Z,IT-GEN-01,882
2024-07-28T00:00:00Z,IT-BOL-01,893
2024-07-28T00:00:00Z,IT-FIR-01,795
2024-07-28T00:00:00Z,IT-ROM-01,743
2024-07-28T00:00:00Z,IT-NAP-01,867
2024-07-28T00:00:00Z,IT-BAR-01,882
2024-07-28T00:00:00Z,IT-PAL-01,819
2024-07-28T00:00:00Z,IT-VER-01,797
2024-07-28T00:00:00Z,IT-WEB-01,1074
2024-07-28T00:00:00Z,IT-AMZ-01,1196
2024-07-28T00:00:00Z,FR-WEB-01,1097
2024-07-28T00:00:00Z,DE-WEB-01,1137
2024-07-29T00:00:00Z,IT-MIL-01,766
2024-07-29T00:00:00Z,IT-BER-01,676
2024-07-29T00:00:00Z,IT-BRE-01,799
2024-07-29T00:00:00Z,IT-TUR-01,694
2024-07-29T00:00:00Z,IT-GEN-01,689
2024-07-29T00:00:00Z,IT-BOL-01,715
2024-07-29T00:00:00Z,IT-FIR-01,649
2024-07-29T00:00:00Z,IT-ROM-01,660
2024-07-29T00:00:00Z,IT-NAP-01,704
2024-07-29T00:00:00Z,IT-BAR-01,742
2024-07-29T00:00:00Z,IT-PAL-01,694
2024-07-29T00:00:00Z,IT-VER-01,644
2024-07-29T00:00:00Z,IT-WEB-01,1098
2024-07-29T00:00:00Z,IT-AMZ-01,1112
2024-07-29T00:00:00Z,FR-WEB-01,996
2024-07-29T00:00:00Z,DE-WEB-01,1031
2024-07-30T00:00:00Z,IT-MIL-01,689
2024-07-30T00:00:00Z,IT-BER-01,785
2024-07-30T00:00:00Z,IT-BRE-01,680
2024-07-30T00:00:00Z,IT-TUR-01,757
2024-07-30T00:00:00Z,IT-GEN-01,740
2024-07-30T00:00:00Z,IT-BOL-01,803
2024-07-30T00:00:00Z,IT-FIR-01,708
2024-07-30T00:00:00Z,IT-ROM-01,747
2024-07-30T00:00:00Z,IT-NAP-01,784
2024-07-30T00:00:00Z,IT-BAR-01,643
2024-07-30T00:00:00Z,IT-PAL-01,730
2024-07-30T00:00:00Z,IT-VER-01,731
2024-07-30T00:00:00Z,IT-WEB-01,1030
2024-07-30T00:00:00Z,IT-AMZ-01,977
2024-07-30T00:00:00Z,FR-WEB-01,981
2024-07-30T00:00:00Z,DE-WEB-01,1092
2024-07-31T00:00:00Z,IT-MIL-01,657
2024-07-31T00:00:00Z,IT-BER-01,693
2024-07-31T00:00:00Z,IT-BRE-01,775
2024-07-31T00:00:00Z,IT-TUR-01,748
2024-07-31T00:00:00Z,IT-GEN-01,778
2024-07-31T00:00:00Z,IT-BOL-01,748
2024-07-31T00:00:00Z,IT-FIR-01,731
2024-07-31T00:00:00Z,IT-ROM-01,657
2024-07-31T00:00:00Z,IT-NAP-01,677
2024-07-31T00:00:00Z,IT-BAR-01,724
2024-07-31T00:00:00Z,IT-PAL-01,742
2024-07-31T00:00:00Z,IT-VER-01,694
2024-07-31T00:00:00Z,IT-WEB-01,1004
2024-07-31T00:00:00Z,IT-AMZ-01,980
2024-07-31T00:00:00Z,FR-WEB-01,1005
2024-07-31T00:00:00Z,DE-WEB-01,1090
2024-08-01T00:00:00Z,IT-MIL-01,693
2024-08-01T00:00:00Z,IT-BER-01,802
2024-08-01T00:00:00Z,IT-BRE-01,768
2024-08-01T00:00:00Z,IT-TUR-01,637
2024-08-01T00:00:00Z,IT-GEN-01,772
2024-08-01T00:00:00Z,IT-BOL-01,735
2024-08-01T00:00:00Z,IT-FIR-01,802
2024-08-01T00:00:00Z,IT-ROM-01,650
2024-08-01T00:00:00Z,IT-NAP-01,802
2024-08-01T00:00:00Z,IT-BAR-01,759
2024-08-01T00:00:00Z,IT-PAL-01,731
2024-08-01T00:00:00Z,IT-VER-01,676
2024-08-01T00:00:00Z,IT-WEB-01,975
2024-08-01T00:00:00Z,IT-AMZ-01,968
2024-08-01T00:00:00Z,FR-WEB-01,1003
2024-08-01T00:00:00Z,DE-WEB-01,991
2024-08-02T00:00:00Z,IT-MIL-01,699
2024-08-02T00:00:00Z,IT-BER-01,640
2024-08-02T00:00:00Z,IT-BRE-01,738
2024-08-02T00:00:00Z,IT-TUR-01,793
2024-08-02T00:00:00Z,IT-GEN-01,769
2024-08-02T00:00:00Z,IT-BOL-01,733
2024-08-02T00:00:00Z,IT-FIR-01,776
2024-08-02T00:00:00Z,IT-ROM-01,657
2024-08-02T00:00:00Z,IT-NAP-01,770
2024-08-02T00:00:00Z,IT-BAR-01,668
2024-08-02T00:00:00Z,IT-PAL-01,665
2024-08-02T00:00:00Z,IT-VER-01,746
2024-08-02T00:00:00Z,IT-WEB-01,992
2024-08-02T00:00:00Z,IT-AMZ-01,975
2024-08-02T00:00:00Z,FR-WEB-01,1073
2024-08-02T00:00:00Z,DE-WEB-01,974
2024-08-03T00:00:00Z,IT-MIL-01,825
2024-08-03T00:00:00Z,IT-BER-01,873
2024-08-03T00:00:00Z,IT-BRE-01,831
2024-08-03T00:00:00Z,IT-TUR-01,843
2024-08-03T00:00:00Z,IT-GEN-01,838
2024-08-03T00:00:00Z,IT-BOL-01,799
2024-08-03T00:00:00Z,IT-FIR-01,815
2024-08-03T00:00:00Z,IT-ROM-01,875
2024-08-03T00:00:00Z,IT-NAP-01,795
2024-08-03T00:00:00Z,IT-BAR-01,853
2024-08-03T00:00:00Z,IT-PAL-01,781
2024-08-03T00:00:00Z,IT-VER-01,819
2024-08-03T00:00:00Z,IT-WEB-01,1165
2024-08-03T00:00:00Z,IT-AMZ-01,1098
2024-08-03T00:00:00Z,FR-WEB-01,1219
2024-08-03T00:00:00Z,DE-WEB-01,1116
2024-08-04T00:00:00Z,IT-MIL-01,782
2024-08-04T00:00:00Z,IT-BER-01,752
2024-08-04T00:00:00Z,IT-BRE-01,815
2024-08-04T00:00:00Z,IT-TUR-01,858
2024-08-04T00:00:00Z,IT-GEN-01,854
2024-08-04T00:00:00Z,IT-BOL-01,841
2024-08-04T00:00:00Z,IT-FIR-01,856
2024-08-04T00:00:00Z,IT-ROM-01,891
2024-08-04T00:00:00Z,IT-NAP-01,792
2024-08-04T00:00:00Z,IT-BAR-01,743
2024-08-04T00:00:00Z,IT-PAL-01,797
2024-08-04T00:00:00Z,IT-VER-01,780
2024-08-04T00:00:00Z,IT-WEB-01,1140
2024-08-04T00:00:00Z,IT-AMZ-01,1214
2024-08-04T00:00:00Z,FR-WEB-01,1177
2024-08-04T00:00:00Z,DE-WEB-01,1209
2024-08-05T00:00:00Z,IT-MIL-01,720
2024-08-05T00:00:00Z,IT-BER-01,702
2024-08-05T00:00:00Z,IT-BRE-01,797
2024-08-05T00:00:00Z,IT-TUR-01,708
2024-08-05T00:00:00Z,IT-GEN-01,686
2024-08-05T00:00:00Z,IT-BOL-01,683
2024-08-05T00:00:00Z,IT-FIR-01,714
2024-08-05T00:00:00Z,IT-ROM-01,724
2024-08-05T00:00:00Z,IT-NAP-01,701
2024-08-05T00:00:00Z,IT-BAR-01,649
2024-08-05T00:00:00Z,IT-PAL-01,784
2024-08-05T00:00:00Z,IT-VER-01,782
2024-08-05T00:00:00Z,IT-WEB-01,1106
2024-08-05T00:00:00Z,IT-AMZ-01,1046
2024-08-05T00:00:00Z,FR-WEB-01,1103
2024-08-05T00:00:00Z,DE-WEB-01,1051
2024-08-06T00:00:00Z,IT-MIL-01,706
2024-08-06T00:00:00Z,IT-BER-01,784
2024-08-06T00:00:00Z,IT-BRE-01,649
2024-08-06T00:00:00Z,IT-TUR-01,698
2024-08-06T00:00:00Z,IT-GEN-01,772
2024-08-06T00:00:00Z,IT-BOL-01,701
2024-08-06T00:00:00Z,IT-FIR-01,788
2024-08-06T00:00:00Z,IT-ROM-01,709
2024-08-06T00:00:00Z,IT-NAP-01,663
2024-08-06T00:00:00Z,IT-BAR-01,672
2024-08-06T00:00:00Z,IT-PAL-01,769
2024-08-06T00:00:00Z,IT-VER-01,659
2024-08-06T00:00:00Z,IT-WEB-01,1004
2024-08-06T00:00:00Z,IT-AMZ-01,1017
2024-08-06T00:00:00Z,FR-WEB-01,1073
2024-08-06T00:00:00Z,DE-WEB-01,982
2024-08-07T00:00:00Z,IT-MIL-01,783
2024-08-07T00:00:00Z,IT-BER-01,779
2024-08-07T00:00:00Z,IT-BRE-01,780
2024-08-07T00:00:00Z,IT-TUR-01,761
2024-08-07T00:00:00Z,IT-GEN-01,804
2024-08-07T00:00:00Z,IT-BOL-01,766
2024-08-07T00:00:00Z,IT-FIR-01,740
2024-08-07T00:00:00Z,IT-ROM-01,638
2024-08-07T00:00:00Z,IT-NAP-01,679
2024-08-07T00:00:00Z,IT-BAR-01,734
2024-08-07T00:00:00Z,IT-PAL-01,650
2024-08-07T00:00:00Z,IT-VER-01,645
2024-08-07T00:00:00Z,IT-WEB-01,1105
2024-08-07T00:00:00Z,IT-AMZ-01,1130
2024-08-07T00:00:00Z,FR-WEB-01,1066
2024-08-07T00:00:00Z,DE-WEB-01,1131
2024-08-08T00:00:00Z,IT-MIL-01,660
2024-08-08T00:00:00Z,IT-BER-01,769
2024-08-08T00:00:00Z,IT-BRE-01,744
2024-08-08T00:00:00Z,IT-TUR-01,792
2024-08-08T00:00:00Z,IT-GEN-01,805
2024-08-08T00:00:00Z,IT-BOL-01,658
2024-08-08T00:00:00Z,IT-FIR-01,749
2024-08-08T00:00:00Z,IT-ROM-01,643
2024-08-08T00:00:00Z,IT-NAP-01,659
2024-08-08T00:00:00Z,IT-BAR-01,793
2024-08-08T00:00:00Z,IT-PAL-01,665
2024-08-08T00:00:00Z,IT-VER-01,636
2024-08-08T00:00:00Z,IT-WEB-01,1078
2024-08-08T00:00:00Z,IT-AMZ-01,1080
2024-08-08T00:00:00Z,FR-WEB-01,990
2024-08-08T00:00:00Z,DE-WEB-01,994
2024-08-09T00:00:00Z,IT-MIL-01,782
2024-08-09T00:00:00Z,IT-BER-01,801
2024-08-09T00:00:00Z,IT-BRE-01,693
2024-08-09T00:00:00Z,IT-TUR-01,778
2024-08-09T00:00:00Z,IT-GEN-01,760
2024-08-09T00:00:00Z,IT-BOL-01,732
2024-08-09T00:00:00Z,IT-FIR-01,719
2024-08-09T00:00:00Z,IT-ROM-01,791
2024-08-09T00:00:00Z,IT-NAP-01,666
2024-08-09T00:00:00Z,IT-BAR-01,684
2024-08-09T00:00:00Z,IT-PAL-01,665
2024-08-09T00:00:00Z,IT-VER-01,766
2024-08-09T00:00:00Z,IT-WEB-01,1020
2024-08-09T00:00:00Z,IT-AMZ-01,1062
2024-08-09T00:00:00Z,FR-WEB-01,1133
2024-08-09T00:00:00Z,DE-WEB-01,1000
2024-08-10T00:00:00Z,IT-MIL-01,741
2024-08-10T00:00:00Z,IT-BER-01,855
2024-08-10T00:00:00Z,IT-BRE-01,803
2024-08-10T00:00:00Z,IT-TUR-01,786
2024-08-10T00:00:00Z,IT-GEN-01,814
2024-08-10T00:00:00Z,IT-BOL-01,756
2024-08-10T00:00:00Z,IT-FIR-01,832
2024-08-10T00:00:00Z,IT-ROM-01,852
2024-08-10T00:00:00Z,IT-NAP-01,884
2024-08-10T00:00:00Z,IT-BAR-01,745
2024-08-10T00:00:00Z,IT-PAL-01,790
2024-08-10T00:00:00Z,IT-VER-01,821
2024-08-10T00:00:00Z,IT-WEB-01,1113
2024-08-10T00:00:00Z,IT-AMZ-01,1201
2024-08-10T00:00:00Z,FR-WEB-01,1133
2024-08-10T00:00:00Z,DE-WEB-01,1089
2024-08-11T00:00:00Z,IT-MIL-01,747
2024-08-11T00:00:00Z,IT-BER-01,760
2024-08-11T00:00:00Z,IT-BRE-01,765
2024-08-11T00:00:00Z,IT-TUR-01,822
2024-08-11T00:00:00Z,IT-GEN-01,897
2024-08-11T00:00:00Z,IT-BOL-01,867
2024-08-11T00:00:00Z,IT-FIR-01,750
2024-08-11T00:00:00Z,IT-ROM-01,767
2024-08-11T00:00:00Z,IT-NAP-01,865
2024-08-11T00:00:00Z,IT-BAR-01,788
2024-08-11T00:00:00Z,IT-PAL-01,745
2024-08-11T00:00:00Z,IT-VER-01,749
2024-08-11T00:00:00Z,IT-WEB-01,1167
2024-08-11T00:00:00Z,IT-AMZ-01,1093
2024-08-11T00:00:00Z,FR-WEB-01,1145
2024-08-11T00:00:00Z,DE-WEB-01,1094
2024-08-12T00:00:00Z,IT-MIL-01,777
2024-08-12T00:00:00Z,IT-BER-01,741
2024-08-12T00:00:00Z,IT-BRE-01,774
2024-08-12T00:00:00Z,IT-TUR-01,763
2024-08-12T00:00:00Z,IT-GEN-01,713
2024-08-12T00:00:00Z,IT-BOL-01,754
2024-08-12T00:00:00Z,IT-FIR-01,650
2024-08-12T00:00:00Z,IT-ROM-01,674
2024-08-12T00:00:00Z,IT-NAP-01,738
2024-08-12T00:00:00Z,IT-BAR-01,749
2024-08-12T00:00:00Z,IT-PAL-01,802
2024-08-12T00:00:00Z,IT-VER-01,729
2024-08-12T00:00:00Z,IT-WEB-01,1060
2024-08-12T00:00:00Z,IT-AMZ-01,1118
2024-08-12T00:00:00Z,FR-WEB-01,977
2024-08-12T00:00:00Z,DE-WEB-01,1106
2024-08-13T00:00:00Z,IT-MIL-01,749
2024-08-13T00:00:00Z,IT-BER-01,774
2024-08-13T00:00:00Z,IT-BRE-01,765
2024-08-13T00:00:00Z,IT-TUR-01,748
2024-08-13T00:00:00Z,IT-GEN-01,772
2024-08-13T00:00:00Z,IT-BOL-01,774
2024-08-13T00:00:00Z,IT-FIR-01,784
2024-08-13T00:00:00Z,IT-ROM-01,782
2024-08-13T00:00:00Z,IT-NAP-01,770
2024-08-13T00:00:00Z,IT-BAR-01,722
2024-08-13T00:00:00Z,IT-PAL-01,756
2024-08-13T00:00:00Z,IT-VER-01,743
2024-08-13T00:00:00Z,IT-WEB-01,1026
2024-08-13T00:00:00Z,IT-AMZ-01,1007
2024-08-13T00:00:00Z,FR-WEB-01,1053
2024-08-13T00:00:00Z,DE-WEB-01,979
2024-08-14T00:00:00Z,IT-MIL-01,702
2024-08-14T00:00:00Z,IT-BER-01,640
2024-08-14T00:00:00Z,IT-BRE-01,773
2024-08-14T00:00:00Z,IT-TUR-01,782
2024-08-14T00:00:00Z,IT-GEN-01,796
2024-08-14T00:00:00Z,IT-BOL-01,643
2024-08-14T00:00:00Z,IT-FIR-01,710
2024-08-14T00:00:00Z,IT-ROM-01,706
2024-08-14T00:00:00Z,IT-NAP-01,638
2024-08-14T00:00:00Z,IT-BAR-01,760
2024-08-14T00:00:00Z,IT-PAL-01,666
2024-08-14T00:00:00Z,IT-VER-01,763
2024-08-14T00:00:00Z,IT-WEB-01,1113
2024-08-14T00:00:00Z,IT-AMZ-01,1063
2024-08-14T00:00:00Z,FR-WEB-01,1023
2024-08-14T00:00:00Z,DE-WEB-01,998
2024-08-15T00:00:00Z,IT-MIL-01,700
2024-08-15T00:00:00Z,IT-BER-01,788
2024-08-15T00:00:00Z,IT-BRE-01,668
2024-08-15T00:00:00Z,IT-TUR-01,671
2024-08-15T00:00:00Z,IT-GEN-01,788
2024-08-15T00:00:00Z,IT-BOL-01,646
2024-08-15T00:00:00Z,IT-FIR-01,800
2024-08-15T00:00:00Z,IT-ROM-01,739
2024-08-15T00:00:00Z,IT-NAP-01,760
2024-08-15T00:00:00Z,IT-BAR-01,794
2024-08-15T00:00:00Z,IT-PAL-01,789
2024-08-15T00:00:00Z,IT-VER-01,655
2024-08-15T00:00:00Z,IT-WEB-01,1070
2024-08-15T00:00:00Z,IT-AMZ-01,1054
2024-08-15T00:00:00Z,FR-WEB-01,967
2024-08-15T00:00:00Z,DE-WEB-01,1115
2024-08-16T00:00:00Z,IT-MIL-01,779
2024-08-16T00:00:00Z,IT-BER-01,644
2024-08-16T00:00:00Z,IT-BRE-01,694
2024-08-16T00:00:00Z,IT-TUR-01,689
2024-08-16T00:00:00Z,IT-GEN-01,676
2024-08-16T00:00:00Z,IT-BOL-01,775
2024-08-16T00:00:00Z,IT-FIR-01,790
2024-08-16T00:00:00Z,IT-ROM-01,709
2024-08-16T00:00:00Z,IT-NAP-01,732
2024-08-16T00:00:00Z,IT-BAR-01,780
2024-08-16T00:00:00Z,IT-PAL-01,745
2024-08-16T00:00:00Z,IT-VER-01,724
2024-08-16T00:00:00Z,IT-WEB-01,1081
2024-08-16T00:00:00Z,IT-AMZ-01,1049
2024-08-16T00:00:00Z,FR-WEB-01,1121
2024-08-16T00:00:00Z,DE-WEB-01,1102
2024-08-17T00:00:00Z,IT-MIL-01,895
2024-08-17T00:00:00Z,IT-BER-01,862
2024-08-17T00:00:00Z,IT-BRE-01,780
2024-08-17T00:00:00Z,IT-TUR-01,770
2024-08-17T00:00:00Z,IT-GEN-01,852
2024-08-17T00:00:00Z,IT-BOL-01,837
2024-08-17T00:00:00Z,IT-FIR-01,853
2024-08-17T00:00:00Z,IT-ROM-01,822
2024-08-17T00:00:00Z,IT-NAP-01,747
2024-08-17T00:00:00Z,IT-BAR-01,792
2024-08-17T00:00:00Z,IT-PAL-01,862
2024-08-17T00:00:00Z,IT-VER-01,799
2024-08-17T00:00:00Z,IT-WEB-01,1219
2024-08-17T00:00:00Z,IT-AMZ-01,1138
2024-08-17T00:00:00Z,FR-WEB-01,1120
2024-08-17T00:00:00Z,DE-WEB-01,1114
2024-08-18T00:00:00Z,IT-MIL-01,797
2024-08-18T00:00:00Z,IT-BER-01,772
2024-08-18T00:00:00Z,IT-BRE-01,861
2024-08-18T00:00:00Z,IT-TUR-01,870
2024-08-18T00:00:00Z,IT-GEN-01,848
2024-08-18T00:00:00Z,IT-BOL-01,846
2024-08-18T00:00:00Z,IT-FIR-01,838
2024-08-18T00:00:00Z,IT-ROM-01,748
2024-08-18T00:00:00Z,IT-NAP-01,788
2024-08-18T00:00:00Z,IT-BAR-01,757
2024-08-18T00:00:00Z,IT-PAL-01,887
2024-08-18T00:00:00Z,IT-VER-01,762
2024-08-18T00:00:00Z,IT-WEB-01,1217
2024-08-18T00:00:00Z,IT-AMZ-01,1139
2024-08-18T00:00:00Z,FR-WEB-01,1153
2024-08-18T00:00:00Z,DE-WEB-01,1152
2024-08-19T00:00:00Z,IT-MIL-01,702
2024-08-19T00:00:00Z,IT-BER-01,784
2024-08-19T00:00:00Z,IT-BRE-01,748
2024-08-19T00:00:00Z,IT-TUR-01,739
2024-08-19T00:00:00Z,IT-GEN-01,636
2024-08-19T00:00:00Z,IT-BOL-01,643
2024-08-19T00:00:00Z,IT-FIR-01,750
2024-08-19T00:00:00Z,IT-ROM-01,715
2024-08-19T00:00:00Z,IT-NAP-01,670
2024-08-19T00:00:00Z,IT-BAR-01,737
2024-08-19T00:00:00Z,IT-PAL-01,787
2024-08-19T00:00:00Z,IT-VER-01,642
2024-08-19T00:00:00Z,IT-WEB-01,1114
2024-08-19T00:00:00Z,IT-AMZ-01,1052
2024-08-19T00:00:00Z,FR-WEB-01,1037
2024-08-19T00:00:00Z,DE-WEB-01,986
2024-08-20T00:00:00Z,IT-MIL-01,761
2024-08-20T00:00:00Z,IT-BER-01,789
2024-08-20T00:00:00Z,IT-BRE-01,754
2024-08-20T00:00:00Z,IT-TUR-01,765
2024-08-20T00:00:00Z,IT-GEN-01,740
2024-08-20T00:00:00Z,IT-BOL-01,657
2024-08-20T00:00:00Z,IT-FIR-01,760
2024-08-20T00:00:00Z,IT-ROM-01,778
2024-08-20T00:00:00Z,IT-NAP-01,685
2024-08-20T00:00:00Z,IT-BAR-01,708
2024-08-20T00:00:00Z,IT-PAL-01,715
2024-08-20T00:00:00Z,IT-VER-01,639
2024-08-20T00:00:00Z,IT-WEB-01,1060
2024-08-20T00:00:00Z,IT-AMZ-01,1064
2024-08-20T00:00:00Z,FR-WEB-01,1077
2024-08-20T00:00:00Z,DE-WEB-01,1032
2024-08-21T00:00:00Z,IT-MIL-01,653
2024-08-21T00:00:00Z,IT-BER-01,668
2024-08-21T00:00:00Z,IT-BRE-01,638
2024-08-21T00:00:00Z,IT-TUR-01,796
2024-08-21T00:00:00Z,IT-GEN-01,732
2024-08-21T00:00:00Z,IT-BOL-01,800
2024-08-21T00:00:00Z,IT-FIR-01,692
2024-08-21T00:00:00Z,IT-ROM-01,742
2024-08-21T00:00:00Z,IT-NAP-01,743
2024-08-21T00:00:00Z,IT-BAR-01,709
2024-08-21T00:00:00Z,IT-PAL-01,650
2024-08-21T00:00:00Z,IT-VER-01,710
2024-08-21T00:00:00Z,IT-WEB-01,1118
2024-08-21T00:00:00Z,IT-AMZ-01,1023
2024-08-21T00:00:00Z,FR-WEB-01,971
2024-08-21T00:00:00Z,DE-WEB-01,1132
2024-08-22T00:00:00Z,IT-MIL-01,664
2024-08-22T00:00:00Z,IT-BER-01,734
2024-08-22T00:00:00Z,IT-BRE-01,714
2024-08-22T00:00:00Z,IT-TUR-01,804
2024-08-22T00:00:00Z,IT-GEN-01,769
2024-08-22T00:00:00Z,IT-BOL-01,779
2024-08-22T00:00:00Z,IT-FIR-01,721
2024-08-22T00:00:00Z,IT-ROM-01,652
2024-08-22T00:00:00Z,IT-NAP-01,753
2024-08-22T00:00:00Z,IT-BAR-01,752
2024-08-22T00:00:00Z,IT-PAL-01,800
2024-08-22T00:00:00Z,IT-VER-01,787
2024-08-22T00:00:00Z,IT-WEB-01,1051
2024-08-22T00:00:00Z,IT-AMZ-01,1071
2024-08-22T00:00:00Z,FR-WEB-01,1124
2024-08-22T00:00:00Z,DE-WEB-01,1059
2024-08-23T00:00:00Z,IT-MIL-01,680
2024-08-23T00:00:00Z,IT-BER-01,726
2024-08-23T00:00:00Z,IT-BRE-01,785
2024-08-23T00:00:00Z,IT-TUR-01,760
2024-08-23T00:00:00Z,IT-GEN-01,636
2024-08-23T00:00:00Z,IT-BOL-01,802
2024-08-23T00:00:00Z,IT-FIR-01,715
2024-08-23T00:00:00Z,IT-ROM-01,783
2024-08-23T00:00:00Z,IT-NAP-01,722
2024-08-23T00:00:00Z,IT-BAR-01,752
2024-08-23T00:00:00Z,IT-PAL-01,723
2024-08-23T00:00:00Z,IT-VER-01,646
2024-08-23T00:00:00Z,IT-WEB-01,1017
2024-08-23T00:00:00Z,IT-AMZ-01,1125
2024-08-23T00:00:00Z,FR-WEB-01,1079
2024-08-23T00:00:00Z,DE-WEB-01,1000
2024-08-24T00:00:00Z,IT-MIL-01,852
2024-08-24T00:00:00Z,IT-BER-01,734
2024-08-24T00:00:00Z,IT-BRE-01,820
2024-08-24T00:00:00Z,IT-TUR-01,806
2024-08-24T00:00:00Z,IT-GEN-01,740
2024-08-24T00:00:00Z,IT-BOL-01,791
2024-08-24T00:00:00Z,IT-FIR-01,882
2024-08-24T00:00:00Z,IT-ROM-01,858
2024-08-24T00:00:00Z,IT-NAP-01,782
2024-08-24T00:00:00Z,IT-BAR-01,847
2024-08-24T00:00:00Z,IT-PAL-01,876
2024-08-24T00:00:00Z,IT-VER-01,802
2024-08-24T00:00:00Z,IT-WEB-01,1131
2024-08-24T00:00:00Z,IT-AMZ-01,1220
2024-08-24T00:00:00Z,FR-WEB-01,1113
2024-08-24T00:00:00Z,DE-WEB-01,1083
2024-08-25T00:00:00Z,IT-MIL-01,842
2024-08-25T00:00:00Z,IT-BER-01,821
2024-08-25T00:00:00Z,IT-BRE-01,872
2024-08-25T00:00:00Z,IT-TUR-01,810
2024-08-25T00:00:00Z,IT-GEN-01,844
2024-08-25T00:00:00Z,IT-BOL-01,871
2024-08-25T00:00:00Z,IT-FIR-01,769
2024-08-25T00:00:00Z,IT-ROM-01,852
2024-08-25T00:00:00Z,IT-NAP-01,829
2024-08-25T00:00:00Z,IT-BAR-01,878
2024-08-25T00:00:00Z,IT-PAL-01,865
2024-08-25T00:00:00Z,IT-VER-01,869
2024-08-25T00:00:00Z,IT-WEB-01,1179
2024-08-25T00:00:00Z,IT-AMZ-01,1159
2024-08-25T00:00:00Z,FR-WEB-01,1085
2024-08-25T00:00:00Z,DE-WEB-01,1222
2024-08-26T00:00:00Z,IT-MIL-01,699
2024-08-26T00:00:00Z,IT-BER-01,749
2024-08-26T00:00:00Z,IT-BRE-01,673
2024-08-26T00:00:00Z,IT-TUR-01,728
2024-08-26T00:00:00Z,IT-GEN-01,743
2024-08-26T00:00:00Z,IT-BOL-01,714
2024-08-26T00:00:00Z,IT-FIR-01,737
2024-08-26T00:00:00Z,IT-ROM-01,692
2024-08-26T00:00:00Z,IT-NAP-01,718
2024-08-26T00:00:00Z,IT-BAR-01,758
2024-08-26T00:00:00Z,IT-PAL-01,668
2024-08-26T00:00:00Z,IT-VER-01,743
2024-08-26T00:00:00Z,IT-WEB-01,1031
2024-08-26T00:00:00Z,IT-AMZ-01,970
2024-08-26T00:00:00Z,FR-WEB-01,987
2024-08-26T00:00:00Z,DE-WEB-01,1061
2024-08-27T00:00:00Z,IT-MIL-01,781
2024-08-27T00:00:00Z,IT-BER-01,688
2024-08-27T00:00:00Z,IT-BRE-01,728
2024-08-27T00:00:00Z,IT-TUR-01,652
2024-08-27T00:00:00Z,IT-GEN-01,733
2024-08-27T00:00:00Z,IT-BOL-01,732
2024-08-27T00:00:00Z,IT-FIR-01,768
2024-08-27T00:00:00Z,IT-ROM-01,691
2024-08-27T00:00:00Z,IT-NAP-01,804
2024-08-27T00:00:00Z,IT-BAR-01,666
2024-08-27T00:00:00Z,IT-PAL-01,777
2024-08-27T00:00:00Z,IT-VER-01,721
2024-08-27T00:00:00Z,IT-WEB-01,1082
2024-08-27T00:00:00Z,IT-AMZ-01,1067
2024-08-27T00:00:00Z,FR-WEB-01,1090
2024-08-27T00:00:00Z,DE-WEB-01,1094
2024-08-28T00:00:00Z,IT-MIL-01,639
2024-08-28T00:00:00Z,IT-BER-01,780
2024-08-28T00:00:00Z,IT-BRE-01,795
2024-08-28T00:00:00Z,IT-TUR-01,694
2024-08-28T00:00:00Z,IT-GEN-01,675
2024-08-28T00:00:00Z,IT-BOL-01,683
2024-08-28T00:00:00Z,IT-FIR-01,682
2024-08-28T00:00:00Z,IT-ROM-01,736
2024-08-28T00:00:00Z,IT-NAP-01,669
2024-08-28T00:00:00Z,IT-BAR-01,739
2024-08-28T00:00:00Z,IT-PAL-01,663
2024-08-28T00:00:00Z,IT-VER-01,666
2024-08-28T00:00:00Z,IT-WEB-01,1021
2024-08-28T00:00:00Z,IT-AMZ-01,1076
2024-08-28T00:00:00Z,FR-WEB-01,1111
2024-08-28T00:00:00Z,DE-WEB-01,1049
2024-08-29T00:00:00Z,IT-MIL-01,799
2024-08-29T00:00:00Z,IT-BER-01,764
2024-08-29T00:00:00Z,IT-BRE-01,723
2024-08-29T00:00:00Z,IT-TUR-01,742
2024-08-29T00:00:00Z,IT-GEN-01,800
2024-08-29T00:00:00Z,IT-BOL-01,677
2024-08-29T00:00:00Z,IT-FIR-01,679
2024-08-29T00:00:00Z,IT-ROM-01,788
2024-08-29T00:00:00Z,IT-NAP-01,768
2024-08-29T00:00:00Z,IT-BAR-01,658
2024-08-29T00:00:00Z,IT-PAL-01,782
2024-08-29T00:00:00Z,IT-VER-01,766
2024-08-29T00:00:00Z,IT-WEB-01,1119
2024-08-29T00:00:00Z,IT-AMZ-01,1048
2024-08-29T00:00:00Z,FR-WEB-01,966
2024-08-29T00:00:00Z,DE-WEB-01,1020
2024-08-30T00:00:00Z,IT-MIL-01,681
2024-08-30T00:00:00Z,IT-BER-01,719
2024-08-30T00:00:00Z,IT-BRE-01,716
2024-08-30T00:00:00Z,IT-TUR-01,776
2024-08-30T00:00:00Z,IT-GEN-01,730
2024-08-30T00:00:00Z,IT-BOL-01,770
2024-08-30T00:00:00Z,IT-FIR-01,802
2024-08-30T00:00:00Z,IT-ROM-01,692
2024-08-30T00:00:00Z,IT-NAP-01,664
2024-08-30T00:00:00Z,IT-BAR-01,713
2024-08-30T00:00:00Z,IT-PAL-01,654
2024-08-30T00:00:00Z,IT-VER-01,680
2024-08-30T00:00:00Z,IT-WEB-01,1091
2024-08-30T00:00:00Z,IT-AMZ-01,978
2024-08-30T00:00:00Z,FR-WEB-01,1000
2024-08-30T00:00:00Z,DE-WEB-01,1103
2024-08-31T00:00:00Z,IT-MIL-01,890
2024-08-31T00:00:00Z,IT-BER-01,791
2024-08-31T00:00:00Z,IT-BRE-01,851
2024-08-31T00:00:00Z,IT-TUR-01,740
2024-08-31T00:00:00Z,IT-GEN-01,773
2024-08-31T00:00:00Z,IT-BOL-01,831
2024-08-31T00:00:00Z,IT-FIR-01,754
2024-08-31T00:00:00Z,IT-ROM-01,888
2024-08-31T00:00:00Z,IT-NAP-01,822
2024-08-31T00:00:00Z,IT-BAR-01,864
2024-08-31T00:00:00Z,IT-PAL-01,870
2024-08-31T00:00:00Z,IT-VER-01,771
2024-08-31T00:00:00Z,IT-WEB-01,1165
2024-08-31T00:00:00Z,IT-AMZ-01,1225
2024-08-31T00:00:00Z,FR-WEB-01,1111
2024-08-31T00:00:00Z,DE-WEB-01,1189
2024-09-01T00:00:00Z,IT-MIL-01,847
2024-09-01T00:00:00Z,IT-BER-01,827
2024-09-01T00:00:00Z,IT-BRE-01,855
2024-09-01T00:00:00Z,IT-TUR-01,858
2024-09-01T00:00:00Z,IT-GEN-01,842
2024-09-01T00:00:00Z,IT-BOL-01,822
2024-09-01T00:00:00Z,IT-FIR-01,830
2024-09-01T00:00:00Z,IT-ROM-01,743
2024-09-01T00:00:00Z,IT-NAP-01,844
2024-09-01T00:00:00Z,IT-BAR-01,876
2024-09-01T00:00:00Z,IT-PAL-01,825
2024-09-01T00:00:00Z,IT-VER-01,740
2024-09-01T00:00:00Z,IT-WEB-01,1148
2024-09-01T00:00:00Z,IT-AMZ-01,1188
2024-09-01T00:00:00Z,FR-WEB-01,1087
2024-09-01T00:00:00Z,DE-WEB-01,1060
2024-09-02T00:00:00Z,IT-MIL-01,768
2024-09-02T00:00:00Z,IT-BER-01,794
2024-09-02T00:00:00Z,IT-BRE-01,779
2024-09-02T00:00:00Z,IT-TUR-01,716
2024-09-02T00:00:00Z,IT-GEN-01,695
2024-09-02T00:00:00Z,IT-BOL-01,788
2024-09-02T00:00:00Z,IT-FIR-01,743
2024-09-02T00:00:00Z,IT-ROM-01,696
2024-09-02T00:00:00Z,IT-NAP-01,743
2024-09-02T00:00:00Z,IT-BAR-01,800
2024-09-02T00:00:00Z,IT-PAL-01,738
2024-09-02T00:00:00Z,IT-VER-01,712
2024-09-02T00:00:00Z,IT-WEB-01,976
2024-09-02T00:00:00Z,IT-AMZ-01,1005
2024-09-02T00:00:00Z,FR-WEB-01,1093
2024-09-02T00:00:00Z,DE-WEB-01,1094
2024-09-03T00:00:00Z,IT-MIL-01,651
2024-09-03T00:00:00Z,IT-BER-01,644
2024-09-03T00:00:00Z,IT-BRE-01,728
2024-09-03T00:00:00Z,IT-TUR-01,757
2024-09-03T00:00:00Z,IT-GEN-01,664
2024-09-03T00:00:00Z,IT-BOL-01,674
2024-09-03T00:00:00Z,IT-FIR-01,770
2024-09-03T00:00:00Z,IT-ROM-01,763
2024-09-03T00:00:00Z,IT-NAP-01,713
2024-09-03T00:00:00Z,IT-BAR-01,726
2024-09-03T00:00:00Z,IT-PAL-01,789
2024-09-03T00:00:00Z,IT-VER-01,765
2024-09-03T00:00:00Z,IT-WEB-01,975
2024-09-03T00:00:00Z,IT-AMZ-01,975
2024-09-03T00:00:00Z,FR-WEB-01,1068
2024-09-03T00:00:00Z,DE-WEB-01,1077
2024-09-04T00:00:00Z,IT-MIL-01,665
2024-09-04T00:00:00Z,IT-BER-01,704
2024-09-04T00:00:00Z,IT-BRE-01,692
2024-09-04T00:00:00Z,IT-TUR-01,748
2024-09-04T00:00:00Z,IT-GEN-01,643
2024-09-04T00:00:00Z,IT-BOL-01,742
2024-09-04T00:00:00Z,IT-FIR-01,726
2024-09-04T00:00:00Z,IT-ROM-01,716
2024-09-04T00:00:00Z,IT-NAP-01,648
2024-09-04T00:00:00Z,IT-BAR-01,745
2024-09-04T00:00:00Z,IT-PAL-01,654
2024-09-04T00:00:00Z,IT-VER-01,783
2024-09-04T00:00:00Z,IT-WEB-01,1013
2024-09-04T00:00:00Z,IT-AMZ-01,1010
2024-09-04T00:00:00Z,FR-WEB-01,978
2024-09-04T00:00:00Z,DE-WEB-01,1094
2024-09-05T00:00:00Z,IT-MIL-01,751
2024-09-05T00:00:00Z,IT-BER-01,723
2024-09-05T00:00:00Z,IT-BRE-01,801
2024-09-05T00:00:00Z,IT-TUR-01,660
2024-09-05T00:00:00Z,IT-GEN-01,712
2024-09-05T00:00:00Z,IT-BOL-01,715
2024-09-05T00:00:00Z,IT-FIR-01,726
2024-09-05T00:00:00Z,IT-ROM-01,637
2024-09-05T00:00:00Z,IT-NAP-01,742
2024-09-05T00:00:00Z,IT-BAR-01,682
2024-09-05T00:00:00Z,IT-PAL-01,689
2024-09-05T00:00:00Z,IT-VER-01,728
2024-09-05T00:00:00Z,IT-WEB-01,1043
2024-09-05T00:00:00Z,IT-AMZ-01,1014
2024-09-05T00:00:00Z,FR-WEB-01,984
2024-09-05T00:00:00Z,DE-WEB-01,983
2024-09-06T00:00:00Z,IT-MIL-01,743
2024-09-06T00:00:00Z,IT-BER-01,720
2024-09-06T00:00:00Z,IT-BRE-01,708
2024-09-06T00:00:00Z,IT-TUR-01,668
2024-09-06T00:00:00Z,IT-GEN-01,774
2024-09-06T00:00:00Z,IT-BOL-01,752
2024-09-06T00:00:00Z,IT-FIR-01,775
2024-09-06T00:00:00Z,IT-ROM-01,734
2024-09-06T00:00:00Z,IT-NAP-01,657
2024-09-06T00:00:00Z,IT-BAR-01,708
2024-09-06T00:00:00Z,IT-PAL-01,704
2024-09-06T00:00:00Z,IT-VER-01,726
2024-09-06T00:00:00Z,IT-WEB-01,982
2024-09-06T00:00:00Z,IT-AMZ-01,983
2024-09-06T00:00:00Z,FR-WEB-01,1055
2024-09-06T00:00:00Z,DE-WEB-01,1127
2024-09-07T00:00:00Z,IT-MIL-01,806
2024-09-07T00:00:00Z,IT-BER-01,795
2024-09-07T00:00:00Z,IT-BRE-01,821
2024-09-07T00:00:00Z,IT-TUR-01,828
2024-09-07T00:00:00Z,IT-GEN-01,867
2024-09-07T00:00:00Z,IT-BOL-01,774
2024-09-07T00:00:00Z,IT-FIR-01,826
2024-09-07T00:00:00Z,IT-ROM-01,734
2024-09-07T00:00:00Z,IT-NAP-01,808
2024-09-07T00:00:00Z,IT-BAR-01,820
2024-09-07T00:00:00Z,IT-PAL-01,750
2024-09-07T00:00:00Z,IT-VER-01,777
2024-09-07T00:00:00Z,IT-WEB-01,1143
2024-09-07T00:00:00Z,IT-AMZ-01,1136
2024-09-07T00:00:00Z,FR-WEB-01,1138
2024-09-07T00:00:00Z,DE-WEB-01,1183
2024-09-08T00:00:00Z,IT-MIL-01,854
2024-09-08T00:00:00Z,IT-BER-01,864
2024-09-08T00:00:00Z,IT-BRE-01,760
2024-09-08T00:00:00Z,IT-TUR-01,814
2024-09-08T00:00:00Z,IT-GEN-01,870
2024-09-08T00:00:00Z,IT-BOL-01,770
2024-09-08T00:00:00Z,IT-FIR-01,891
2024-09-08T00:00:00Z,IT-ROM-01,792
2024-09-08T00:00:00Z,IT-NAP-01,807
2024-09-08T00:00:00Z,IT-BAR-01,804
2024-09-08T00:00:00Z,IT-PAL-01,896
2024-09-08T00:00:00Z,IT-VER-01,750
2024-09-08T00:00:00Z,IT-WEB-01,1105
2024-09-08T00:00:00Z,IT-AMZ-01,1215
2024-09-08T00:00:00Z,FR-WEB-01,1128
2024-09-08T00:00:00Z,DE-WEB-01,1230
2024-09-09T00:00:00Z,IT-MIL-01,716
2024-09-09T00:00:00Z,IT-BER-01,740
2024-09-09T00:00:00Z,IT-BRE-01,704
2024-09-09T00:00:00Z,IT-TUR-01,804
2024-09-09T00:00:00Z,IT-GEN-01,745
2024-09-09T00:00:00Z,IT-BOL-01,743
2024-09-09T00:00:00Z,IT-FIR-01,635
2024-09-09T00:00:00Z,IT-ROM-01,667
2024-09-09T00:00:00Z,IT-NAP-01,668
2024-09-09T00:00:00Z,IT-BAR-01,764
2024-09-09T00:00:00Z,IT-PAL-01,693
2024-09-09T00:00:00Z,IT-VER-01,754
2024-09-09T00:00:00Z,IT-WEB-01,1082
2024-09-09T00:00:00Z,IT-AMZ-01,1033
2024-09-09T00:00:00Z,FR-WEB-01,1116
2024-09-09T00:00:00Z,DE-WEB-01,1110
2024-09-10T00:00:00Z,IT-MIL-01,767
2024-09-10T00:00:00Z,IT-BER-01,644
2024-09-10T00:00:00Z,IT-BRE-01,787
2024-09-10T00:00:00Z,IT-TUR-01,695
2024-09-10T00:00:00Z,IT-GEN-01,698
2024-09-10T00:00:00Z,IT-BOL-01,772
2024-09-10T00:00:00Z,IT-FIR-01,675
2024-09-10T00:00:00Z,IT-ROM-01,773
2024-09-10T00:00:00Z,IT-NAP-01,798
2024-09-10T00:00:00Z,IT-BAR-01,701
2024-09-10T00:00:00Z,IT-PAL-01,695
2024-09-10T00:00:00Z,IT-VER-01,670
2024-09-10T00:00:00Z,IT-WEB-01,1092
2024-09-10T00:00:00Z,IT-AMZ-01,1050
2024-09-10T00:00:00Z,FR-WEB-01,1040
2024-09-10T00:00:00Z,DE-WEB-01,1095
2024-09-11T00:00:00Z,IT-MIL-01,799
2024-09-11T00:00:00Z,IT-BER-01,794
2024-09-11T00:00:00Z,IT-BRE-01,784
2024-09-11T00:00:00Z,IT-TUR-01,780
2024-09-11T00:00:00Z,IT-GEN-01,711
2024-09-11T00:00:00Z,IT-BOL-01,751
2024-09-11T00:00:00Z,IT-FIR-01,728
2024-09-11T00:00:00Z,IT-ROM-01,653
2024-09-11T00:00:00Z,IT-NAP-01,728
2024-09-11T00:00:00Z,IT-BAR-01,710
2024-09-11T00:00:00Z,IT-PAL-01,642
2024-09-11T00:00:00Z,IT-VER-01,738
2024-09-11T00:00:00Z,IT-WEB-01,1016
2024-09-11T00:00:00Z,IT-AMZ-01,1102
2024-09-11T00:00:00Z,FR-WEB-01,1031
2024-09-11T00:00:00Z,DE-WEB-01,1097
2024-09-12T00:00:00Z,IT-MIL-01,670
2024-09-12T00:00:00Z,IT-BER-01,803
2024-09-12T00:00:00Z,IT-BRE-01,662
2024-09-12T00:00:00Z,IT-TUR-01,674
2024-09-12T00:00:00Z,IT-GEN-01,656
2024-09-12T00:00:00Z,IT-BOL-01,743
2024-09-12T00:00:00Z,IT-FIR-01,734
2024-09-12T00:00:00Z,IT-ROM-01,650
2024-09-12T00:00:00Z,IT-NAP-01,669
2024-09-12T00:00:00Z,IT-BAR-01,669
2024-09-12T00:00:00Z,IT-PAL-01,799
2024-09-12T00:00:00Z,IT-VER-01,759
2024-09-12T00:00:00Z,IT-WEB-01,1104
2024-09-12T00:00:00Z,IT-AMZ-01,1125
2024-09-12T00:00:00Z,FR-WEB-01,1122
2024-09-12T00:00:00Z,DE-WEB-01,1102
2024-09-13T00:00:00Z,IT-MIL-01,708
2024-09-13T00:00:00Z,IT-BER-01,794
2024-09-13T00:00:00Z,IT-BRE-01,649
2024-09-13T00:00:00Z,IT-TUR-01,747
2024-09-13T00:00:00Z,IT-GEN-01,656
2024-09-13T00:00:00Z,IT-BOL-01,673
2024-09-13T00:00:00Z,IT-FIR-01,661
2024-09-13T00:00:00Z,IT-ROM-01,697
2024-09-13T00:00:00Z,IT-NAP-01,683
2024-09-13T00:00:00Z,IT-BAR-01,664
2024-09-13T00:00:00Z,IT-PAL-01,675
2024-09-13T00:00:00Z,IT-VER-01,669
2024-09-13T00:00:00Z,IT-WEB-01,1102
2024-09-13T00:00:00Z,IT-AMZ-01,980
2024-09-13T00:00:00Z,FR-WEB-01,1078
2024-09-13T00:00:00Z,DE-WEB-01,1023
2024-09-14T00:00:00Z,IT-MIL-01,802
2024-09-14T00:00:00Z,IT-BER-01,767
2024-09-14T00:00:00Z,IT-BRE-01,732
2024-09-14T00:00:00Z,IT-TUR-01,870
2024-09-14T00:00:00Z,IT-GEN-01,869
2024-09-14T00:00:00Z,IT-BOL-01,786
2024-09-14T00:00:00Z,IT-FIR-01,832
2024-09-14T00:00:00Z,IT-ROM-01,851
2024-09-14T00:00:00Z,IT-NAP-01,876
2024-09-14T00:00:00Z,IT-BAR-01,844
2024-09-14T00:00:00Z,IT-PAL-01,831
2024-09-14T00:00:00Z,IT-VER-01,807
2024-09-14T00:00:00Z,IT-WEB-01,1212
2024-09-14T00:00:00Z,IT-AMZ-01,1165
2024-09-14T00:00:00Z,FR-WEB-01,1107
2024-09-14T00:00:00Z,DE-WEB-01,1172
2024-09-15T00:00:00Z,IT-MIL-01,837
2024-09-15T00:00:00Z,IT-BER-01,872
2024-09-15T00:00:00Z,IT-BRE-01,844
2024-09-15T00:00:00Z,IT-TUR-01,774
2024-09-15T00:00:00Z,IT-GEN-01,821
2024-09-15T00:00:00Z,IT-BOL-01,738
2024-09-15T00:00:00Z,IT-FIR-01,787
2024-09-15T00:00:00Z,IT-ROM-01,847
2024-09-15T00:00:00Z,IT-NAP-01,757
2024-09-15T00:00:00Z,IT-BAR-01,883
2024-09-15T00:00:00Z,IT-PAL-01,766
2024-09-15T00:00:00Z,IT-VER-01,892
2024-09-15T00:00:00Z,IT-WEB-01,1084
2024-09-15T00:00:00Z,IT-AMZ-01,1206
2024-09-15T00:00:00Z,FR-WEB-01,1207
2024-09-15T00:00:00Z,DE-WEB-01,1180
2024-09-16T00:00:00Z,IT-MIL-01,698
2024-09-16T00:00:00Z,IT-BER-01,793
2024-09-16T00:00:00Z,IT-BRE-01,803
2024-09-16T00:00:00Z,IT-TUR-01,642
2024-09-16T00:00:00Z,IT-GEN-01,765
2024-09-16T00:00:00Z,IT-BOL-01,670
2024-09-16T00:00:00Z,IT-FIR-01,687
2024-09-16T00:00:00Z,IT-ROM-01,660
2024-09-16T00:00:00Z,IT-NAP-01,667
2024-09-16T00:00:00Z,IT-BAR-01,694
2024-09-16T00:00:00Z,IT-PAL-01,659
2024-09-16T00:00:00Z,IT-VER-01,674
2024-09-16T00:00:00Z,IT-WEB-01,1054
2024-09-16T00:00:00Z,IT-AMZ-01,1099
2024-09-16T00:00:00Z,FR-WEB-01,1127
2024-09-16T00:00:00Z,DE-WEB-01,987
2024-09-17T00:00:00Z,IT-MIL-01,692
2024-09-17T00:00:00Z,IT-BER-01,788
2024-09-17T00:00:00Z,IT-BRE-01,664
2024-09-17T00:00:00Z,IT-TUR-01,668
2024-09-17T00:00:00Z,IT-GEN-01,710
2024-09-17T00:00:00Z,IT-BOL-01,769
2024-09-17T00:00:00Z,IT-FIR-01,732
2024-09-17T00:00:00Z,IT-ROM-01,671
2024-09-17T00:00:00Z,IT-NAP-01,746
2024-09-17T00:00:00Z,IT-BAR-01,689
2024-09-17T00:00:00Z,IT-PAL-01,748
2024-09-17T00:00:00Z,IT-VER-01,747
2024-09-17T00:00:00Z,IT-WEB-01,1072
2024-09-17T00:00:00Z,IT-AMZ-01,1095
2024-09-17T00:00:00Z,FR-WEB-01,991
2024-09-17T00:00:00Z,DE-WEB-01,1001
2024-09-18T00:00:00Z,IT-MIL-01,725
2024-09-18T00:00:00Z,IT-BER-01,788
2024-09-18T00:00:00Z,IT-BRE-01,774
2024-09-18T00:00:00Z,IT-TUR-01,679
2024-09-18T00:00:00Z,IT-GEN-01,802
2024-09-18T00:00:00Z,IT-BOL-01,711
2024-09-18T00:00:00Z,IT-FIR-01,775
2024-09-18T00:00:00Z,IT-ROM-01,793
2024-09-18T00:00:00Z,IT-NAP-01,767
2024-09-18T00:00:00Z,IT-BAR-01,797
2024-09-18T00:00:00Z,IT-PAL-01,672
2024-09-18T00:00:00Z,IT-VER-01,653
2024-09-18T00:00:00Z,IT-WEB-01,1121
2024-09-18T00:00:00Z,IT-AMZ-01,1092
2024-09-18T00:00:00Z,FR-WEB-01,1074
2024-09-18T00:00:00Z,DE-WEB-01,1113
2024-09-19T00:00:00Z,IT-MIL-01,658
2024-09-19T00:00:00Z,IT-BER-01,774
2024-09-19T00:00:00Z,IT-BRE-01,750
2024-09-19T00:00:00Z,IT-TUR-01,761
2024-09-19T00:00:00Z,IT-GEN-01,737
2024-09-19T00:00:00Z,IT-BOL-01,643
2024-09-19T00:00:00Z,IT-FIR-01,713
2024-09-19T00:00:00Z,IT-ROM-01,709
2024-09-19T00:00:00Z,IT-NAP-01,637
2024-09-19T00:00:00Z,IT-BAR-01,743
2024-09-19T00:00:00Z,IT-PAL-01,710
2024-09-19T00:00:00Z,IT-VER-01,667
2024-09-19T00:00:00Z,IT-WEB-01,1041
2024-09-19T00:00:00Z,IT-AMZ-01,1078
2024-09-19T00:00:00Z,FR-WEB-01,1066
2024-09-19T00:00:00Z,DE-WEB-01,994
2024-09-20T00:00:00Z,IT-MIL-01,662
2024-09-20T00:00:00Z,IT-BER-01,732
2024-09-20T00:00:00Z,IT-BRE-01,750
2024-09-20T00:00:00Z,IT-TUR-01,780
2024-09-20T00:00:00Z,IT-GEN-01,737
2024-09-20T00:00:00Z,IT-BOL-01,690
2024-09-20T00:00:00Z,IT-FIR-01,776
2024-09-20T00:00:00Z,IT-ROM-01,646
2024-09-20T00:00:00Z,IT-NAP-01,709
2024-09-20T00:00:00Z,IT-BAR-01,687
2024-09-20T00:00:00Z,IT-PAL-01,729
2024-09-20T00:00:00Z,IT-VER-01,752
2024-09-20T00:00:00Z,IT-WEB-01,1109
2024-09-20T00:00:00Z,IT-AMZ-01,1095
2024-09-20T00:00:00Z,FR-WEB-01,1020
2024-09-20T00:00:00Z,DE-WEB-01,1070
2024-09-21T00:00:00Z,IT-MIL-01,840
2024-09-21T00:00:00Z,IT-BER-01,852
2024-09-21T00:00:00Z,IT-BRE-01,841
2024-09-21T00:00:00Z,IT-TUR-01,870
2024-09-21T00:00:00Z,IT-GEN-01,767
2024-09-21T00:00:00Z,IT-BOL-01,813
2024-09-21T00:00:00Z,IT-FIR-01,816
2024-09-21T00:00:00Z,IT-ROM-01,802
2024-09-21T00:00:00Z,IT-NAP-01,731
2024-09-21T00:00:00Z,IT-BAR-01,850
2024-09-21T00:00:00Z,IT-PAL-01,870
2024-09-21T00:00:00Z,IT-VER-01,875
2024-09-21T00:00:00Z,IT-WEB-01,1071
2024-09-21T00:00:00Z,IT-AMZ-01,1192
2024-09-21T00:00:00Z,FR-WEB-01,1201
2024-09-21T00:00:00Z,DE-WEB-01,1140
2024-09-22T00:00:00Z,IT-MIL-01,767
2024-09-22T00:00:00Z,IT-BER-01,891
2024-09-22T00:00:00Z,IT-BRE-01,765
2024-09-22T00:00:00Z,IT-TUR-01,844
2024-09-22T00:00:00Z,IT-GEN-01,807
2024-09-22T00:00:00Z,IT-BOL-01,895
2024-09-22T00:00:00Z,IT-FIR-01,784
2024-09-22T00:00:00Z,IT-ROM-01,798
2024-09-22T00:00:00Z,IT-NAP-01,763
2024-09-22T00:00:00Z,IT-BAR-01,732
2024-09-22T00:00:00Z,IT-PAL-01,884
2024-09-22T00:00:00Z,IT-VER-01,893
2024-09-22T00:00:00Z,IT-WEB-01,1148
2024-09-22T00:00:00Z,IT-AMZ-01,1129
2024-09-22T00:00:00Z,FR-WEB-01,1198
2024-09-22T00:00:00Z,DE-WEB-01,1216
2024-09-23T00:00:00Z,IT-MIL-01,714
2024-09-23T00:00:00Z,IT-BER-01,805
2024-09-23T00:00:00Z,IT-BRE-01,653
2024-09-23T00:00:00Z,IT-TUR-01,749
2024-09-23T00:00:00Z,IT-GEN-01,711
2024-09-23T00:00:00Z,IT-BOL-01,705
2024-09-23T00:00:00Z,IT-FIR-01,635
2024-09-23T00:00:00Z,IT-ROM-01,726
2024-09-23T00:00:00Z,IT-NAP-01,800
2024-09-23T00:00:00Z,IT-BAR-01,689
2024-09-23T00:00:00Z,IT-PAL-01,708
2024-09-23T00:00:00Z,IT-VER-01,788
2024-09-23T00:00:00Z,IT-WEB-01,1132
2024-09-23T00:00:00Z,IT-AMZ-01,1103
2024-09-23T00:00:00Z,FR-WEB-01,1047
2024-09-23T00:00:00Z,DE-WEB-01,997
2024-09-24T00:00:00Z,IT-MIL-01,701
2024-09-24T00:00:00Z,IT-BER-01,803
2024-09-24T00:00:00Z,IT-BRE-01,791
2024-09-24T00:00:00Z,IT-TUR-01,694
2024-09-24T00:00:00Z,IT-GEN-01,667
2024-09-24T00:00:00Z,IT-BOL-01,741
2024-09-24T00:00:00Z,IT-FIR-01,711
2024-09-24T00:00:00Z,IT-ROM-01,762
2024-09-24T00:00:00Z,IT-NAP-01,646
2024-09-24T00:00:00Z,IT-BAR-01,711
2024-09-24T00:00:00Z,IT-PAL-01,637
2024-09-24T00:00:00Z,IT-VER-01,690
2024-09-24T00:00:00Z,IT-WEB-01,1028
2024-09-24T00:00:00Z,IT-AMZ-01,983
2024-09-24T00:00:00Z,FR-WEB-01,1023
2024-09-24T00:00:00Z,DE-WEB-01,1056
2024-09-25T00:00:00Z,IT-MIL-01,692
2024-09-25T00:00:00Z,IT-BER-01,705
2024-09-25T00:00:00Z,IT-BRE-01,685
2024-09-25T00:00:00Z,IT-TUR-01,723
2024-09-25T00:00:00Z,IT-GEN-01,674
2024-09-25T00:00:00Z,IT-BOL-01,670
2024-09-25T00:00:00Z,IT-FIR-01,785
2024-09-25T00:00:00Z,IT-ROM-01,690
2024-09-25T00:00:00Z,IT-NAP-01,782
2024-09-25T00:00:00Z,IT-BAR-01,726
2024-09-25T00:00:00Z,IT-PAL-01,726
2024-09-25T00:00:00Z,IT-VER-01,732
2024-09-25T00:00:00Z,IT-WEB-01,987
2024-09-25T00:00:00Z,IT-AMZ-01,1102
2024-09-25T00:00:00Z,FR-WEB-01,1077
2024-09-25T00:00:00Z,DE-WEB-01,1101
2024-09-26T00:00:00Z,IT-MIL-01,731
2024-09-26T00:00:00Z,IT-BER-01,657
2024-09-26T00:00:00Z,IT-BRE-01,762
2024-09-26T00:00:00Z,IT-TUR-01,752
2024-09-26T00:00:00Z,IT-GEN-01,691
2024-09-26T00:00:00Z,IT-BOL-01,745
2024-09-26T00:00:00Z,IT-FIR-01,665
2024-09-26T00:00:00Z,IT-ROM-01,673
2024-09-26T00:00:00Z,IT-NAP-01,685
2024-09-26T00:00:00Z,IT-BAR-01,789
2024-09-26T00:00:00Z,IT-PAL-01,759
2024-09-26T00:00:00Z,IT-VER-01,795
2024-09-26T00:00:00Z,IT-WEB-01,1049
2024-09-26T00:00:00Z,IT-AMZ-01,1052
2024-09-26T00:00:00Z,FR-WEB-01,1113
2024-09-26T00:00:00Z,DE-WEB-01,979
2024-09-27T00:00:00Z,IT-MIL-01,673
2024-09-27T00:00:00Z,IT-BER-01,756
2024-09-27T00:00:00Z,IT-BRE-01,670
2024-09-27T00:00:00Z,IT-TUR-01,799
2024-09-27T00:00:00Z,IT-GEN-01,753
2024-09-27T00:00:00Z,IT-BOL-01,778
2024-09-27T00:00:00Z,IT-FIR-01,743
2024-09-27T00:00:00Z,IT-ROM-01,717
2024-09-27T00:00:00Z,IT-NAP-01,642
2024-09-27T00:00:00Z,IT-BAR-01,804
2024-09-27T00:00:00Z,IT-PAL-01,684
2024-09-27T00:00:00Z,IT-VER-01,783
2024-09-27T00:00:00Z,IT-WEB-01,1014
2024-09-27T00:00:00Z,IT-AMZ-01,1008
2024-09-27T00:00:00Z,FR-WEB-01,975
2024-09-27T00:00:00Z,DE-WEB-01,983
2024-09-28T00:00:00Z,IT-MIL-01,741
2024-09-28T00:00:00Z,IT-BER-01,816
2024-09-28T00:00:00Z,IT-BRE-01,758
2024-09-28T00:00:00Z,IT-TUR-01,849
2024-09-28T00:00:00Z,IT-GEN-01,754
2024-09-28T00:00:00Z,IT-BOL-01,821
2024-09-28T00:00:00Z,IT-FIR-01,842
2024-09-28T00:00:00Z,IT-ROM-01,768
2024-09-28T00:00:00Z,IT-NAP-01,875
2024-09-28T00:00:00Z,IT-BAR-01,822
2024-09-28T00:00:00Z,IT-PAL-01,826
2024-09-28T00:00:00Z,IT-VER-01,831
2024-09-28T00:00:00Z,IT-WEB-01,1206
2024-09-28T00:00:00Z,IT-AMZ-01,1103
2024-09-28T00:00:00Z,FR-WEB-01,1158
2024-09-28T00:00:00Z,DE-WEB-01,1230
2024-09-29T00:00:00Z,IT-MIL-01,735
2024-09-29T00:00:00Z,IT-BER-01,755
2024-09-29T00:00:00Z,IT-BRE-01,833
2024-09-29T00:00:00Z,IT-TUR-01,793
2024-09-29T00:00:00Z,IT-GEN-01,790
2024-09-29T00:00:00Z,IT-BOL-01,758
2024-09-29T00:00:00Z,IT-FIR-01,737
2024-09-29T00:00:00Z,IT-ROM-01,775
2024-09-29T00:00:00Z,IT-NAP-01,751
2024-09-29T00:00:00Z,IT-BAR-01,828
2024-09-29T00:00:00Z,IT-PAL-01,762
2024-09-29T00:00:00Z,IT-VER-01,808
2024-09-29T00:00:00Z,IT-WEB-01,1075
2024-09-29T00:00:00Z,IT-AMZ-01,1088
2024-09-29T00:00:00Z,FR-WEB-01,1196
2024-09-29T00:00:00Z,DE-WEB-01,1229
2024-09-30T00:00:00Z,IT-MIL-01,683
2024-09-30T00:00:00Z,IT-BER-01,692
2024-09-30T00:00:00Z,IT-BRE-01,720
2024-09-30T00:00:00Z,IT-TUR-01,771
2024-09-30T00:00:00Z,IT-GEN-01,785
2024-09-30T00:00:00Z,IT-BOL-01,724
2024-09-30T00:00:00Z,IT-FIR-01,720
2024-09-30T00:00:00Z,IT-ROM-01,762
2024-09-30T00:00:00Z,IT-NAP-01,802
2024-09-30T00:00:00Z,IT-BAR-01,802
2024-09-30T00:00:00Z,IT-PAL-01,801
2024-09-30T00:00:00Z,IT-VER-01,660
2024-09-30T00:00:00Z,IT-WEB-01,996
2024-09-30T00:00:00Z,IT-AMZ-01,1102
2024-09-30T00:00:00Z,FR-WEB-01,1060
2024-09-30T00:00:00Z,DE-WEB-01,1056
2024-10-01T00:00:00Z,IT-MIL-01,756
2024-10-01T00:00:00Z,IT-BER-01,764
2024-10-01T00:00:00Z,IT-BRE-01,775
2024-10-01T00:00:00Z,IT-TUR-01,788
2024-10-01T00:00:00Z,IT-GEN-01,660
2024-10-01T00:00:00Z,IT-BOL-01,691
2024-10-01T00:00:00Z,IT-FIR-01,686
2024-10-01T00:00:00Z,IT-ROM-01,682
2024-10-01T00:00:00Z,IT-NAP-01,805
2024-10-01T00:00:00Z,IT-BAR-01,720
2024-10-01T00:00:00Z,IT-PAL-01,777
2024-10-01T00:00:00Z,IT-VER-01,657
2024-10-01T00:00:00Z,IT-WEB-01,974
2024-10-01T00:00:00Z,IT-AMZ-01,1034
2024-10-01T00:00:00Z,FR-WEB-01,1025
2024-10-01T00:00:00Z,DE-WEB-01,996
2024-10-02T00:00:00Z,IT-MIL-01,643
2024-10-02T00:00:00Z,IT-BER-01,729
2024-10-02T00:00:00Z,IT-BRE-01,754
2024-10-02T00:00:00Z,IT-TUR-01,680
2024-10-02T00:00:00Z,IT-GEN-01,694
2024-10-02T00:00:00Z,IT-BOL-01,637
2024-10-02T00:00:00Z,IT-FIR-01,702
2024-10-02T00:00:00Z,IT-ROM-01,761
2024-10-02T00:00:00Z,IT-NAP-01,758
2024-10-02T00:00:00Z,IT-BAR-01,690
2024-10-02T00:00:00Z,IT-PAL-01,746
2024-10-02T00:00:00Z,IT-VER-01,645
2024-10-02T00:00:00Z,IT-WEB-01,1079
2024-10-02T00:00:00Z,IT-AMZ-01,1033
2024-10-02T00:00:00Z,FR-WEB-01,1020
2024-10-02T00:00:00Z,DE-WEB-01,991
2024-10-03T00:00:00Z,IT-MIL-01,789
2024-10-03T00:00:00Z,IT-BER-01,773
2024-10-03T00:00:00Z,IT-BRE-01,647
2024-10-03T00:00:00Z,IT-TUR-01,770
2024-10-03T00:00:00Z,IT-GEN-01,769
2024-10-03T00:00:00Z,IT-BOL-01,703
2024-10-03T00:00:00Z,IT-FIR-01,775
2024-10-03T00:00:00Z,IT-ROM-01,752
2024-10-03T00:00:00Z,IT-NAP-01,684
2024-10-03T00:00:00Z,IT-BAR-01,748
2024-10-03T00:00:00Z,IT-PAL-01,747
2024-10-03T00:00:00Z,IT-VER-01,789
2024-10-03T00:00:00Z,IT-WEB-01,1094
2024-10-03T00:00:00Z,IT-AMZ-01,970
2024-10-03T00:00:00Z,FR-WEB-01,1097
2024-10-03T00:00:00Z,DE-WEB-01,1095
2024-10-04T00:00:00Z,IT-MIL-01,659
2024-10-04T00:00:00Z,IT-BER-01,691
2024-10-04T00:00:00Z,IT-BRE-01,745
2024-10-04T00:00:00Z,IT-TUR-01,717
2024-10-04T00:00:00Z,IT-GEN-01,721
2024-10-04T00:00:00Z,IT-BOL-01,771
2024-10-04T00:00:00Z,IT-FIR-01,672
2024-10-04T00:00:00Z,IT-ROM-01,658
2024-10-04T00:00:00Z,IT-NAP-01,780
2024-10-04T00:00:00Z,IT-BAR-01,636
2024-10-04T00:00:00Z,IT-PAL-01,646
2024-10-04T00:00:00Z,IT-VER-01,654
2024-10-04T00:00:00Z,IT-WEB-01,1068
2024-10-04T00:00:00Z,IT-AMZ-01,1087
2024-10-04T00:00:00Z,FR-WEB-01,1052
2024-10-04T00:00:00Z,DE-WEB-01,1016
2024-10-05T00:00:00Z,IT-MIL-01,809
2024-10-05T00:00:00Z,IT-BER-01,860
2024-10-05T00:00:00Z,IT-BRE-01,774
2024-10-05T00:00:00Z,IT-TUR-01,848
2024-10-05T00:00:00Z,IT-GEN-01,871
2024-10-05T00:00:00Z,IT-BOL-01,839
2024-10-05T00:00:00Z,IT-FIR-01,762
2024-10-05T00:00:00Z,IT-ROM-01,894
2024-10-05T00:00:00Z,IT-NAP-01,882
2024-10-05T00:00:00Z,IT-BAR-01,801
2024-10-05T00:00:00Z,IT-PAL-01,744
2024-10-05T00:00:00Z,IT-VER-01,809
2024-10-05T00:00:00Z,IT-WEB-01,1098
2024-10-05T00:00:00Z,IT-AMZ-01,1063
2024-10-05T00:00:00Z,FR-WEB-01,1187
2024-10-05T00:00:00Z,DE-WEB-01,1226
2024-10-06T00:00:00Z,IT-MIL-01,800
2024-10-06T00:00:00Z,IT-BER-01,863
2024-10-06T00:00:00Z,IT-BRE-01,756
2024-10-06T00:00:00Z,IT-TUR-01,857
2024-10-06T00:00:00Z,IT-GEN-01,745
2024-10-06T00:00:00Z,IT-BOL-01,779
2024-10-06T00:00:00Z,IT-FIR-01,888
2024-10-06T00:00:00Z,IT-ROM-01,781
2024-10-06T00:00:00Z,IT-NAP-01,872
2024-10-06T00:00:00Z,IT-BAR-01,838
2024-10-06T00:00:00Z,IT-PAL-01,826
2024-10-06T00:00:00Z,IT-VER-01,765
2024-10-06T00:00:00Z,IT-WEB-01,1161
2024-10-06T00:00:00Z,IT-AMZ-01,1096
2024-10-06T00:00:00Z,FR-WEB-01,1193
2024-10-06T00:00:00Z,DE-WEB-01,1089
2024-10-07T00:00:00Z,IT-MIL-01,675
2024-10-07T00:00:00Z,IT-BER-01,716
2024-10-07T00:00:00Z,IT-BRE-01,655
2024-10-07T00:00:00Z,IT-TUR-01,702
2024-10-07T00:00:00Z,IT-GEN-01,637
2024-10-07T00:00:00Z,IT-BOL-01,708
2024-10-07T00:00:00Z,IT-FIR-01,660
2024-10-07T00:00:00Z,IT-ROM-01,771
2024-10-07T00:00:00Z,IT-NAP-01,725
2024-10-07T00:00:00Z,IT-BAR-01,715
2024-10-07T00:00:00Z,IT-PAL-01,728
2024-10-07T00:00:00Z,IT-VER-01,774
2024-10-07T00:00:00Z,IT-WEB-01,967
2024-10-07T00:00:00Z,IT-AMZ-01,1093
2024-10-07T00:00:00Z,FR-WEB-01,1102
2024-10-07T00:00:00Z,DE-WEB-01,1046
2024-10-08T00:00:00Z,IT-MIL-01,700
2024-10-08T00:00:00Z,IT-BER-01,737
2024-10-08T00:00:00Z,IT-BRE-01,662
2024-10-08T00:00:00Z,IT-TUR-01,767
2024-10-08T00:00:00Z,IT-GEN-01,803
2024-10-08T00:00:00Z,IT-BOL-01,728
2024-10-08T00:00:00Z,IT-FIR-01,721
2024-10-08T00:00:00Z,IT-ROM-01,797
2024-10-08T00:00:00Z,IT-NAP-01,781
2024-10-08T00:00:00Z,IT-BAR-01,710
2024-10-08T00:00:00Z,IT-PAL-01,694
2024-10-08T00:00:00Z,IT-VER-01,752
2024-10-08T00:00:00Z,IT-WEB-01,968
2024-10-08T00:00:00Z,IT-AMZ-01,999
2024-10-08T00:00:00Z,FR-WEB-01,973
2024-10-08T00:00:00Z,DE-WEB-01,1070
2024-10-09T00:00:00Z,IT-MIL-01,641
2024-10-09T00:00:00Z,IT-BER-01,681
2024-10-09T00:00:00Z,IT-BRE-01,793
2024-10-09T00:00:00Z,IT-TUR-01,700
2024-10-09T00:00:00Z,IT-GEN-01,789
2024-10-09T00:00:00Z,IT-BOL-01,769
2024-10-09T00:00:00Z,IT-FIR-01,652
2024-10-09T00:00:00Z,IT-ROM-01,767
2024-10-09T00:00:00Z,IT-NAP-01,767
2024-10-09T00:00:00Z,IT-BAR-01,654
2024-10-09T00:00:00Z,IT-PAL-01,673
2024-10-09T00:00:00Z,IT-VER-01,678
2024-10-09T00:00:00Z,IT-WEB-01,1071
2024-10-09T00:00:00Z,IT-AMZ-01,1135
2024-10-09T00:00:00Z,FR-WEB-01,1089
2024-10-09T00:00:00Z,DE-WEB-01,1051
2024-10-10T00:00:00Z,IT-MIL-01,793
2024-10-10T00:00:00Z,IT-BER-01,720
2024-10-10T00:00:00Z,IT-BRE-01,801
2024-10-10T00:00:00Z,IT-TUR-01,782
2024-10-10T00:00:00Z,IT-GEN-01,701
2024-10-10T00:00:00Z,IT-BOL-01,715
2024-10-10T00:00:00Z,IT-FIR-01,749
2024-10-10T00:00:00Z,IT-ROM-01,798
2024-10-10T00:00:00Z,IT-NAP-01,706
2024-10-10T00:00:00Z,IT-BAR-01,713
2024-10-10T00:00:00Z,IT-PAL-01,721
2024-10-10T00:00:00Z,IT-VER-01,674
2024-10-10T00:00:00Z,IT-WEB-01,1094
2024-10-10T00:00:00Z,IT-AMZ-01,1088
2024-10-10T00:00:00Z,FR-WEB-01,980
2024-10-10T00:00:00Z,DE-WEB-01,1079
2024-10-11T00:00:00Z,IT-MIL-01,769
2024-10-11T00:00:00Z,IT-BER-01,754
2024-10-11T00:00:00Z,IT-BRE-01,741
2024-10-11T00:00:00Z,IT-TUR-01,651
2024-10-11T00:00:00Z,IT-GEN-01,696
2024-10-11T00:00:00Z,IT-BOL-01,667
2024-10-11T00:00:00Z,IT-FIR-01,674
2024-10-11T00:00:00Z,IT-ROM-01,715
2024-10-11T00:00:00Z,IT-NAP-01,760
2024-10-11T00:00:00Z,IT-BAR-01,739
2024-10-11T00:00:00Z,IT-PAL-01,773
2024-10-11T00:00:00Z,IT-VER-01,774
2024-10-11T00:00:00Z,IT-WEB-01,1029
2024-10-11T00:00:00Z,IT-AMZ-01,1007
2024-10-11T00:00:00Z,FR-WEB-01,1101
2024-10-11T00:00:00Z,DE-WEB-01,986
2024-10-12T00:00:00Z,IT-MIL-01,831
2024-10-12T00:00:00Z,IT-BER-01,832
2024-10-12T00:00:00Z,IT-BRE-01,747
2024-10-12T00:00:00Z,IT-TUR-01,810
2024-10-12T00:00:00Z,IT-GEN-01,840
2024-10-12T00:00:00Z,IT-BOL-01,757
2024-10-12T00:00:00Z,IT-FIR-01,780
2024-10-12T00:00:00Z,IT-ROM-01,899
2024-10-12T00:00:00Z,IT-NAP-01,793
2024-10-12T00:00:00Z,IT-BAR-01,750
2024-10-12T00:00:00Z,IT-PAL-01,864
2024-10-12T00:00:00Z,IT-VER-01,852
2024-10-12T00:00:00Z,IT-WEB-01,1219
2024-10-12T00:00:00Z,IT-AMZ-01,1203
2024-10-12T00:00:00Z,FR-WEB-01,1210
2024-10-12T00:00:00Z,DE-WEB-01,1200
2024-10-13T00:00:00Z,IT-MIL-01,786
2024-10-13T00:00:00Z,IT-BER-01,813
2024-10-13T00:00:00Z,IT-BRE-01,821
2024-10-13T00:00:00Z,IT-TUR-01,843
2024-10-13T00:00:00Z,IT-GEN-01,877
2024-10-13T00:00:00Z,IT-BOL-01,793
2024-10-13T00:00:00Z,IT-FIR-01,731
2024-10-13T00:00:00Z,IT-ROM-01,743
2024-10-13T00:00:00Z,IT-NAP-01,798
2024-10-13T00:00:00Z,IT-BAR-01,853
2024-10-13T00:00:00Z,IT-PAL-01,868
2024-10-13T00:00:00Z,IT-VER-01,742
2024-10-13T00:00:00Z,IT-WEB-01,1137
2024-10-13T00:00:00Z,IT-AMZ-01,1156
2024-10-13T00:00:00Z,FR-WEB-01,1098
2024-10-13T00:00:00Z,DE-WEB-01,1126
2024-10-14T00:00:00Z,IT-MIL-01,723
2024-10-14T00:00:00Z,IT-BER-01,716
2024-10-14T00:00:00Z,IT-BRE-01,793
2024-10-14T00:00:00Z,IT-TUR-01,744
2024-10-14T00:00:00Z,IT-GEN-01,723
2024-10-14T00:00:00Z,IT-BOL-01,793
2024-10-14T00:00:00Z,IT-FIR-01,698
2024-10-14T00:00:00Z,IT-ROM-01,728
2024-10-14T00:00:00Z,IT-NAP-01,722
2024-10-14T00:00:00Z,IT-BAR-01,644
2024-10-14T00:00:00Z,IT-PAL-01,690
2024-10-14T00:00:00Z,IT-VER-01,779
2024-10-14T00:00:00Z,IT-WEB-01,1072
2024-10-14T00:00:00Z,IT-AMZ-01,1024
2024-10-14T00:00:00Z,FR-WEB-01,1040
2024-10-14T00:00:00Z,DE-WEB-01,1056
2024-10-15T00:00:00Z,IT-MIL-01,701
2024-10-15T00:00:00Z,IT-BER-01,695
2024-10-15T00:00:00Z,IT-BRE-01,699
2024-10-15T00:00:00Z,IT-TUR-01,709
2024-10-15T00:00:00Z,IT-GEN-01,776
2024-10-15T00:00:00Z,IT-BOL-01,745
2024-10-15T00:00:00Z,IT-FIR-01,718
2024-10-15T00:00:00Z,IT-ROM-01,638
2024-10-15T00:00:00Z,IT-NAP-01,792
2024-10-15T00:00:00Z,IT-BAR-01,780
2024-10-15T00:00:00Z,IT-PAL-01,711
2024-10-15T00:00:00Z,IT-VER-01,655
2024-10-15T00:00:00Z,IT-WEB-01,991
2024-10-15T00:00:00Z,IT-AMZ-01,1040
2024-10-15T00:00:00Z,FR-WEB-01,1006
2024-10-15T00:00:00Z,DE-WEB-01,1105
2024-10-16T00:00:00Z,IT-MIL-01,656
2024-10-16T00:00:00Z,IT-BER-01,745
2024-10-16T00:00:00Z,IT-BRE-01,657
2024-10-16T00:00:00Z,IT-TUR-01,640
2024-10-16T00:00:00Z,IT-GEN-01,752
2024-10-16T00:00:00Z,IT-BOL-01,671
2024-10-16T00:00:00Z,IT-FIR-01,765
2024-10-16T00:00:00Z,IT-ROM-01,805
2024-10-16T00:00:00Z,IT-NAP-01,789
2024-10-16T00:00:00Z,IT-BAR-01,716
2024-10-16T00:00:00Z,IT-PAL-01,668
2024-10-16T00:00:00Z,IT-VER-01,730
2024-10-16T00:00:00Z,IT-WEB-01,1126
2024-10-16T00:00:00Z,IT-AMZ-01,1043
2024-10-16T00:00:00Z,FR-WEB-01,1075
2024-10-16T00:00:00Z,DE-WEB-01,1024
2024-10-17T00:00:00Z,IT-MIL-01,743
2024-10-17T00:00:00Z,IT-BER-01,747
2024-10-17T00:00:00Z,IT-BRE-01,785
2024-10-17T00:00:00Z,IT-TUR-01,667
2024-10-17T00:00:00Z,IT-GEN-01,792
2024-10-17T00:00:00Z,IT-BOL-01,682
2024-10-17T00:00:00Z,IT-FIR-01,696
2024-10-17T00:00:00Z,IT-ROM-01,715
2024-10-17T00:00:00Z,IT-NAP-01,643
2024-10-17T00:00:00Z,IT-BAR-01,642
2024-10-17T00:00:00Z,IT-PAL-01,795
2024-10-17T00:00:00Z,IT-VER-01,698
2024-10-17T00:00:00Z,IT-WEB-01,1022
2024-10-17T00:00:00Z,IT-AMZ-01,1020
2024-10-17T00:00:00Z,FR-WEB-01,1069
2024-10-17T00:00:00Z,DE-WEB-01,1075
2024-10-18T00:00:00Z,IT-MIL-01,656
2024-10-18T00:00:00Z,IT-BER-01,736
2024-10-18T00:00:00Z,IT-BRE-01,796
2024-10-18T00:00:00Z,IT-TUR-01,760
2024-10-18T00:00:00Z,IT-GEN-01,654
2024-10-18T00:00:00Z,IT-BOL-01,709
2024-10-18T00:00:00Z,IT-FIR-01,799
2024-10-18T00:00:00Z,IT-ROM-01,679
2024-10-18T00:00:00Z,IT-NAP-01,685
2024-10-18T00:00:00Z,IT-BAR-01,677
2024-10-18T00:00:00Z,IT-PAL-01,690
2024-10-18T00:00:00Z,IT-VER-01,724
2024-10-18T00:00:00Z,IT-WEB-01,1007
2024-10-18T00:00:00Z,IT-AMZ-01,1114
2024-10-18T00:00:00Z,FR-WEB-01,1098
2024-10-18T00:00:00Z,DE-WEB-01,1016
2024-10-19T00:00:00Z,IT-MIL-01,778
2024-10-19T00:00:00Z,IT-BER-01,846
2024-10-19T00:00:00Z,IT-BRE-01,882
2024-10-19T00:00:00Z,IT-TUR-01,790
2024-10-19T00:00:00Z,IT-GEN-01,843
2024-10-19T00:00:00Z,IT-BOL-01,870
2024-10-19T00:00:00Z,IT-FIR-01,881
2024-10-19T00:00:00Z,IT-ROM-01,791
2024-10-19T00:00:00Z,IT-NAP-01,900
2024-10-19T00:00:00Z,IT-BAR-01,812
2024-10-19T00:00:00Z,IT-PAL-01,800
2024-10-19T00:00:00Z,IT-VER-01,875
2024-10-19T00:00:00Z,IT-WEB-01,1193
2024-10-19T00:00:00Z,IT-AMZ-01,1142
2024-10-19T00:00:00Z,FR-WEB-01,1116
2024-10-19T00:00:00Z,DE-WEB-01,1138
2024-10-20T00:00:00Z,IT-MIL-01,761
2024-10-20T00:00:00Z,IT-BER-01,893
2024-10-20T00:00:00Z,IT-BRE-01,871
2024-10-20T00:00:00Z,IT-TUR-01,743
2024-10-20T00:00:00Z,IT-GEN-01,832
2024-10-20T00:00:00Z,IT-BOL-01,849
2024-10-20T00:00:00Z,IT-FIR-01,886
2024-10-20T00:00:00Z,IT-ROM-01,798
2024-10-20T00:00:00Z,IT-NAP-01,730
2024-10-20T00:00:00Z,IT-BAR-01,879
2024-10-20T00:00:00Z,IT-PAL-01,864
2024-10-20T00:00:00Z,IT-VER-01,843
2024-10-20T00:00:00Z,IT-WEB-01,1171
2024-10-20T00:00:00Z,IT-AMZ-01,1222
2024-10-20T00:00:00Z,FR-WEB-01,1226
2024-10-20T00:00:00Z,DE-WEB-01,1098
2024-10-21T00:00:00Z,IT-MIL-01,799
2024-10-21T00:00:00Z,IT-BER-01,767
2024-10-21T00:00:00Z,IT-BRE-01,761
2024-10-21T00:00:00Z,IT-TUR-01,641
2024-10-21T00:00:00Z,IT-GEN-01,713
2024-10-21T00:00:00Z,IT-BOL-01,693
2024-10-21T00:00:00Z,IT-FIR-01,718
2024-10-21T00:00:00Z,IT-ROM-01,738
2024-10-21T00:00:00Z,IT-NAP-01,731
2024-10-21T00:00:00Z,IT-BAR-01,717
2024-10-21T00:00:00Z,IT-PAL-01,747
2024-10-21T00:00:00Z,IT-VER-01,646
2024-10-21T00:00:00Z,IT-WEB-01,1012
2024-10-21T00:00:00Z,IT-AMZ-01,1012
2024-10-21T00:00:00Z,FR-WEB-01,1006
2024-10-21T00:00:00Z,DE-WEB-01,1117
2024-10-22T00:00:00Z,IT-MIL-01,778
2024-10-22T00:00:00Z,IT-BER-01,798
2024-10-22T00:00:00Z,IT-BRE-01,792
2024-10-22T00:00:00Z,IT-TUR-01,635
2024-10-22T00:00:00Z,IT-GEN-01,706
2024-10-22T00:00:00Z,IT-BOL-01,640
2024-10-22T00:00:00Z,IT-FIR-01,780
2024-10-22T00:00:00Z,IT-ROM-01,753
2024-10-22T00:00:00Z,IT-NAP-01,756
2024-10-22T00:00:00Z,IT-BAR-01,774
2024-10-22T00:00:00Z,IT-PAL-01,779
2024-10-22T00:00:00Z,IT-VER-01,802
2024-10-22T00:00:00Z,IT-WEB-01,1115
2024-10-22T00:00:00Z,IT-AMZ-01,1082
2024-10-22T00:00:00Z,FR-WEB-01,1024
2024-10-22T00:00:00Z,DE-WEB-01,1053
2024-10-23T00:00:00Z,IT-MIL-01,716
2024-10-23T00:00:00Z,IT-BER-01,706
2024-10-23T00:00:00Z,IT-BRE-01,647
2024-10-23T00:00:00Z,IT-TUR-01,641
2024-10-23T00:00:00Z,IT-GEN-01,722
2024-10-23T00:00:00Z,IT-BOL-01,662
2024-10-23T00:00:00Z,IT-FIR-01,662
2024-10-23T00:00:00Z,IT-ROM-01,712
2024-10-23T00:00:00Z,IT-NAP-01,727
2024-10-23T00:00:00Z,IT-BAR-01,719
2024-10-23T00:00:00Z,IT-PAL-01,651
2024-10-23T00:00:00Z,IT-VER-01,738
2024-10-23T00:00:00Z,IT-WEB-01,994
2024-10-23T00:00:00Z,IT-AMZ-01,976
2024-10-23T00:00:00Z,FR-WEB-01,987
2024-10-23T00:00:00Z,DE-WEB-01,1058
2024-10-24T00:00:00Z,IT-MIL-01,750
2024-10-24T00:00:00Z,IT-BER-01,769
2024-10-24T00:00:00Z,IT-BRE-01,799
2024-10-24T00:00:00Z,IT-TUR-01,752
2024-10-24T00:00:00Z,IT-GEN-01,684
2024-10-24T00:00:00Z,IT-BOL-01,704
2024-10-24T00:00:00Z,IT-FIR-01,654
2024-10-24T00:00:00Z,IT-ROM-01,767
2024-10-24T00:00:00Z,IT-NAP-01,759
2024-10-24T00:00:00Z,IT-BAR-01,774
2024-10-24T00:00:00Z,IT-PAL-01,708
2024-10-24T00:00:00Z,IT-VER-01,690
2024-10-24T00:00:00Z,IT-WEB-01,1101
2024-10-24T00:00:00Z,IT-AMZ-01,1035
2024-10-24T00:00:00Z,FR-WEB-01,1039
2024-10-24T00:00:00Z,DE-WEB-01,1091
2024-10-25T00:00:00Z,IT-MIL-01,680
2024-10-25T00:00:00Z,IT-BER-01,778
2024-10-25T00:00:00Z,IT-BRE-01,672
2024-10-25T00:00:00Z,IT-TUR-01,793
2024-10-25T00:00:00Z,IT-GEN-01,647
2024-10-25T00:00:00Z,IT-BOL-01,652
2024-10-25T00:00:00Z,IT-FIR-01,790
2024-10-25T00:00:00Z,IT-ROM-01,748
2024-10-25T00:00:00Z,IT-NAP-01,802
2024-10-25T00:00:00Z,IT-BAR-01,761
2024-10-25T00:00:00Z,IT-PAL-01,801
2024-10-25T00:00:00Z,IT-VER-01,787
2024-10-25T00:00:00Z,IT-WEB-01,1024
2024-10-25T00:00:00Z,IT-AMZ-01,1027
2024-10-25T00:00:00Z,FR-WEB-01,1069
2024-10-25T00:00:00Z,DE-WEB-01,996
2024-10-26T00:00:00Z,IT-MIL-01,878
2024-10-26T00:00:00Z,IT-BER-01,874
2024-10-26T00:00:00Z,IT-BRE-01,864
2024-10-26T00:00:00Z,IT-TUR-01,899
2024-10-26T00:00:00Z,IT-GEN-01,817
2024-10-26T00:00:00Z,IT-BOL-01,851
2024-10-26T00:00:00Z,IT-FIR-01,771
2024-10-26T00:00:00Z,IT-ROM-01,870
2024-10-26T00:00:00Z,IT-NAP-01,794
2024-10-26T00:00:00Z,IT-BAR-01,862
2024-10-26T00:00:00Z,IT-PAL-01,881
2024-10-26T00:00:00Z,IT-VER-01,897
2024-10-26T00:00:00Z,IT-WEB-01,1130
2024-10-26T00:00:00Z,IT-AMZ-01,1206
2024-10-26T00:00:00Z,FR-WEB-01,1142
2024-10-26T00:00:00Z,DE-WEB-01,1066
2024-10-27T00:00:00Z,IT-MIL-01,781
2024-10-27T00:00:00Z,IT-BER-01,885
2024-10-27T00:00:00Z,IT-BRE-01,852
2024-10-27T00:00:00Z,IT-TUR-01,736
2024-10-27T00:00:00Z,IT-GEN-01,785
2024-10-27T00:00:00Z,IT-BOL-01,754
2024-10-27T00:00:00Z,IT-FIR-01,832
2024-10-27T00:00:00Z,IT-ROM-01,847
2024-10-27T00:00:00Z,IT-NAP-01,809
2024-10-27T00:00:00Z,IT-BAR-01,787
2024-10-27T00:00:00Z,IT-PAL-01,800
2024-10-27T00:00:00Z,IT-VER-01,862
2024-10-27T00:00:00Z,IT-WEB-01,1225
2024-10-27T00:00:00Z,IT-AMZ-01,1227
2024-10-27T00:00:00Z,FR-WEB-01,1187
2024-10-27T00:00:00Z,DE-WEB-01,1091
2024-10-28T00:00:00Z,IT-MIL-01,654
2024-10-28T00:00:00Z,IT-BER-01,682
2024-10-28T00:00:00Z,IT-BRE-01,773
2024-10-28T00:00:00Z,IT-TUR-01,744
2024-10-28T00:00:00Z,IT-GEN-01,648
2024-10-28T00:00:00Z,IT-BOL-01,707
2024-10-28T00:00:00Z,IT-FIR-01,637
2024-10-28T00:00:00Z,IT-ROM-01,692
2024-10-28T00:00:00Z,IT-NAP-01,655
2024-10-28T00:00:00Z,IT-BAR-01,728
2024-10-28T00:00:00Z,IT-PAL-01,737
2024-10-28T00:00:00Z,IT-VER-01,668
2024-10-28T00:00:00Z,IT-WEB-01,1059
2024-10-28T00:00:00Z,IT-AMZ-01,998
2024-10-28T00:00:00Z,FR-WEB-01,965
2024-10-28T00:00:00Z,DE-WEB-01,972
2024-10-29T00:00:00Z,IT-MIL-01,664
2024-10-29T00:00:00Z,IT-BER-01,678
2024-10-29T00:00:00Z,IT-BRE-01,790
2024-10-29T00:00:00Z,IT-TUR-01,677
2024-10-29T00:00:00Z,IT-GEN-01,712
2024-10-29T00:00:00Z,IT-BOL-01,795
2024-10-29T00:00:00Z,IT-FIR-01,750
2024-10-29T00:00:00Z,IT-ROM-01,683
2024-10-29T00:00:00Z,IT-NAP-01,763
2024-10-29T00:00:00Z,IT-BAR-01,765
2024-10-29T00:00:00Z,IT-PAL-01,663
2024-10-29T00:00:00Z,IT-VER-01,669
2024-10-29T00:00:00Z,IT-WEB-01,1006
2024-10-29T00:00:00Z,IT-AMZ-01,1057
2024-10-29T00:00:00Z,FR-WEB-01,1032
2024-10-29T00:00:00Z,DE-WEB-01,971
2024-10-30T00:00:00Z,IT-MIL-01,713
2024-10-30T00:00:00Z,IT-BER-01,801
2024-10-30T00:00:00Z,IT-BRE-01,691
2024-10-30T00:00:00Z,IT-TUR-01,714
2024-10-30T00:00:00Z,IT-GEN-01,765
2024-10-30T00:00:00Z,IT-BOL-01,676
2024-10-30T00:00:00Z,IT-FIR-01,716
2024-10-30T00:00:00Z,IT-ROM-01,767
2024-10-30T00:00:00Z,IT-NAP-01,713
2024-10-30T00:00:00Z,IT-BAR-01,779
2024-10-30T00:00:00Z,IT-PAL-01,705
2024-10-30T00:00:00Z,IT-VER-01,764
2024-10-30T00:00:00Z,IT-WEB-01,1067
2024-10-30T00:00:00Z,IT-AMZ-01,965
2024-10-30T00:00:00Z,FR-WEB-01,1021
2024-10-30T00:00:00Z,DE-WEB-01,967
2024-10-31T00:00:00Z,IT-MIL-01,749
2024-10-31T00:00:00Z,IT-BER-01,727
2024-10-31T00:00:00Z,IT-BRE-01,747
2024-10-31T00:00:00Z,IT-TUR-01,643
2024-10-31T00:00:00Z,IT-GEN-01,671
2024-10-31T00:00:00Z,IT-BOL-01,716
2024-10-31T00:00:00Z,IT-FIR-01,683
2024-10-31T00:00:00Z,IT-ROM-01,743
2024-10-31T00:00:00Z,IT-NAP-01,731
2024-10-31T00:00:00Z,IT-BAR-01,766
2024-10-31T00:00:00Z,IT-PAL-01,666
2024-10-31T00:00:00Z,IT-VER-01,738
2024-10-31T00:00:00Z,IT-WEB-01,1005
2024-10-31T00:00:00Z,IT-AMZ-01,1089
2024-10-31T00:00:00Z,FR-WEB-01,1046
2024-10-31T00:00:00Z,DE-WEB-01,970
2024-11-01T00:00:00Z,IT-MIL-01,784
2024-11-01T00:00:00Z,IT-BER-01,710
2024-11-01T00:00:00Z,IT-BRE-01,794
2024-11-01T00:00:00Z,IT-TUR-01,720
2024-11-01T00:00:00Z,IT-GEN-01,721
2024-11-01T00:00:00Z,IT-BOL-01,789
2024-11-01T00:00:00Z,IT-FIR-01,640
2024-11-01T00:00:00Z,IT-ROM-01,712
2024-11-01T00:00:00Z,IT-NAP-01,657
2024-11-01T00:00:00Z,IT-BAR-01,709
2024-11-01T00:00:00Z,IT-PAL-01,691
2024-11-01T00:00:00Z,IT-VER-01,672
2024-11-01T00:00:00Z,IT-WEB-01,1008
2024-11-01T00:00:00Z,IT-AMZ-01,1040
2024-11-01T00:00:00Z,FR-WEB-01,1090
2024-11-01T00:00:00Z,DE-WEB-01,1127
2024-11-02T00:00:00Z,IT-MIL-01,761
2024-11-02T00:00:00Z,IT-BER-01,870
2024-11-02T00:00:00Z,IT-BRE-01,789
2024-11-02T00:00:00Z,IT-TUR-01,802
2024-11-02T00:00:00Z,IT-GEN-01,747
2024-11-02T00:00:00Z,IT-BOL-01,819
2024-11-02T00:00:00Z,IT-FIR-01,808
2024-11-02T00:00:00Z,IT-ROM-01,742
2024-11-02T00:00:00Z,IT-NAP-01,776
2024-11-02T00:00:00Z,IT-BAR-01,792
2024-11-02T00:00:00Z,IT-PAL-01,876
2024-11-02T00:00:00Z,IT-VER-01,735
2024-11-02T00:00:00Z,IT-WEB-01,1198
2024-11-02T00:00:00Z,IT-AMZ-01,1108
2024-11-02T00:00:00Z,FR-WEB-01,1080
2024-11-02T00:00:00Z,DE-WEB-01,1196
2024-11-03T00:00:00Z,IT-MIL-01,825
2024-11-03T00:00:00Z,IT-BER-01,756
2024-11-03T00:00:00Z,IT-BRE-01,764
2024-11-03T00:00:00Z,IT-TUR-01,790
2024-11-03T00:00:00Z,IT-GEN-01,831
2024-11-03T00:00:00Z,IT-BOL-01,799
2024-11-03T00:00:00Z,IT-FIR-01,761
2024-11-03T00:00:00Z,IT-ROM-01,887
2024-11-03T00:00:00Z,IT-NAP-01,829
2024-11-03T00:00:00Z,IT-BAR-01,839
2024-11-03T00:00:00Z,IT-PAL-01,766
2024-11-03T00:00:00Z,IT-VER-01,770
2024-11-03T00:00:00Z,IT-WEB-01,1203
2024-11-03T00:00:00Z,IT-AMZ-01,1190
2024-11-03T00:00:00Z,FR-WEB-01,1079
2024-11-03T00:00:00Z,DE-WEB-01,1067
2024-11-04T00:00:00Z,IT-MIL-01,686
2024-11-04T00:00:00Z,IT-BER-01,769
2024-11-04T00:00:00Z,IT-BRE-01,725
2024-11-04T00:00:00Z,IT-TUR-01,644
2024-11-04T00:00:00Z,IT-GEN-01,674
2024-11-04T00:00:00Z,IT-BOL-01,668
2024-11-04T00:00:00Z,IT-FIR-01,707
2024-11-04T00:00:00Z,IT-ROM-01,691
2024-11-04T00:00:00Z,IT-NAP-01,672
2024-11-04T00:00:00Z,IT-BAR-01,718
2024-11-04T00:00:00Z,IT-PAL-01,663
2024-11-04T00:00:00Z,IT-VER-01,650
2024-11-04T00:00:00Z,IT-WEB-01,1013
2024-11-04T00:00:00Z,IT-AMZ-01,1022
2024-11-04T00:00:00Z,FR-WEB-01,1023
2024-11-04T00:00:00Z,DE-WEB-01,1100
2024-11-05T00:00:00Z,IT-MIL-01,765
2024-11-05T00:00:00Z,IT-BER-01,768
2024-11-05T00:00:00Z,IT-BRE-01,655
2024-11-05T00:00:00Z,IT-TUR-01,768
2024-11-05T00:00:00Z,IT-GEN-01,645
2024-11-05T00:00:00Z,IT-BOL-01,711
2024-11-05T00:00:00Z,IT-FIR-01,733
2024-11-05T00:00:00Z,IT-ROM-01,748
2024-11-05T00:00:00Z,IT-NAP-01,750
2024-11-05T00:00:00Z,IT-BAR-01,755
2024-11-05T00:00:00Z,IT-PAL-01,755
2024-11-05T00:00:00Z,IT-VER-01,767
2024-11-05T00:00:00Z,IT-WEB-01,1033
2024-11-05T00:00:00Z,IT-AMZ-01,1070
2024-11-05T00:00:00Z,FR-WEB-01,1078
2024-11-05T00:00:00Z,DE-WEB-01,1060
2024-11-06T00:00:00Z,IT-MIL-01,642
2024-11-06T00:00:00Z,IT-BER-01,697
2024-11-06T00:00:00Z,IT-BRE-01,743
2024-11-06T00:00:00Z,IT-TUR-01,662
2024-11-06T00:00:00Z,IT-GEN-01,657
2024-11-06T00:00:00Z,IT-BOL-01,758
2024-11-06T00:00:00Z,IT-FIR-01,739
2024-11-06T00:00:00Z,IT-ROM-01,705
2024-11-06T00:00:00Z,IT-NAP-01,740
2024-11-06T00:00:00Z,IT-BAR-01,778
2024-11-06T00:00:00Z,IT-PAL-01,707
2024-11-06T00:00:00Z,IT-VER-01,765
2024-11-06T00:00:00Z,IT-WEB-01,1023
2024-11-06T00:00:00Z,IT-AMZ-01,1045
2024-11-06T00:00:00Z,FR-WEB-01,1130
2024-11-06T00:00:00Z,DE-WEB-01,1111
2024-11-07T00:00:00Z,IT-MIL-01,734
2024-11-07T00:00:00Z,IT-BER-01,667
2024-11-07T00:00:00Z,IT-BRE-01,698
2024-11-07T00:00:00Z,IT-TUR-01,653
2024-11-07T00:00:00Z,IT-GEN-01,713
2024-11-07T00:00:00Z,IT-BOL-01,680
2024-11-07T00:00:00Z,IT-FIR-01,666
2024-11-07T00:00:00Z,IT-ROM-01,774
2024-11-07T00:00:00Z,IT-NAP-01,732
2024-11-07T00:00:00Z,IT-BAR-01,758
2024-11-07T00:00:00Z,IT-PAL-01,731
2024-11-07T00:00:00Z,IT-VER-01,763
2024-11-07T00:00:00Z,IT-WEB-01,1107
2024-11-07T00:00:00Z,IT-AMZ-01,1040
2024-11-07T00:00:00Z,FR-WEB-01,1068
2024-11-07T00:00:00Z,DE-WEB-01,1081
2024-11-08T00:00:00Z,IT-MIL-01,726
2024-11-08T00:00:00Z,IT-BER-01,714
2024-11-08T00:00:00Z,IT-BRE-01,789
2024-11-08T00:00:00Z,IT-TUR-01,719
2024-11-08T00:00:00Z,IT-GEN-01,675
2024-11-08T00:00:00Z,IT-BOL-01,640
2024-11-08T00:00:00Z,IT-FIR-01,725
2024-11-08T00:00:00Z,IT-ROM-01,768
2024-11-08T00:00:00Z,IT-NAP-01,736
2024-11-08T00:00:00Z,IT-BAR-01,729
2024-11-08T00:00:00Z,IT-PAL-01,784
2024-11-08T00:00:00Z,IT-VER-01,754
2024-11-08T00:00:00Z,IT-WEB-01,1126
2024-11-08T00:00:00Z,IT-AMZ-01,1116
2024-11-08T00:00:00Z,FR-WEB-01,1116
2024-11-08T00:00:00Z,DE-WEB-01,1001
2024-11-09T00:00:00Z,IT-MIL-01,878
2024-11-09T00:00:00Z,IT-BER-01,730
2024-11-09T00:00:00Z,IT-BRE-01,841
2024-11-09T00:00:00Z,IT-TUR-01,892
2024-11-09T00:00:00Z,IT-GEN-01,792
2024-11-09T00:00:00Z,IT-BOL-01,846
2024-11-09T00:00:00Z,IT-FIR-01,847
2024-11-09T00:00:00Z,IT-ROM-01,834
2024-11-09T00:00:00Z,IT-NAP-01,795
2024-11-09T00:00:00Z,IT-BAR-01,734
2024-11-09T00:00:00Z,IT-PAL-01,731
2024-11-09T00:00:00Z,IT-VER-01,772
2024-11-09T00:00:00Z,IT-WEB-01,1220
2024-11-09T00:00:00Z,IT-AMZ-01,1094
2024-11-09T00:00:00Z,FR-WEB-01,1225
2024-11-09T00:00:00Z,DE-WEB-01,1091
2024-11-10T00:00:00Z,IT-MIL-01,886
2024-11-10T00:00:00Z,IT-BER-01,801
2024-11-10T00:00:00Z,IT-BRE-01,758
2024-11-10T00:00:00Z,IT-TUR-01,761
2024-11-10T00:00:00Z,IT-GEN-01,830
2024-11-10T00:00:00Z,IT-BOL-01,851
2024-11-10T00:00:00Z,IT-FIR-01,776
2024-11-10T00:00:00Z,IT-ROM-01,795
2024-11-10T00:00:00Z,IT-NAP-01,782
2024-11-10T00:00:00Z,IT-BAR-01,817
2024-11-10T00:00:00Z,IT-PAL-01,803
2024-11-10T00:00:00Z,IT-VER-01,762
2024-11-10T00:00:00Z,IT-WEB-01,1196
2024-11-10T00:00:00Z,IT-AMZ-01,1094
2024-11-10T00:00:00Z,FR-WEB-01,1164
2024-11-10T00:00:00Z,DE-WEB-01,1174
2024-11-11T00:00:00Z,IT-MIL-01,644
2024-11-11T00:00:00Z,IT-BER-01,784
2024-11-11T00:00:00Z,IT-BRE-01,638
2024-11-11T00:00:00Z,IT-TUR-01,782
2024-11-11T00:00:00Z,IT-GEN-01,753
2024-11-11T00:00:00Z,IT-BOL-01,657
2024-11-11T00:00:00Z,IT-FIR-01,749
2024-11-11T00:00:00Z,IT-ROM-01,654
2024-11-11T00:00:00Z,IT-NAP-01,791
2024-11-11T00:00:00Z,IT-BAR-01,782
2024-11-11T00:00:00Z,IT-PAL-01,798
2024-11-11T00:00:00Z,IT-VER-01,751
2024-11-11T00:00:00Z,IT-WEB-01,1015
2024-11-11T00:00:00Z,IT-AMZ-01,1121
2024-11-11T00:00:00Z,FR-WEB-01,1001
2024-11-11T00:00:00Z,DE-WEB-01,1096
2024-11-12T00:00:00Z,IT-MIL-01,769
2024-11-12T00:00:00Z,IT-BER-01,638
2024-11-12T00:00:00Z,IT-BRE-01,774
2024-11-12T00:00:00Z,IT-TUR-01,802
2024-11-12T00:00:00Z,IT-GEN-01,661
2024-11-12T00:00:00Z,IT-BOL-01,769
2024-11-12T00:00:00Z,IT-FIR-01,753
2024-11-12T00:00:00Z,IT-ROM-01,675
2024-11-12T00:00:00Z,IT-NAP-01,801
2024-11-12T00:00:00Z,IT-BAR-01,712
2024-11-12T00:00:00Z,IT-PAL-01,694
2024-11-12T00:00:00Z,IT-VER-01,666
2024-11-12T00:00:00Z,IT-WEB-01,1010
2024-11-12T00:00:00Z,IT-AMZ-01,1127
2024-11-12T00:00:00Z,FR-WEB-01,1085
2024-11-12T00:00:00Z,DE-WEB-01,999
2024-11-13T00:00:00Z,IT-MIL-01,713
2024-11-13T00:00:00Z,IT-BER-01,724
2024-11-13T00:00:00Z,IT-BRE-01,691
2024-11-13T00:00:00Z,IT-TUR-01,651
2024-11-13T00:00:00Z,IT-GEN-01,795
2024-11-13T00:00:00Z,IT-BOL-01,706
2024-11-13T00:00:00Z,IT-FIR-01,648
2024-11-13T00:00:00Z,IT-ROM-01,701
2024-11-13T00:00:00Z,IT-NAP-01,688
2024-11-13T00:00:00Z,IT-BAR-01,752
2024-11-13T00:00:00Z,IT-PAL-01,702
2024-11-13T00:00:00Z,IT-VER-01,730
2024-11-13T00:00:00Z,IT-WEB-01,1072
2024-11-13T00:00:00Z,IT-AMZ-01,1052
2024-11-13T00:00:00Z,FR-WEB-01,1047
2024-11-13T00:00:00Z,DE-WEB-01,1027
2024-11-14T00:00:00Z,IT-MIL-01,703
2024-11-14T00:00:00Z,IT-BER-01,703
2024-11-14T00:00:00Z,IT-BRE-01,741
2024-11-14T00:00:00Z,IT-TUR-01,687
2024-11-14T00:00:00Z,IT-GEN-01,709
2024-11-14T00:00:00Z,IT-BOL-01,727
2024-11-14T00:00:00Z,IT-FIR-01,769
2024-11-14T00:00:00Z,IT-ROM-01,723
2024-11-14T00:00:00Z,IT-NAP-01,680
2024-11-14T00:00:00Z,IT-BAR-01,737
2024-11-14T00:00:00Z,IT-PAL-01,698
2024-11-14T00:00:00Z,IT-VER-01,685
2024-11-14T00:00:00Z,IT-WEB-01,1061
2024-11-14T00:00:00Z,IT-AMZ-01,996
2024-11-14T00:00:00Z,FR-WEB-01,1057
2024-11-14T00:00:00Z,DE-WEB-01,990
2024-11-15T00:00:00Z,IT-MIL-01,748
2024-11-15T00:00:00Z,IT-BER-01,792
2024-11-15T00:00:00Z,IT-BRE-01,735
2024-11-15T00:00:00Z,IT-TUR-01,780
2024-11-15T00:00:00Z,IT-GEN-01,726
2024-11-15T00:00:00Z,IT-BOL-01,716
2024-11-15T00:00:00Z,IT-FIR-01,744
2024-11-15T00:00:00Z,IT-ROM-01,678
2024-11-15T00:00:00Z,IT-NAP-01,669
2024-11-15T00:00:00Z,IT-BAR-01,719
2024-11-15T00:00:00Z,IT-PAL-01,725
2024-11-15T00:00:00Z,IT-VER-01,704
2024-11-15T00:00:00Z,IT-WEB-01,1068
2024-11-15T00:00:00Z,IT-AMZ-01,1089
2024-11-15T00:00:00Z,FR-WEB-01,1120
2024-11-15T00:00:00Z,DE-WEB-01,1081
2024-11-16T00:00:00Z,IT-MIL-01,807
2024-11-16T00:00:00Z,IT-BER-01,845
2024-11-16T00:00:00Z,IT-BRE-01,851
2024-11-16T00:00:00Z,IT-TUR-01,850
2024-11-16T00:00:00Z,IT-GEN-01,886
2024-11-16T00:00:00Z,IT-BOL-01,739
2024-11-16T00:00:00Z,IT-FIR-01,766
2024-11-16T00:00:00Z,IT-ROM-01,755
2024-11-16T00:00:00Z,IT-NAP-01,829
2024-11-16T00:00:00Z,IT-BAR-01,827
2024-11-16T00:00:00Z,IT-PAL-01,863
2024-11-16T00:00:00Z,IT-VER-01,896
2024-11-16T00:00:00Z,IT-WEB-01,1221
2024-11-16T00:00:00Z,IT-AMZ-01,1129
2024-11-16T00:00:00Z,FR-WEB-01,1151
2024-11-16T00:00:00Z,DE-WEB-01,1158
2024-11-17T00:00:00Z,IT-MIL-01,762
2024-11-17T00:00:00Z,IT-BER-01,785
2024-11-17T00:00:00Z,IT-BRE-01,829
2024-11-17T00:00:00Z,IT-TUR-01,837
2024-11-17T00:00:00Z,IT-GEN-01,894
2024-11-17T00:00:00Z,IT-BOL-01,794
2024-11-17T00:00:00Z,IT-FIR-01,836
2024-11-17T00:00:00Z,IT-ROM-01,778
2024-11-17T00:00:00Z,IT-NAP-01,813
2024-11-17T00:00:00Z,IT-BAR-01,804
2024-11-17T00:00:00Z,IT-PAL-01,794
2024-11-17T00:00:00Z,IT-VER-01,808
2024-11-17T00:00:00Z,IT-WEB-01,1103
2024-11-17T00:00:00Z,IT-AMZ-01,1074
2024-11-17T00:00:00Z,FR-WEB-01,1152
2024-11-17T00:00:00Z,DE-WEB-01,1195
2024-11-18T00:00:00Z,IT-MIL-01,654
2024-11-18T00:00:00Z,IT-BER-01,673
2024-11-18T00:00:00Z,IT-BRE-01,677
2024-11-18T00:00:00Z,IT-TUR-01,700
2024-11-18T00:00:00Z,IT-GEN-01,762
2024-11-18T00:00:00Z,IT-BOL-01,649
2024-11-18T00:00:00Z,IT-FIR-01,744
2024-11-18T00:00:00Z,IT-ROM-01,737
2024-11-18T00:00:00Z,IT-NAP-01,767
2024-11-18T00:00:00Z,IT-BAR-01,800
2024-11-18T00:00:00Z,IT-PAL-01,702
2024-11-18T00:00:00Z,IT-VER-01,729
2024-11-18T00:00:00Z,IT-WEB-01,1015
2024-11-18T00:00:00Z,IT-AMZ-01,1135
2024-11-18T00:00:00Z,FR-WEB-01,1063
2024-11-18T00:00:00Z,DE-WEB-01,1109
2024-11-19T00:00:00Z,IT-MIL-01,753
2024-11-19T00:00:00Z,IT-BER-01,766
2024-11-19T00:00:00Z,IT-BRE-01,731
2024-11-19T00:00:00Z,IT-TUR-01,757
2024-11-19T00:00:00Z,IT-GEN-01,776
2024-11-19T00:00:00Z,IT-BOL-01,785
2024-11-19T00:00:00Z,IT-FIR-01,648
2024-11-19T00:00:00Z,IT-ROM-01,693
2024-11-19T00:00:00Z,IT-NAP-01,729
2024-11-19T00:00:00Z,IT-BAR-01,775
2024-11-19T00:00:00Z,IT-PAL-01,745
2024-11-19T00:00:00Z,IT-VER-01,689
2024-11-19T00:00:00Z,IT-WEB-01,1082
2024-11-19T00:00:00Z,IT-AMZ-01,983
2024-11-19T00:00:00Z,FR-WEB-01,1019
2024-11-19T00:00:00Z,DE-WEB-01,1033
2024-11-20T00:00:00Z,IT-MIL-01,779
2024-11-20T00:00:00Z,IT-BER-01,794
2024-11-20T00:00:00Z,IT-BRE-01,756
2024-11-20T00:00:00Z,IT-TUR-01,757
2024-11-20T00:00:00Z,IT-GEN-01,764
2024-11-20T00:00:00Z,IT-BOL-01,714
2024-11-20T00:00:00Z,IT-FIR-01,746
2024-11-20T00:00:00Z,IT-ROM-01,693
2024-11-20T00:00:00Z,IT-NAP-01,700
2024-11-20T00:00:00Z,IT-BAR-01,761
2024-11-20T00:00:00Z,IT-PAL-01,711
2024-11-20T00:00:00Z,IT-VER-01,789
2024-11-20T00:00:00Z,IT-WEB-01,1033
2024-11-20T00:00:00Z,IT-AMZ-01,1075
2024-11-20T00:00:00Z,FR-WEB-01,1065
2024-11-20T00:00:00Z,DE-WEB-01,988
2024-11-21T00:00:00Z,IT-MIL-01,675
2024-11-21T00:00:00Z,IT-BER-01,655
2024-11-21T00:00:00Z,IT-BRE-01,666
2024-11-21T00:00:00Z,IT-TUR-01,796
2024-11-21T00:00:00Z,IT-GEN-01,726
2024-11-21T00:00:00Z,IT-BOL-01,741
2024-11-21T00:00:00Z,IT-FIR-01,668
2024-11-21T00:00:00Z,IT-ROM-01,771
2024-11-21T00:00:00Z,IT-NAP-01,761
2024-11-21T00:00:00Z,IT-BAR-01,764
2024-11-21T00:00:00Z,IT-PAL-01,646
2024-11-21T00:00:00Z,IT-VER-01,644
2024-11-21T00:00:00Z,IT-WEB-01,1131
2024-11-21T00:00:00Z,IT-AMZ-01,1106
2024-11-21T00:00:00Z,FR-WEB-01,987
2024-11-21T00:00:00Z,DE-WEB-01,1036
2024-11-22T00:00:00Z,IT-MIL-01,691
2024-11-22T00:00:00Z,IT-BER-01,761
2024-11-22T00:00:00Z,IT-BRE-01,779
2024-11-22T00:00:00Z,IT-TUR-01,700
2024-11-22T00:00:00Z,IT-GEN-01,738
2024-11-22T00:00:00Z,IT-BOL-01,799
2024-11-22T00:00:00Z,IT-FIR-01,744
2024-11-22T00:00:00Z,IT-ROM-01,644
2024-11-22T00:00:00Z,IT-NAP-01,706
2024-11-22T00:00:00Z,IT-BAR-01,724
2024-11-22T00:00:00Z,IT-PAL-01,786
2024-11-22T00:00:00Z,IT-VER-01,664
2024-11-22T00:00:00Z,IT-WEB-01,971
2024-11-22T00:00:00Z,IT-AMZ-01,992
2024-11-22T00:00:00Z,FR-WEB-01,1008
2024-11-22T00:00:00Z,DE-WEB-01,1118
2024-11-23T00:00:00Z,IT-MIL-01,742
2024-11-23T00:00:00Z,IT-BER-01,748
2024-11-23T00:00:00Z,IT-BRE-01,762
2024-11-23T00:00:00Z,IT-TUR-01,794
2024-11-23T00:00:00Z,IT-GEN-01,775
2024-11-23T00:00:00Z,IT-BOL-01,742
2024-11-23T00:00:00Z,IT-FIR-01,835
2024-11-23T00:00:00Z,IT-ROM-01,776
2024-11-23T00:00:00Z,IT-NAP-01,879
2024-11-23T00:00:00Z,IT-BAR-01,778
2024-11-23T00:00:00Z,IT-PAL-01,794
2024-11-23T00:00:00Z,IT-VER-01,786
2024-11-23T00:00:00Z,IT-WEB-01,1100
2024-11-23T00:00:00Z,IT-AMZ-01,1151
2024-11-23T00:00:00Z,FR-WEB-01,1138
2024-11-23T00:00:00Z,DE-WEB-01,1167
2024-11-24T00:00:00Z,IT-MIL-01,829
2024-11-24T00:00:00Z,IT-BER-01,811
2024-11-24T00:00:00Z,IT-BRE-01,809
2024-11-24T00:00:00Z,IT-TUR-01,796
2024-11-24T00:00:00Z,IT-GEN-01,835
2024-11-24T00:00:00Z,IT-BOL-01,866
2024-11-24T00:00:00Z,IT-FIR-01,807
2024-11-24T00:00:00Z,IT-ROM-01,827
2024-11-24T00:00:00Z,IT-NAP-01,893
2024-11-24T00:00:00Z,IT-BAR-01,802
2024-11-24T00:00:00Z,IT-PAL-01,817
2024-11-24T00:00:00Z,IT-VER-01,880
2024-11-24T00:00:00Z,IT-WEB-01,1192
2024-11-24T00:00:00Z,IT-AMZ-01,1130
2024-11-24T00:00:00Z,FR-WEB-01,1130
2024-11-24T00:00:00Z,DE-WEB-01,1138
2024-11-25T00:00:00Z,IT-MIL-01,706
2024-11-25T00:00:00Z,IT-BER-01,653
2024-11-25T00:00:00Z,IT-BRE-01,729
2024-11-25T00:00:00Z,IT-TUR-01,651
2024-11-25T00:00:00Z,IT-GEN-01,760
2024-11-25T00:00:00Z,IT-BOL-01,663
2024-11-25T00:00:00Z,IT-FIR-01,732
2024-11-25T00:00:00Z,IT-ROM-01,684
2024-11-25T00:00:00Z,IT-NAP-01,795
2024-11-25T00:00:00Z,IT-BAR-01,744
2024-11-25T00:00:00Z,IT-PAL-01,732
2024-11-25T00:00:00Z,IT-VER-01,742
2024-11-25T00:00:00Z,IT-WEB-01,989
2024-11-25T00:00:00Z,IT-AMZ-01,1085
2024-11-25T00:00:00Z,FR-WEB-01,1019
2024-11-25T00:00:00Z,DE-WEB-01,1073
2024-11-26T00:00:00Z,IT-MIL-01,731
2024-11-26T00:00:00Z,IT-BER-01,790
2024-11-26T00:00:00Z,IT-BRE-01,795
2024-11-26T00:00:00Z,IT-TUR-01,767
2024-11-26T00:00:00Z,IT-GEN-01,724
2024-11-26T00:00:00Z,IT-BOL-01,764
2024-11-26T00:00:00Z,IT-FIR-01,672
2024-11-26T00:00:00Z,IT-ROM-01,668
2024-11-26T00:00:00Z,IT-NAP-01,717
2024-11-26T00:00:00Z,IT-BAR-01,725
2024-11-26T00:00:00Z,IT-PAL-01,681
2024-11-26T00:00:00Z,IT-VER-01,741
2024-11-26T00:00:00Z,IT-WEB-01,1086
2024-11-26T00:00:00Z,IT-AMZ-01,1060
2024-11-26T00:00:00Z,FR-WEB-01,1126
2024-11-26T00:00:00Z,DE-WEB-01,972
2024-11-27T00:00:00Z,IT-MIL-01,699
2024-11-27T00:00:00Z,IT-BER-01,698
2024-11-27T00:00:00Z,IT-BRE-01,681
2024-11-27T00:00:00Z,IT-TUR-01,642
2024-11-27T00:00:00Z,IT-GEN-01,757
2024-11-27T00:00:00Z,IT-BOL-01,793
2024-11-27T00:00:00Z,IT-FIR-01,720
2024-11-27T00:00:00Z,IT-ROM-01,780
2024-11-27T00:00:00Z,IT-NAP-01,777
2024-11-27T00:00:00Z,IT-BAR-01,638
2024-11-27T00:00:00Z,IT-PAL-01,649
2024-11-27T00:00:00Z,IT-VER-01,677
2024-11-27T00:00:00Z,IT-WEB-01,986
2024-11-27T00:00:00Z,IT-AMZ-01,1028
2024-11-27T00:00:00Z,FR-WEB-01,1131
2024-11-27T00:00:00Z,DE-WEB-01,978
2024-11-28T00:00:00Z,IT-MIL-01,640
2024-11-28T00:00:00Z,IT-BER-01,682
2024-11-28T00:00:00Z,IT-BRE-01,707
2024-11-28T00:00:00Z,IT-TUR-01,722
2024-11-28T00:00:00Z,IT-GEN-01,725
2024-11-28T00:00:00Z,IT-BOL-01,749
2024-11-28T00:00:00Z,IT-FIR-01,714
2024-11-28T00:00:00Z,IT-ROM-01,768
2024-11-28T00:00:00Z,IT-NAP-01,686
2024-11-28T00:00:00Z,IT-BAR-01,765
2024-11-28T00:00:00Z,IT-PAL-01,776
2024-11-28T00:00:00Z,IT-VER-01,674
2024-11-28T00:00:00Z,IT-WEB-01,1125
2024-11-28T00:00:00Z,IT-AMZ-01,1028
2024-11-28T00:00:00Z,FR-WEB-01,1129
2024-11-28T00:00:00Z,DE-WEB-01,1008
2024-11-29T00:00:00Z,IT-MIL-01,764
2024-11-29T00:00:00Z,IT-BER-01,777
2024-11-29T00:00:00Z,IT-BRE-01,642
2024-11-29T00:00:00Z,IT-TUR-01,794
2024-11-29T00:00:00Z,IT-GEN-01,646
2024-11-29T00:00:00Z,IT-BOL-01,745
2024-11-29T00:00:00Z,IT-FIR-01,696
2024-11-29T00:00:00Z,IT-ROM-01,662
2024-11-29T00:00:00Z,IT-NAP-01,717
2024-11-29T00:00:00Z,IT-BAR-01,674
2024-11-29T00:00:00Z,IT-PAL-01,696
2024-11-29T00:00:00Z,IT-VER-01,732
2024-11-29T00:00:00Z,IT-WEB-01,1124
2024-11-29T00:00:00Z,IT-AMZ-01,986
2024-11-29T00:00:00Z,FR-WEB-01,1076
2024-11-29T00:00:00Z,DE-WEB-01,1123
2024-11-30T00:00:00Z,IT-MIL-01,812
2024-11-30T00:00:00Z,IT-BER-01,863
2024-11-30T00:00:00Z,IT-BRE-01,792
2024-11-30T00:00:00Z,IT-TUR-01,872
2024-11-30T00:00:00Z,IT-GEN-01,829
2024-11-30T00:00:00Z,IT-BOL-01,900
2024-11-30T00:00:00Z,IT-FIR-01,859
2024-11-30T00:00:00Z,IT-ROM-01,778
2024-11-30T00:00:00Z,IT-NAP-01,740
2024-11-30T00:00:00Z,IT-BAR-01,873
2024-11-30T00:00:00Z,IT-PAL-01,853
2024-11-30T00:00:00Z,IT-VER-01,786
2024-11-30T00:00:00Z,IT-WEB-01,1070
2024-11-30T00:00:00Z,IT-AMZ-01,1084
2024-11-30T00:00:00Z,FR-WEB-01,1123
2024-11-30T00:00:00Z,DE-WEB-01,1214
2024-12-01T00:00:00Z,IT-MIL-01,893
2024-12-01T00:00:00Z,IT-BER-01,880
2024-12-01T00:00:00Z,IT-BRE-01,744
2024-12-01T00:00:00Z,IT-TUR-01,730
2024-12-01T00:00:00Z,IT-GEN-01,836
2024-12-01T00:00:00Z,IT-BOL-01,742
2024-12-01T00:00:00Z,IT-FIR-01,809
2024-12-01T00:00:00Z,IT-ROM-01,839
2024-12-01T00:00:00Z,IT-NAP-01,817
2024-12-01T00:00:00Z,IT-BAR-01,813
2024-12-01T00:00:00Z,IT-PAL-01,818
2024-12-01T00:00:00Z,IT-VER-01,872
2024-12-01T00:00:00Z,IT-WEB-01,1210
2024-12-01T00:00:00Z,IT-AMZ-01,1181
2024-12-01T00:00:00Z,FR-WEB-01,1093
2024-12-01T00:00:00Z,DE-WEB-01,1064
2024-12-02T00:00:00Z,IT-MIL-01,652
2024-12-02T00:00:00Z,IT-BER-01,777
2024-12-02T00:00:00Z,IT-BRE-01,671
2024-12-02T00:00:00Z,IT-TUR-01,743
2024-12-02T00:00:00Z,IT-GEN-01,675
2024-12-02T00:00:00Z,IT-BOL-01,637
2024-12-02T00:00:00Z,IT-FIR-01,800
2024-12-02T00:00:00Z,IT-ROM-01,740
2024-12-02T00:00:00Z,IT-NAP-01,646
2024-12-02T00:00:00Z,IT-BAR-01,757
2024-12-02T00:00:00Z,IT-PAL-01,694
2024-12-02T00:00:00Z,IT-VER-01,751
2024-12-02T00:00:00Z,IT-WEB-01,1002
2024-12-02T00:00:00Z,IT-AMZ-01,1112
2024-12-02T00:00:00Z,FR-WEB-01,1072
2024-12-02T00:00:00Z,DE-WEB-01,1105
2024-12-03T00:00:00Z,IT-MIL-01,709
2024-12-03T00:00:00Z,IT-BER-01,766
2024-12-03T00:00:00Z,IT-BRE-01,696
2024-12-03T00:00:00Z,IT-TUR-01,780
2024-12-03T00:00:00Z,IT-GEN-01,757
2024-12-03T00:00:00Z,IT-BOL-01,673
2024-12-03T00:00:00Z,IT-FIR-01,647
2024-12-03T00:00:00Z,IT-ROM-01,707
2024-12-03T00:00:00Z,IT-NAP-01,780
2024-12-03T00:00:00Z,IT-BAR-01,751
2024-12-03T00:00:00Z,IT-PAL-01,793
2024-12-03T00:00:00Z,IT-VER-01,753
2024-12-03T00:00:00Z,IT-WEB-01,994
2024-12-03T00:00:00Z,IT-AMZ-01,1047
2024-12-03T00:00:00Z,FR-WEB-01,1070
2024-12-03T00:00:00Z,DE-WEB-01,1114
2024-12-04T00:00:00Z,IT-MIL-01,699
2024-12-04T00:00:00Z,IT-BER-01,733
2024-12-04T00:00:00Z,IT-BRE-01,776
2024-12-04T00:00:00Z,IT-TUR-01,716
2024-12-04T00:00:00Z,IT-GEN-01,675
2024-12-04T00:00:00Z,IT-BOL-01,697
2024-12-04T00:00:00Z,IT-FIR-01,647
2024-12-04T00:00:00Z,IT-ROM-01,695
2024-12-04T00:00:00Z,IT-NAP-01,803
2024-12-04T00:00:00Z,IT-BAR-01,684
2024-12-04T00:00:00Z,IT-PAL-01,785
2024-12-04T00:00:00Z,IT-VER-01,782
2024-12-04T00:00:00Z,IT-WEB-01,1114
2024-12-04T00:00:00Z,IT-AMZ-01,1008
2024-12-04T00:00:00Z,FR-WEB-01,985
2024-12-04T00:00:00Z,DE-WEB-01,1109
2024-12-05T00:00:00Z,IT-MIL-01,684
2024-12-05T00:00:00Z,IT-BER-01,670
2024-12-05T00:00:00Z,IT-BRE-01,787
2024-12-05T00:00:00Z,IT-TUR-01,701
2024-12-05T00:00:00Z,IT-GEN-01,637
2024-12-05T00:00:00Z,IT-BOL-01,767
2024-12-05T00:00:00Z,IT-FIR-01,648
2024-12-05T00:00:00Z,IT-ROM-01,670
2024-12-05T00:00:00Z,IT-NAP-01,663
2024-12-05T00:00:00Z,IT-BAR-01,763
2024-12-05T00:00:00Z,IT-PAL-01,688
2024-12-05T00:00:00Z,IT-VER-01,738
2024-12-05T00:00:00Z,IT-WEB-01,1075
2024-12-05T00:00:00Z,IT-AMZ-01,1009
2024-12-05T00:00:00Z,FR-WEB-01,997
2024-12-05T00:00:00Z,DE-WEB-01,978
2024-12-06T00:00:00Z,IT-MIL-01,783
2024-12-06T00:00:00Z,IT-BER-01,711
2024-12-06T00:00:00Z,IT-BRE-01,771
2024-12-06T00:00:00Z,IT-TUR-01,669
2024-12-06T00:00:00Z,IT-GEN-01,641
2024-12-06T00:00:00Z,IT-BOL-01,712
2024-12-06T00:00:00Z,IT-FIR-01,660
2024-12-06T00:00:00Z,IT-ROM-01,743
2024-12-06T00:00:00Z,IT-NAP-01,766
2024-12-06T00:00:00Z,IT-BAR-01,681
2024-12-06T00:00:00Z,IT-PAL-01,707
2024-12-06T00:00:00Z,IT-VER-01,764
2024-12-06T00:00:00Z,IT-WEB-01,1023
2024-12-06T00:00:00Z,IT-AMZ-01,1025
2024-12-06T00:00:00Z,FR-WEB-01,1031
2024-12-06T00:00:00Z,DE-WEB-01,982
2024-12-07T00:00:00Z,IT-MIL-01,777
2024-12-07T00:00:00Z,IT-BER-01,733
2024-12-07T00:00:00Z,IT-BRE-01,774
2024-12-07T00:00:00Z,IT-TUR-01,858
2024-12-07T00:00:00Z,IT-GEN-01,799
2024-12-07T00:00:00Z,IT-BOL-01,749
2024-12-07T00:00:00Z,IT-FIR-01,765
2024-12-07T00:00:00Z,IT-ROM-01,814
2024-12-07T00:00:00Z,IT-NAP-01,793
2024-12-07T00:00:00Z,IT-BAR-01,813
2024-12-07T00:00:00Z,IT-PAL-01,802
2024-12-07T00:00:00Z,IT-VER-01,826
2024-12-07T00:00:00Z,IT-WEB-01,1196
2024-12-07T00:00:00Z,IT-AMZ-01,1115
2024-12-07T00:00:00Z,FR-WEB-01,1067
2024-12-07T00:00:00Z,DE-WEB-01,1154
2024-12-08T00:00:00Z,IT-MIL-01,851
2024-12-08T00:00:00Z,IT-BER-01,798
2024-12-08T00:00:00Z,IT-BRE-01,775
2024-12-08T00:00:00Z,IT-TUR-01,819
2024-12-08T00:00:00Z,IT-GEN-01,762
2024-12-08T00:00:00Z,IT-BOL-01,797
2024-12-08T00:00:00Z,IT-FIR-01,833
2024-12-08T00:00:00Z,IT-ROM-01,874
2024-12-08T00:00:00Z,IT-NAP-01,894
2024-12-08T00:00:00Z,IT-BAR-01,807
2024-12-08T00:00:00Z,IT-PAL-01,881
2024-12-08T00:00:00Z,IT-VER-01,764
2024-12-08T00:00:00Z,IT-WEB-01,1173
2024-12-08T00:00:00Z,IT-AMZ-01,1190
2024-12-08T00:00:00Z,FR-WEB-01,1061
2024-12-08T00:00:00Z,DE-WEB-01,1082
2024-12-09T00:00:00Z,IT-MIL-01,787
2024-12-09T00:00:00Z,IT-BER-01,705
2024-12-09T00:00:00Z,IT-BRE-01,677
2024-12-09T00:00:00Z,IT-TUR-01,764
2024-12-09T00:00:00Z,IT-GEN-01,668
2024-12-09T00:00:00Z,IT-BOL-01,791
2024-12-09T00:00:00Z,IT-FIR-01,765
2024-12-09T00:00:00Z,IT-ROM-01,761
2024-12-09T00:00:00Z,IT-NAP-01,636
2024-12-09T00:00:00Z,IT-BAR-01,747
2024-12-09T00:00:00Z,IT-PAL-01,804
2024-12-09T00:00:00Z,IT-VER-01,715
2024-12-09T00:00:00Z,IT-WEB-01,1001
2024-12-09T00:00:00Z,IT-AMZ-01,1078
2024-12-09T00:00:00Z,FR-WEB-01,1027
2024-12-09T00:00:00Z,DE-WEB-01,1100
2024-12-10T00:00:00Z,IT-MIL-01,668
2024-12-10T00:00:00Z,IT-BER-01,742
2024-12-10T00:00:00Z,IT-BRE-01,760
2024-12-10T00:00:00Z,IT-TUR-01,638
2024-12-10T00:00:00Z,IT-GEN-01,644
2024-12-10T00:00:00Z,IT-BOL-01,679
2024-12-10T00:00:00Z,IT-FIR-01,748
2024-12-10T00:00:00Z,IT-ROM-01,768
2024-12-10T00:00:00Z,IT-NAP-01,712
2024-12-10T00:00:00Z,IT-BAR-01,655
2024-12-10T00:00:00Z,IT-PAL-01,688
2024-12-10T00:00:00Z,IT-VER-01,752
2024-12-10T00:00:00Z,IT-WEB-01,1128
2024-12-10T00:00:00Z,IT-AMZ-01,1012
2024-12-10T00:00:00Z,FR-WEB-01,965
2024-12-10T00:00:00Z,DE-WEB-01,1024
2024-12-11T00:00:00Z,IT-MIL-01,753
2024-12-11T00:00:00Z,IT-BER-01,653
2024-12-11T00:00:00Z,IT-BRE-01,763
2024-12-11T00:00:00Z,IT-TUR-01,728
2024-12-11T00:00:00Z,IT-GEN-01,715
2024-12-11T00:00:00Z,IT-BOL-01,663
2024-12-11T00:00:00Z,IT-FIR-01,745
2024-12-11T00:00:00Z,IT-ROM-01,766
2024-12-11T00:00:00Z,IT-NAP-01,692
2024-12-11T00:00:00Z,IT-BAR-01,649
2024-12-11T00:00:00Z,IT-PAL-01,772
2024-12-11T00:00:00Z,IT-VER-01,705
2024-12-11T00:00:00Z,IT-WEB-01,1095
2024-12-11T00:00:00Z,IT-AMZ-01,1122
2024-12-11T00:00:00Z,FR-WEB-01,990
2024-12-11T00:00:00Z,DE-WEB-01,1099
2024-12-12T00:00:00Z,IT-MIL-01,674
2024-12-12T00:00:00Z,IT-BER-01,647
2024-12-12T00:00:00Z,IT-BRE-01,647
2024-12-12T00:00:00Z,IT-TUR-01,707
2024-12-12T00:00:00Z,IT-GEN-01,730
2024-12-12T00:00:00Z,IT-BOL-01,726
2024-12-12T00:00:00Z,IT-FIR-01,774
2024-12-12T00:00:00Z,IT-ROM-01,805
2024-12-12T00:00:00Z,IT-NAP-01,654
2024-12-12T00:00:00Z,IT-BAR-01,763
2024-12-12T00:00:00Z,IT-PAL-01,678
2024-12-12T00:00:00Z,IT-VER-01,774
2024-12-12T00:00:00Z,IT-WEB-01,1097
2024-12-12T00:00:00Z,IT-AMZ-01,974
2024-12-12T00:00:00Z,FR-WEB-01,1013
2024-12-12T00:00:00Z,DE-WEB-01,1008
2024-12-13T00:00:00Z,IT-MIL-01,771
2024-12-13T00:00:00Z,IT-BER-01,749
2024-12-13T00:00:00Z,IT-BRE-01,804
2024-12-13T00:00:00Z,IT-TUR-01,637
2024-12-13T00:00:00Z,IT-GEN-01,711
2024-12-13T00:00:00Z,IT-BOL-01,682
2024-12-13T00:00:00Z,IT-FIR-01,768
2024-12-13T00:00:00Z,IT-ROM-01,787
2024-12-13T00:00:00Z,IT-NAP-01,789
2024-12-13T00:00:00Z,IT-BAR-01,663
2024-12-13T00:00:00Z,IT-PAL-01,665
2024-12-13T00:00:00Z,IT-VER-01,674
2024-12-13T00:00:00Z,IT-WEB-01,1054
2024-12-13T00:00:00Z,IT-AMZ-01,1047
2024-12-13T00:00:00Z,FR-WEB-01,1099
2024-12-13T00:00:00Z,DE-WEB-01,1030
2024-12-14T00:00:00Z,IT-MIL-01,841
2024-12-14T00:00:00Z,IT-BER-01,829
2024-12-14T00:00:00Z,IT-BRE-01,871
2024-12-14T00:00:00Z,IT-TUR-01,756
2024-12-14T00:00:00Z,IT-GEN-01,785
2024-12-14T00:00:00Z,IT-BOL-01,871
2024-12-14T00:00:00Z,IT-FIR-01,853
2024-12-14T00:00:00Z,IT-ROM-01,865
2024-12-14T00:00:00Z,IT-NAP-01,797
2024-12-14T00:00:00Z,IT-BAR-01,795
2024-12-14T00:00:00Z,IT-PAL-01,776
2024-12-14T00:00:00Z,IT-VER-01,897
2024-12-14T00:00:00Z,IT-WEB-01,1188
2024-12-14T00:00:00Z,IT-AMZ-01,1060
2024-12-14T00:00:00Z,FR-WEB-01,1067
2024-12-14T00:00:00Z,DE-WEB-01,1128
2024-12-15T00:00:00Z,IT-MIL-01,894
2024-12-15T00:00:00Z,IT-BER-01,762
2024-12-15T00:00:00Z,IT-BRE-01,849
2024-12-15T00:00:00Z,IT-TUR-01,751
2024-12-15T00:00:00Z,IT-GEN-01,863
2024-12-15T00:00:00Z,IT-BOL-01,835
2024-12-15T00:00:00Z,IT-FIR-01,891
2024-12-15T00:00:00Z,IT-ROM-01,816
2024-12-15T00:00:00Z,IT-NAP-01,850
2024-12-15T00:00:00Z,IT-BAR-01,801
2024-12-15T00:00:00Z,IT-PAL-01,867
2024-12-15T00:00:00Z,IT-VER-01,883
2024-12-15T00:00:00Z,IT-WEB-01,1062
2024-12-15T00:00:00Z,IT-AMZ-01,1218
2024-12-15T00:00:00Z,FR-WEB-01,1206
2024-12-15T00:00:00Z,DE-WEB-01,1119
2024-12-16T00:00:00Z,IT-MIL-01,800
2024-12-16T00:00:00Z,IT-BER-01,656
2024-12-16T00:00:00Z,IT-BRE-01,759
2024-12-16T00:00:00Z,IT-TUR-01,651
2024-12-16T00:00:00Z,IT-GEN-01,646
2024-12-16T00:00:00Z,IT-BOL-01,645
2024-12-16T00:00:00Z,IT-FIR-01,710
2024-12-16T00:00:00Z,IT-ROM-01,760
2024-12-16T00:00:00Z,IT-NAP-01,652
2024-12-16T00:00:00Z,IT-BAR-01,712
2024-12-16T00:00:00Z,IT-PAL-01,710
2024-12-16T00:00:00Z,IT-VER-01,736
2024-12-16T00:00:00Z,IT-WEB-01,1001
2024-12-16T00:00:00Z,IT-AMZ-01,1015
2024-12-16T00:00:00Z,FR-WEB-01,1101
2024-12-16T00:00:00Z,DE-WEB-01,996
2024-12-17T00:00:00Z,IT-MIL-01,755
2024-12-17T00:00:00Z,IT-BER-01,662
2024-12-17T00:00:00Z,IT-BRE-01,741
2024-12-17T00:00:00Z,IT-TUR-01,737
2024-12-17T00:00:00Z,IT-GEN-01,661
2024-12-17T00:00:00Z,IT-BOL-01,653
2024-12-17T00:00:00Z,IT-FIR-01,710
2024-12-17T00:00:00Z,IT-ROM-01,670
2024-12-17T00:00:00Z,IT-NAP-01,690
2024-12-17T00:00:00Z,IT-BAR-01,774
2024-12-17T00:00:00Z,IT-PAL-01,765
2024-12-17T00:00:00Z,IT-VER-01,718
2024-12-17T00:00:00Z,IT-WEB-01,1021
2024-12-17T00:00:00Z,IT-AMZ-01,1008
2024-12-17T00:00:00Z,FR-WEB-01,998
2024-12-17T00:00:00Z,DE-WEB-01,1026
2024-12-18T00:00:00Z,IT-MIL-01,723
2024-12-18T00:00:00Z,IT-BER-01,704
2024-12-18T00:00:00Z,IT-BRE-01,750
2024-12-18T00:00:00Z,IT-TUR-01,685
2024-12-18T00:00:00Z,IT-GEN-01,722
2024-12-18T00:00:00Z,IT-BOL-01,749
2024-12-18T00:00:00Z,IT-FIR-01,669
2024-12-18T00:00:00Z,IT-ROM-01,699
2024-12-18T00:00:00Z,IT-NAP-01,782
2024-12-18T00:00:00Z,IT-BAR-01,782
2024-12-18T00:00:00Z,IT-PAL-01,696
2024-12-18T00:00:00Z,IT-VER-01,770
2024-12-18T00:00:00Z,IT-WEB-01,1103
2024-12-18T00:00:00Z,IT-AMZ-01,1039
2024-12-18T00:00:00Z,FR-WEB-01,1059
2024-12-18T00:00:00Z,DE-WEB-01,1061
2024-12-19T00:00:00Z,IT-MIL-01,673
2024-12-19T00:00:00Z,IT-BER-01,673
2024-12-19T00:00:00Z,IT-BRE-01,714
2024-12-19T00:00:00Z,IT-TUR-01,726
2024-12-19T00:00:00Z,IT-GEN-01,770
2024-12-19T00:00:00Z,IT-BOL-01,679
2024-12-19T00:00:00Z,IT-FIR-01,747
2024-12-19T00:00:00Z,IT-ROM-01,664
2024-12-19T00:00:00Z,IT-NAP-01,799
2024-12-19T00:00:00Z,IT-BAR-01,656
2024-12-19T00:00:00Z,IT-PAL-01,655
2024-12-19T00:00:00Z,IT-VER-01,683
2024-12-19T00:00:00Z,IT-WEB-01,1006
2024-12-19T00:00:00Z,IT-AMZ-01,1093
2024-12-19T00:00:00Z,FR-WEB-01,1019
2024-12-19T00:00:00Z,DE-WEB-01,1060
2024-12-20T00:00:00Z,IT-MIL-01,724
2024-12-20T00:00:00Z,IT-BER-01,700
2024-12-20T00:00:00Z,IT-BRE-01,799
2024-12-20T00:00:00Z,IT-TUR-01,684
2024-12-20T00:00:00Z,IT-GEN-01,710
2024-12-20T00:00:00Z,IT-BOL-01,795
2024-12-20T00:00:00Z,IT-FIR-01,795
2024-12-20T00:00:00Z,IT-ROM-01,691
2024-12-20T00:00:00Z,IT-NAP-01,764
2024-12-20T00:00:00Z,IT-BAR-01,703
2024-12-20T00:00:00Z,IT-PAL-01,690
2024-12-20T00:00:00Z,IT-VER-01,724
2024-12-20T00:00:00Z,IT-WEB-01,1061
2024-12-20T00:00:00Z,IT-AMZ-01,1135
2024-12-20T00:00:00Z,FR-WEB-01,1029
2024-12-20T00:00:00Z,DE-WEB-01,1014
2024-12-21T00:00:00Z,IT-MIL-01,747
2024-12-21T00:00:00Z,IT-BER-01,827
2024-12-21T00:00:00Z,IT-BRE-01,875
2024-12-21T00:00:00Z,IT-TUR-01,890
2024-12-21T00:00:00Z,IT-GEN-01,742
2024-12-21T00:00:00Z,IT-BOL-01,855
2024-12-21T00:00:00Z,IT-FIR-01,829
2024-12-21T00:00:00Z,IT-ROM-01,794
2024-12-21T00:00:00Z,IT-NAP-01,766
2024-12-21T00:00:00Z,IT-BAR-01,849
2024-12-21T00:00:00Z,IT-PAL-01,761
2024-12-21T00:00:00Z,IT-VER-01,810
2024-12-21T00:00:00Z,IT-WEB-01,1156
2024-12-21T00:00:00Z,IT-AMZ-01,1148
2024-12-21T00:00:00Z,FR-WEB-01,1061
2024-12-21T00:00:00Z,DE-WEB-01,1193
2024-12-22T00:00:00Z,IT-MIL-01,830
2024-12-22T00:00:00Z,IT-BER-01,757
2024-12-22T00:00:00Z,IT-BRE-01,788
2024-12-22T00:00:00Z,IT-TUR-01,893
2024-12-22T00:00:00Z,IT-GEN-01,900
2024-12-22T00:00:00Z,IT-BOL-01,877
2024-12-22T00:00:00Z,IT-FIR-01,900
2024-12-22T00:00:00Z,IT-ROM-01,800
2024-12-22T00:00:00Z,IT-NAP-01,851
2024-12-22T00:00:00Z,IT-BAR-01,895
2024-12-22T00:00:00Z,IT-PAL-01,789
2024-12-22T00:00:00Z,IT-VER-01,882
2024-12-22T00:00:00Z,IT-WEB-01,1177
2024-12-22T00:00:00Z,IT-AMZ-01,1108
2024-12-22T00:00:00Z,FR-WEB-01,1200
2024-12-22T00:00:00Z,DE-WEB-01,1115
2024-12-23T00:00:00Z,IT-MIL-01,702
2024-12-23T00:00:00Z,IT-BER-01,643
2024-12-23T00:00:00Z,IT-BRE-01,741
2024-12-23T00:00:00Z,IT-TUR-01,744
2024-12-23T00:00:00Z,IT-GEN-01,802
2024-12-23T00:00:00Z,IT-BOL-01,669
2024-12-23T00:00:00Z,IT-FIR-01,719
2024-12-23T00:00:00Z,IT-ROM-01,658
2024-12-23T00:00:00Z,IT-NAP-01,640
2024-12-23T00:00:00Z,IT-BAR-01,771
2024-12-23T00:00:00Z,IT-PAL-01,730
2024-12-23T00:00:00Z,IT-VER-01,756
2024-12-23T00:00:00Z,IT-WEB-01,1032
2024-12-23T00:00:00Z,IT-AMZ-01,995
2024-12-23T00:00:00Z,FR-WEB-01,989
2024-12-23T00:00:00Z,DE-WEB-01,1119
2024-12-24T00:00:00Z,IT-MIL-01,686
2024-12-24T00:00:00Z,IT-BER-01,741
2024-12-24T00:00:00Z,IT-BRE-01,738
2024-12-24T00:00:00Z,IT-TUR-01,794
2024-12-24T00:00:00Z,IT-GEN-01,724
2024-12-24T00:00:00Z,IT-BOL-01,777
2024-12-24T00:00:00Z,IT-FIR-01,648
2024-12-24T00:00:00Z,IT-ROM-01,636
2024-12-24T00:00:00Z,IT-NAP-01,735
2024-12-24T00:00:00Z,IT-BAR-01,764
2024-12-24T00:00:00Z,IT-PAL-01,672
2024-12-24T00:00:00Z,IT-VER-01,779
2024-12-24T00:00:00Z,IT-WEB-01,997
2024-12-24T00:00:00Z,IT-AMZ-01,1126
2024-12-24T00:00:00Z,FR-WEB-01,1024
2024-12-24T00:00:00Z,DE-WEB-01,1067
2024-12-25T00:00:00Z,IT-MIL-01,716
2024-12-25T00:00:00Z,IT-BER-01,668
2024-12-25T00:00:00Z,IT-BRE-01,755
2024-12-25T00:00:00Z,IT-TUR-01,655
2024-12-25T00:00:00Z,IT-GEN-01,704
2024-12-25T00:00:00Z,IT-BOL-01,804
2024-12-25T00:00:00Z,IT-FIR-01,761
2024-12-25T00:00:00Z,IT-ROM-01,719
2024-12-25T00:00:00Z,IT-NAP-01,772
2024-12-25T00:00:00Z,IT-BAR-01,692
2024-12-25T00:00:00Z,IT-PAL-01,756
2024-12-25T00:00:00Z,IT-VER-01,733
2024-12-25T00:00:00Z,IT-WEB-01,1010
2024-12-25T00:00:00Z,IT-AMZ-01,1021
2024-12-25T00:00:00Z,FR-WEB-01,1113
2024-12-25T00:00:00Z,DE-WEB-01,1053
2024-12-26T00:00:00Z,IT-MIL-01,638
2024-12-26T00:00:00Z,IT-BER-01,730
2024-12-26T00:00:00Z,IT-BRE-01,774
2024-12-26T00:00:00Z,IT-TUR-01,797
2024-12-26T00:00:00Z,IT-GEN-01,779
2024-12-26T00:00:00Z,IT-BOL-01,791
2024-12-26T00:00:00Z,IT-FIR-01,721
2024-12-26T00:00:00Z,IT-ROM-01,799
2024-12-26T00:00:00Z,IT-NAP-01,728
2024-12-26T00:00:00Z,IT-BAR-01,729
2024-12-26T00:00:00Z,IT-PAL-01,654
2024-12-26T00:00:00Z,IT-VER-01,678
2024-12-26T00:00:00Z,IT-WEB-01,995
2024-12-26T00:00:00Z,IT-AMZ-01,1130
2024-12-26T00:00:00Z,FR-WEB-01,1011
2024-12-26T00:00:00Z,DE-WEB-01,1072
2024-12-27T00:00:00Z,IT-MIL-01,797
2024-12-27T00:00:00Z,IT-BER-01,726
2024-12-27T00:00:00Z,IT-BRE-01,680
2024-12-27T00:00:00Z,IT-TUR-01,707
2024-12-27T00:00:00Z,IT-GEN-01,770
2024-12-27T00:00:00Z,IT-BOL-01,722
2024-12-27T00:00:00Z,IT-FIR-01,710
2024-12-27T00:00:00Z,IT-ROM-01,780
2024-12-27T00:00:00Z,IT-NAP-01,637
2024-12-27T00:00:00Z,IT-BAR-01,685
2024-12-27T00:00:00Z,IT-PAL-01,797
2024-12-27T00:00:00Z,IT-VER-01,754
2024-12-27T00:00:00Z,IT-WEB-01,988
2024-12-27T00:00:00Z,IT-AMZ-01,1056
2024-12-27T00:00:00Z,FR-WEB-01,1013
2024-12-27T00:00:00Z,DE-WEB-01,1128
2024-12-28T00:00:00Z,IT-MIL-01,769
2024-12-28T00:00:00Z,IT-BER-01,882
2024-12-28T00:00:00Z,IT-BRE-01,746
2024-12-28T00:00:00Z,IT-TUR-01,828
2024-12-28T00:00:00Z,IT-GEN-01,762
2024-12-28T00:00:00Z,IT-BOL-01,794
2024-12-28T00:00:00Z,IT-FIR-01,798
2024-12-28T00:00:00Z,IT-ROM-01,873
2024-12-28T00:00:00Z,IT-NAP-01,851
2024-12-28T00:00:00Z,IT-BAR-01,875
2024-12-28T00:00:00Z,IT-PAL-01,841
2024-12-28T00:00:00Z,IT-VER-01,759
2024-12-28T00:00:00Z,IT-WEB-01,1141
2024-12-28T00:00:00Z,IT-AMZ-01,1085
2024-12-28T00:00:00Z,FR-WEB-01,1092
2024-12-28T00:00:00Z,DE-WEB-01,1123
2024-12-29T00:00:00Z,IT-MIL-01,881
2024-12-29T00:00:00Z,IT-BER-01,830
2024-12-29T00:00:00Z,IT-BRE-01,863
2024-12-29T00:00:00Z,IT-TUR-01,869
2024-12-29T00:00:00Z,IT-GEN-01,881
2024-12-29T00:00:00Z,IT-BOL-01,778
2024-12-29T00:00:00Z,IT-FIR-01,895
2024-12-29T00:00:00Z,IT-ROM-01,857
2024-12-29T00:00:00Z,IT-NAP-01,733
2024-12-29T00:00:00Z,IT-BAR-01,761
2024-12-29T00:00:00Z,IT-PAL-01,876
2024-12-29T00:00:00Z,IT-VER-01,793
2024-12-29T00:00:00Z,IT-WEB-01,1150
2024-12-29T00:00:00Z,IT-AMZ-01,1171
2024-12-29T00:00:00Z,FR-WEB-01,1138
2024-12-29T00:00:00Z,DE-WEB-01,1119
2024-12-30T00:00:00Z,IT-MIL-01,736
2024-12-30T00:00:00Z,IT-BER-01,698
2024-12-30T00:00:00Z,IT-BRE-01,719
2024-12-30T00:00:00Z,IT-TUR-01,766
2024-12-30T00:00:00Z,IT-GEN-01,703
2024-12-30T00:00:00Z,IT-BOL-01,675
2024-12-30T00:00:00Z,IT-FIR-01,651
2024-12-30T00:00:00Z,IT-ROM-01,695
2024-12-30T00:00:00Z,IT-NAP-01,665
2024-12-30T00:00:00Z,IT-BAR-01,672
2024-12-30T00:00:00Z,IT-PAL-01,794
2024-12-30T00:00:00Z,IT-VER-01,802
2024-12-30T00:00:00Z,IT-WEB-01,1133
2024-12-30T00:00:00Z,IT-AMZ-01,1119
2024-12-30T00:00:00Z,FR-WEB-01,1032
2024-12-30T00:00:00Z,DE-WEB-01,1121
2024-12-31T00:00:00Z,IT-MIL-01,714
2024-12-31T00:00:00Z,IT-BER-01,643
2024-12-31T00:00:00Z,IT-BRE-01,758
2024-12-31T00:00:00Z,IT-TUR-01,693
2024-12-31T00:00:00Z,IT-GEN-01,671
2024-12-31T00:00:00Z,IT-BOL-01,778
2024-12-31T00:00:00Z,IT-FIR-01,682
2024-12-31T00:00:00Z,IT-ROM-01,727
2024-12-31T00:00:00Z,IT-NAP-01,794
2024-12-31T00:00:00Z,IT-BAR-01,766
2024-12-31T00:00:00Z,IT-PAL-01,783
2024-12-31T00:00:00Z,IT-VER-01,728
2024-12-31T00:00:00Z,IT-WEB-01,1071
2024-12-31T00:00:00Z,IT-AMZ-01,1040
2024-12-31T00:00:00Z,FR-WEB-01,1006
2024-12-31T00:00:00Z,DE-WEB-01,1114
2024-04-01T00:00:00Z,AE-DXB-01,760
2024-04-01T00:00:00Z,AE-DXB-02,732
2024-04-01T00:00:00Z,AE-DXB-03,705
2024-04-01T00:00:00Z,AE-WEB-01,1066
2024-04-02T00:00:00Z,AE-DXB-01,709
2024-04-02T00:00:00Z,AE-DXB-02,676
2024-04-02T00:00:00Z,AE-DXB-03,748
2024-04-02T00:00:00Z,AE-WEB-01,1082
2024-04-03T00:00:00Z,AE-DXB-01,702
2024-04-03T00:00:00Z,AE-DXB-02,687
2024-04-03T00:00:00Z,AE-DXB-03,717
2024-04-03T00:00:00Z,AE-WEB-01,1076
2024-04-04T00:00:00Z,AE-DXB-01,713
2024-04-04T00:00:00Z,AE-DXB-02,705
2024-04-04T00:00:00Z,AE-DXB-03,714
2024-04-04T00:00:00Z,AE-WEB-01,1095
2024-04-05T00:00:00Z,AE-DXB-01,688
2024-04-05T00:00:00Z,AE-DXB-02,702
2024-04-05T00:00:00Z,AE-DXB-03,737
2024-04-05T00:00:00Z,AE-WEB-01,1083
2024-04-06T00:00:00Z,AE-DXB-01,710
2024-04-06T00:00:00Z,AE-DXB-02,689
2024-04-06T00:00:00Z,AE-DXB-03,707
2024-04-06T00:00:00Z,AE-WEB-01,1080
2024-04-07T00:00:00Z,AE-DXB-01,687
2024-04-07T00:00:00Z,AE-DXB-02,697
2024-04-07T00:00:00Z,AE-DXB-03,741
2024-04-07T00:00:00Z,AE-WEB-01,1011
2024-04-08T00:00:00Z,AE-DXB-01,715
2024-04-08T00:00:00Z,AE-DXB-02,765
2024-04-08T00:00:00Z,AE-DXB-03,760
2024-04-08T00:00:00Z,AE-WEB-01,1076
2024-04-09T00:00:00Z,AE-DXB-01,689
2024-04-09T00:00:00Z,AE-DXB-02,750
2024-04-09T00:00:00Z,AE-DXB-03,720
2024-04-09T00:00:00Z,AE-WEB-01,1053
2024-04-10T00:00:00Z,AE-DXB-01,702
2024-04-10T00:00:00Z,AE-DXB-02,711
2024-04-10T00:00:00Z,AE-DXB-03,749
2024-04-10T00:00:00Z,AE-WEB-01,1048
2024-04-11T00:00:00Z,AE-DXB-01,712
2024-04-11T00:00:00Z,AE-DXB-02,675
2024-04-11T00:00:00Z,AE-DXB-03,753
2024-04-11T00:00:00Z,AE-WEB-01,1084
2024-04-12T00:00:00Z,AE-DXB-01,740
2024-04-12T00:00:00Z,AE-DXB-02,759
2024-04-12T00:00:00Z,AE-DXB-03,757
2024-04-12T00:00:00Z,AE-WEB-01,1012
2024-04-13T00:00:00Z,AE-DXB-01,717
2024-04-13T00:00:00Z,AE-DXB-02,696
2024-04-13T00:00:00Z,AE-DXB-03,687
2024-04-13T00:00:00Z,AE-WEB-01,1035
2024-04-14T00:00:00Z,AE-DXB-01,747
2024-04-14T00:00:00Z,AE-DXB-02,759
2024-04-14T00:00:00Z,AE-DXB-03,690
2024-04-14T00:00:00Z,AE-WEB-01,1019
2024-04-15T00:00:00Z,AE-DXB-01,758
2024-04-15T00:00:00Z,AE-DXB-02,693
2024-04-15T00:00:00Z,AE-DXB-03,676
2024-04-15T00:00:00Z,AE-WEB-01,1059
2024-04-16T00:00:00Z,AE-DXB-01,165
2024-04-16T00:00:00Z,AE-DXB-02,169
2024-04-16T00:00:00Z,AE-DXB-03,154
2024-04-16T00:00:00Z,AE-WEB-01,1095
2024-04-17T00:00:00Z,AE-DXB-01,254
2024-04-17T00:00:00Z,AE-DXB-02,215
2024-04-17T00:00:00Z,AE-DXB-03,300
2024-04-17T00:00:00Z,AE-WEB-01,1058
2024-04-18T00:00:00Z,AE-DXB-01,264
2024-04-18T00:00:00Z,AE-DXB-02,234
2024-04-18T00:00:00Z,AE-DXB-03,261
2024-04-18T00:00:00Z,AE-WEB-01,1076
2024-04-19T00:00:00Z,AE-DXB-01,242
2024-04-19T00:00:00Z,AE-DXB-02,277
2024-04-19T00:00:00Z,AE-DXB-03,265
2024-04-19T00:00:00Z,AE-WEB-01,1042
2024-04-20T00:00:00Z,AE-DXB-01,732
2024-04-20T00:00:00Z,AE-DXB-02,699
2024-04-20T00:00:00Z,AE-DXB-03,730
2024-04-20T00:00:00Z,AE-WEB-01,1025
2024-04-21T00:00:00Z,AE-DXB-01,711
2024-04-21T00:00:00Z,AE-DXB-02,719
2024-04-21T00:00:00Z,AE-DXB-03,753
2024-04-21T00:00:00Z,AE-WEB-01,1085
2024-04-22T00:00:00Z,AE-DXB-01,682
2024-04-22T00:00:00Z,AE-DXB-02,754
2024-04-22T00:00:00Z,AE-DXB-03,741
2024-04-22T00:00:00Z,AE-WEB-01,1092
2024-04-23T00:00:00Z,AE-DXB-01,755
2024-04-23T00:00:00Z,AE-DXB-02,725
2024-04-23T00:00:00Z,AE-DXB-03,703
2024-04-23T00:00:00Z,AE-WEB-01,1016
2024-04-24T00:00:00Z,AE-DXB-01,712
2024-04-24T00:00:00Z,AE-DXB-02,687
2024-04-24T00:00:00Z,AE-DXB-03,723
2024-04-24T00:00:00Z,AE-WEB-01,1087
2024-04-25T00:00:00Z,AE-DXB-01,730
2024-04-25T00:00:00Z,AE-DXB-02,731
2024-04-25T00:00:00Z,AE-DXB-03,744
2024-04-25T00:00:00Z,AE-WEB-01,1064
2024-04-26T00:00:00Z,AE-DXB-01,692
2024-04-26T00:00:00Z,AE-DXB-02,683
2024-04-26T00:00:00Z,AE-DXB-03,728
2024-04-26T00:00:00Z,AE-WEB-01,1005
2024-04-27T00:00:00Z,AE-DXB-01,758
2024-04-27T00:00:00Z,AE-DXB-02,765
2024-04-27T00:00:00Z,AE-DXB-03,737
2024-04-27T00:00:00Z,AE-WEB-01,1008
2024-04-28T00:00:00Z,AE-DXB-01,740
2024-04-28T00:00:00Z,AE-DXB-02,739
2024-04-28T00:00:00Z,AE-DXB-03,701
2024-04-28T00:00:00Z,AE-WEB-01,1061
2024-04-29T00:00:00Z,AE-DXB-01,747
2024-04-29T00:00:00Z,AE-DXB-02,736
2024-04-29T00:00:00Z,AE-DXB-03,765
2024-04-29T00:00:00Z,AE-WEB-01,1008
2024-04-30T00:00:00Z,AE-DXB-01,756
2024-04-30T00:00:00Z,AE-DXB-02,748
2024-04-30T00:00:00Z,AE-DXB-03,736
2024-04-30T00:00:00Z,AE-WEB-01,1031
2026-02-01T00:00:00Z,AE-DXB-01,706
2026-02-01T00:00:00Z,AE-DXB-02,762
2026-02-01T00:00:00Z,AE-DXB-03,746
2026-02-01T00:00:00Z,AE-WEB-01,1048
2026-02-02T00:00:00Z,AE-DXB-01,755
2026-02-02T00:00:00Z,AE-DXB-02,699
2026-02-02T00:00:00Z,AE-DXB-03,704
2026-02-02T00:00:00Z,AE-WEB-01,1082
2026-02-03T00:00:00Z,AE-DXB-01,762
2026-02-03T00:00:00Z,AE-DXB-02,737
2026-02-03T00:00:00Z,AE-DXB-03,692
2026-02-03T00:00:00Z,AE-WEB-01,1087
2026-02-04T00:00:00Z,AE-DXB-01,761
2026-02-04T00:00:00Z,AE-DXB-02,740
2026-02-04T00:00:00Z,AE-DXB-03,746
2026-02-04T00:00:00Z,AE-WEB-01,1047
2026-02-05T00:00:00Z,AE-DXB-01,699
2026-02-05T00:00:00Z,AE-DXB-02,682
2026-02-05T00:00:00Z,AE-DXB-03,742
2026-02-05T00:00:00Z,AE-WEB-01,1045
2026-02-06T00:00:00Z,AE-DXB-01,762
2026-02-06T00:00:00Z,AE-DXB-02,764
2026-02-06T00:00:00Z,AE-DXB-03,732
2026-02-06T00:00:00Z,AE-WEB-01,1058
2026-02-07T00:00:00Z,AE-DXB-01,703
2026-02-07T00:00:00Z,AE-DXB-02,748
2026-02-07T00:00:00Z,AE-DXB-03,706
2026-02-07T00:00:00Z,AE-WEB-01,1030
2026-02-08T00:00:00Z,AE-DXB-01,719
2026-02-08T00:00:00Z,AE-DXB-02,695
2026-02-08T00:00:00Z,AE-DXB-03,729
2026-02-08T00:00:00Z,AE-WEB-01,1020
2026-02-09T00:00:00Z,AE-DXB-01,738
2026-02-09T00:00:00Z,AE-DXB-02,726
2026-02-09T00:00:00Z,AE-DXB-03,721
2026-02-09T00:00:00Z,AE-WEB-01,1062
2026-02-10T00:00:00Z,AE-DXB-01,748
2026-02-10T00:00:00Z,AE-DXB-02,723
2026-02-10T00:00:00Z,AE-DXB-03,720
2026-02-10T00:00:00Z,AE-WEB-01,1012
2026-02-11T00:00:00Z,AE-DXB-01,747
2026-02-11T00:00:00Z,AE-DXB-02,692
2026-02-11T00:00:00Z,AE-DXB-03,745
2026-02-11T00:00:00Z,AE-WEB-01,1011
2026-02-12T00:00:00Z,AE-DXB-01,701
2026-02-12T00:00:00Z,AE-DXB-02,682
2026-02-12T00:00:00Z,AE-DXB-03,764
2026-02-12T00:00:00Z,AE-WEB-01,1049
2026-02-13T00:00:00Z,AE-DXB-01,735
2026-02-13T00:00:00Z,AE-DXB-02,680
2026-02-13T00:00:00Z,AE-DXB-03,727
2026-02-13T00:00:00Z,AE-WEB-01,1013
2026-02-14T00:00:00Z,AE-DXB-01,706
2026-02-14T00:00:00Z,AE-DXB-02,715
2026-02-14T00:00:00Z,AE-DXB-03,680
2026-02-14T00:00:00Z,AE-WEB-01,1073
2026-02-15T00:00:00Z,AE-DXB-01,744
2026-02-15T00:00:00Z,AE-DXB-02,749
2026-02-15T00:00:00Z,AE-DXB-03,699
2026-02-15T00:00:00Z,AE-WEB-01,1068
2026-02-16T00:00:00Z,AE-DXB-01,757
2026-02-16T00:00:00Z,AE-DXB-02,752
2026-02-16T00:00:00Z,AE-DXB-03,690
2026-02-16T00:00:00Z,AE-WEB-01,1053
2026-02-17T00:00:00Z,AE-DXB-01,682
2026-02-17T00:00:00Z,AE-DXB-02,698
2026-02-17T00:00:00Z,AE-DXB-03,702
2026-02-17T00:00:00Z,AE-WEB-01,1084
2026-02-18T00:00:00Z,AE-DXB-01,751
2026-02-18T00:00:00Z,AE-DXB-02,718
2026-02-18T00:00:00Z,AE-DXB-03,678
2026-02-18T00:00:00Z,AE-WEB-01,1059
2026-02-19T00:00:00Z,AE-DXB-01,750
2026-02-19T00:00:00Z,AE-DXB-02,700
2026-02-19T00:00:00Z,AE-DXB-03,751
2026-02-19T00:00:00Z,AE-WEB-01,1042
2026-02-20T00:00:00Z,AE-DXB-01,749
2026-02-20T00:00:00Z,AE-DXB-02,689
2026-02-20T00:00:00Z,AE-DXB-03,695
2026-02-20T00:00:00Z,AE-WEB-01,1067
2026-02-21T00:00:00Z,AE-DXB-01,748
2026-02-21T00:00:00Z,AE-DXB-02,736
2026-02-21T00:00:00Z,AE-DXB-03,751
2026-02-21T00:00:00Z,AE-WEB-01,1087
2026-02-22T00:00:00Z,AE-DXB-01,710
2026-02-22T00:00:00Z,AE-DXB-02,679
2026-02-22T00:00:00Z,AE-DXB-03,741
2026-02-22T00:00:00Z,AE-WEB-01,1021
2026-02-23T00:00:00Z,AE-DXB-01,744
2026-02-23T00:00:00Z,AE-DXB-02,706
2026-02-23T00:00:00Z,AE-DXB-03,695
2026-02-23T00:00:00Z,AE-WEB-01,1047
2026-02-24T00:00:00Z,AE-DXB-01,733
2026-02-24T00:00:00Z,AE-DXB-02,748
2026-02-24T00:00:00Z,AE-DXB-03,681
2026-02-24T00:00:00Z,AE-WEB-01,1033
2026-02-25T00:00:00Z,AE-DXB-01,753
2026-02-25T00:00:00Z,AE-DXB-02,724
2026-02-25T00:00:00Z,AE-DXB-03,737
2026-02-25T00:00:00Z,AE-WEB-01,1066
2026-02-26T00:00:00Z,AE-DXB-01,677
2026-02-26T00:00:00Z,AE-DXB-02,757
2026-02-26T00:00:00Z,AE-DXB-03,707
2026-02-26T00:00:00Z,AE-WEB-01,1024
2026-02-27T00:00:00Z,AE-DXB-01,709
2026-02-27T00:00:00Z,AE-DXB-02,680
2026-02-27T00:00:00Z,AE-DXB-03,749
2026-02-27T00:00:00Z,AE-WEB-01,1006
2026-02-28T00:00:00Z,AE-DXB-01,695
2026-02-28T00:00:00Z,AE-DXB-02,723
2026-02-28T00:00:00Z,AE-DXB-03,688
2026-02-28T00:00:00Z,AE-WEB-01,1079
2026-03-01T00:00:00Z,AE-DXB-01,148
2026-03-01T00:00:00Z,AE-DXB-02,117
2026-03-01T00:00:00Z,AE-DXB-03,155
2026-03-01T00:00:00Z,AE-WEB-01,1012
2026-03-02T00:00:00Z,AE-DXB-01,120
2026-03-02T00:00:00Z,AE-DXB-02,125
2026-03-02T00:00:00Z,AE-DXB-03,184
2026-03-02T00:00:00Z,AE-WEB-01,1083
2026-03-03T00:00:00Z,AE-DXB-01,153
2026-03-03T00:00:00Z,AE-DXB-02,139
2026-03-03T00:00:00Z,AE-DXB-03,131
2026-03-03T00:00:00Z,AE-WEB-01,1014
2026-03-04T00:00:00Z,AE-DXB-01,193
2026-03-04T00:00:00Z,AE-DXB-02,149
2026-03-04T00:00:00Z,AE-DXB-03,135
2026-03-04T00:00:00Z,AE-WEB-01,1007
2026-03-05T00:00:00Z,AE-DXB-01,178
2026-03-05T00:00:00Z,AE-DXB-02,110
2026-03-05T00:00:00Z,AE-DXB-03,181
2026-03-05T00:00:00Z,AE-WEB-01,1056
2026-03-06T00:00:00Z,AE-DXB-01,135
2026-03-06T00:00:00Z,AE-DXB-02,119
2026-03-06T00:00:00Z,AE-DXB-03,187
2026-03-06T00:00:00Z,AE-WEB-01,1078
2026-03-07T00:00:00Z,AE-DXB-01,112
2026-03-07T00:00:00Z,AE-DXB-02,161
2026-03-07T00:00:00Z,AE-DXB-03,188
2026-03-07T00:00:00Z,AE-WEB-01,1078
2026-03-08T00:00:00Z,AE-DXB-01,199
2026-03-08T00:00:00Z,AE-DXB-02,182
2026-03-08T00:00:00Z,AE-DXB-03,197
2026-03-08T00:00:00Z,AE-WEB-01,1095
2026-03-09T00:00:00Z,AE-DXB-01,159
2026-03-09T00:00:00Z,AE-DXB-02,116
2026-03-09T00:00:00Z,AE-DXB-03,180
2026-03-09T00:00:00Z,AE-WEB-01,1091
2026-03-10T00:00:00Z,AE-DXB-01,114
2026-03-10T00:00:00Z,AE-DXB-02,135
2026-03-10T00:00:00Z,AE-DXB-03,130
2026-03-10T00:00:00Z,AE-WEB-01,1043
2026-03-11T00:00:00Z,AE-DXB-01,157
2026-03-11T00:00:00Z,AE-DXB-02,200
2026-03-11T00:00:00Z,AE-DXB-03,169
2026-03-11T00:00:00Z,AE-WEB-01,1015
2026-03-12T00:00:00Z,AE-DXB-01,154
2026-03-12T00:00:00Z,AE-DXB-02,123
2026-03-12T00:00:00Z,AE-DXB-03,176
2026-03-12T00:00:00Z,AE-WEB-01,1051
2026-03-13T00:00:00Z,AE-DXB-01,116
2026-03-13T00:00:00Z,AE-DXB-02,117
2026-03-13T00:00:00Z,AE-DXB-03,131
2026-03-13T00:00:00Z,AE-WEB-01,1040
2026-03-14T00:00:00Z,AE-DXB-01,182
2026-03-14T00:00:00Z,AE-DXB-02,135
2026-03-14T00:00:00Z,AE-DXB-03,115
2026-03-14T00:00:00Z,AE-WEB-01,1030
2026-03-15T00:00:00Z,AE-DXB-01,360
2026-03-15T00:00:00Z,AE-DXB-02,376
2026-03-15T00:00:00Z,AE-DXB-03,377
2026-03-15T00:00:00Z,AE-WEB-01,1045
2026-03-16T00:00:00Z,AE-DXB-01,325
2026-03-16T00:00:00Z,AE-DXB-02,317
2026-03-16T00:00:00Z,AE-DXB-03,367
2026-03-16T00:00:00Z,AE-WEB-01,1064
2026-03-17T00:00:00Z,AE-DXB-01,357
2026-03-17T00:00:00Z,AE-DXB-02,370
2026-03-17T00:00:00Z,AE-DXB-03,365
2026-03-17T00:00:00Z,AE-WEB-01,1083
2026-03-18T00:00:00Z,AE-DXB-01,332
2026-03-18T00:00:00Z,AE-DXB-02,318
2026-03-18T00:00:00Z,AE-DXB-03,391
2026-03-18T00:00:00Z,AE-WEB-01,1014
2026-03-19T00:00:00Z,AE-DXB-01,379
2026-03-19T00:00:00Z,AE-DXB-02,394
2026-03-19T00:00:00Z,AE-DXB-03,360
2026-03-19T00:00:00Z,AE-WEB-01,1041
2026-03-20T00:00:00Z,AE-DXB-01,322
2026-03-20T00:00:00Z,AE-DXB-02,396
2026-03-20T00:00:00Z,AE-DXB-03,394
2026-03-20T00:00:00Z,AE-WEB-01,1013
2026-03-21T00:00:00Z,AE-DXB-01,369
2026-03-21T00:00:00Z,AE-DXB-02,339
2026-03-21T00:00:00Z,AE-DXB-03,373
2026-03-21T00:00:00Z,AE-WEB-01,1031
2026-03-22T00:00:00Z,AE-DXB-01,327
2026-03-22T00:00:00Z,AE-DXB-02,326
2026-03-22T00:00:00Z,AE-DXB-03,376
2026-03-22T00:00:00Z,AE-WEB-01,1053
2026-03-23T00:00:00Z,AE-DXB-01,317
2026-03-23T00:00:00Z,AE-DXB-02,329
2026-03-23T00:00:00Z,AE-DXB-03,376
2026-03-23T00:00:00Z,AE-WEB-01,1055
2026-03-24T00:00:00Z,AE-DXB-01,345
2026-03-24T00:00:00Z,AE-DXB-02,357
2026-03-24T00:00:00Z,AE-DXB-03,399
2026-03-24T00:00:00Z,AE-WEB-01,1070
2026-03-25T00:00:00Z,AE-DXB-01,372
2026-03-25T00:00:00Z,AE-DXB-02,372
2026-03-25T00:00:00Z,AE-DXB-03,402
2026-03-25T00:00:00Z,AE-WEB-01,1014
2026-03-26T00:00:00Z,AE-DXB-01,316
2026-03-26T00:00:00Z,AE-DXB-02,404
2026-03-26T00:00:00Z,AE-DXB-03,382
2026-03-26T00:00:00Z,AE-WEB-01,1071
2026-03-27T00:00:00Z,AE-DXB-01,338
2026-03-27T00:00:00Z,AE-DXB-02,365
2026-03-27T00:00:00Z,AE-DXB-03,372
2026-03-27T00:00:00Z,AE-WEB-01,1087
2026-03-28T00:00:00Z,AE-DXB-01,403
2026-03-28T00:00:00Z,AE-DXB-02,348
2026-03-28T00:00:00Z,AE-DXB-03,371
2026-03-28T00:00:00Z,AE-WEB-01,1089
2026-03-29T00:00:00Z,AE-DXB-01,325
2026-03-29T00:00:00Z,AE-DXB-02,397
2026-03-29T00:00:00Z,AE-DXB-03,367
2026-03-29T00:00:00Z,AE-WEB-01,1088
2026-03-30T00:00:00Z,AE-DXB-01,349
2026-03-30T00:00:00Z,AE-DXB-02,367
2026-03-30T00:00:00Z,AE-DXB-03,358
2026-03-30T00:00:00Z,AE-WEB-01,1033
2026-03-31T00:00:00Z,AE-DXB-01,317
2026-03-31T00:00:00Z,AE-DXB-02,326
2026-03-31T00:00:00Z,AE-DXB-03,320
2026-03-31T00:00:00Z,AE-WEB-01,1007
